,Year,Country,kgCO2 per USD,Continent,x_spiral,y_spiral
159,1971,Chile,1.664727468003222,South America,0.5,0.0
160,1972,Chile,1.6504072317193237,South America,0.5003140815798356,0.0015924907307720317
161,1973,Chile,1.68620782242907,South America,0.5006230879133629,0.003186980873254369
162,1974,Chile,1.6217667591515261,South America,0.5009270094545658,0.004783454242562638
163,1975,Chile,1.6181867000805514,South America,0.5012258367090743,0.006381894613300021
164,1976,Chile,1.6289268772934753,South America,0.5015195602343245,0.00798228571972216
165,1977,Chile,1.5394254005191086,South America,0.5018081706397204,0.009584611255902669
166,1978,Chile,1.4821444553835137,South America,0.5020916585867927,0.011188854875899264
167,1979,Chile,1.457084041886691,South America,0.5023700147893604,0.012795000193920518
168,1980,Chile,1.3998030967510964,South America,0.5026432300136877,0.014403030784493202
169,1981,Chile,1.3103016199767294,South America,0.5029112950786438,0.016012930182630253
170,1982,Chile,1.3103016199767294,South America,0.5031742008558607,0.01762468188399934
171,1983,Chile,1.392642978609147,South America,0.5034319382698905,0.019238269345092054
172,1984,Chile,1.3998030967510964,South America,0.5036844982983623,0.020853675983393664
173,1985,Chile,1.3317819744025776,South America,0.5039318719721385,0.022470885177553516
174,1986,Chile,1.2995614427638056,South America,0.5041740503754708,0.024089880267556006
175,1987,Chile,1.2351203794862613,South America,0.5044110246461556,0.025710644554892175
176,1988,Chile,1.392642978609147,South America,0.5046427859756882,0.027333161302731855
177,1989,Chile,1.5251051642352098,South America,0.5048693256094174,0.028957413736096456
178,1990,Chile,1.4427638056027925,South America,0.5050906348466988,0.030583385042032347
179,1991,Chile,1.2852412064799068,South America,0.5053067050410485,0.032211058369784794
180,1992,Chile,1.1957397297055403,South America,0.5055175276002943,0.03384041683097249
181,1993,Chile,1.188579611563591,South America,0.5057230939867293,0.03547144349976273
182,1994,Chile,1.2422804976282107,South America,0.5059233957172614,0.03710412141304707
183,1995,Chile,1.2422804976282107,South America,0.506118424363566,0.03873843357061773
184,1996,Chile,1.3711626241832993,South America,0.5063081715522347,0.04037436293534435
185,1997,Chile,1.4714042781705896,South America,0.5064926289649259,0.04201189243335154
186,1998,Chile,1.4284435693188937,South America,0.5066717883385128,0.043651004954196895
187,1999,Chile,1.5072048688803363,South America,0.5068456414652335,0.04529168335104965
188,2000,Chile,1.3246218562606282,South America,0.5070141801928375,0.046933910440869836
189,2001,Chile,1.2351203794862613,South America,0.5071773964247338,0.048577669004588056
190,2002,Chile,1.2136400250604136,South America,0.5073352821201369,0.05022294178728584
191,2003,Chile,1.188579611563591,South America,0.5074878292942144,0.051869711498376526
192,2004,Chile,1.2243802022733377,South America,0.507635030018231,0.053517960811786794
193,2005,Chile,1.1778394343506668,South America,0.5077768764196942,0.055167672366138634
194,2006,Chile,1.1384587845699454,South America,0.5079133606824989,0.056818828764931974
195,2007,Chile,1.2243802022733377,South America,0.5080444750470712,0.05847141257672791
196,2008,Chile,1.2458605566991854,South America,0.508170211810511,0.06012540633533233
197,2009,Chile,1.2172200841313883,South America,0.5082905633267353,0.06178079253998029
198,2010,Chile,1.2279602613443124,South America,0.5084055220066197,0.06343755365552076
199,2011,Chile,1.2673409111250336,South America,0.5085150803181407,0.06509567211260212
200,2012,Chile,1.2243802022733377,South America,0.5086192307865153,0.06675513030785801
201,2013,Chile,1.2566007339121095,South America,0.5087179659943419,0.06841591060409392
202,2014,Chile,1.1384587845699454,South America,0.5088112785817401,0.07007799533047414
203,2015,Chile,1.1993197887765148,South America,0.5088991612464895,0.07174136678270943
204,2016,Chile,1.2387004385572362,South America,0.5089816067441675,0.07340600722324508
205,2017,Chile,1.2315403204152868,South America,0.5090586078882882,0.07507189888144963
206,2018,Chile,1.1814194934216415,South America,0.5091301575504381,0.0767390239538041
207,2019,Chile,1.2458605566991854,South America,0.5091962486604147,0.07840736460409169
208,2020,Chile,1.220800143202363,South America,0.50925687420636,0.0800769029635881
209,2021,Chile,1.1133983710731226,South America,0.5093120272348977,0.08174762113125239
210,2022,Chile,1.109818312002148,South America,0.5093617008512669,0.08341950117391823
211,2023,Chile,0.9666159491631612,South America,0.5094058882194562,0.0850925251264859
318,1971,Mexico,1.109818312002148,North America,0.5094445825623378,0.08676667499211466
319,1972,Mexico,1.163519198066768,North America,0.5094777771617995,0.08844193274241564
320,1973,Mexico,1.1921596706345654,North America,0.5095054653588773,0.09011828031764536
321,1974,Mexico,1.2279602613443124,North America,0.5095276405538864,0.09179569962689971
322,1975,Mexico,1.220800143202363,North America,0.509544296206553,0.0934741725483084
323,1976,Mexico,1.2601807929830842,North America,0.5095554258361437,0.0951536809292301
324,1977,Mexico,1.2959813836928307,North America,0.5095610230215954,0.09683420658644781
325,1978,Mexico,1.3103016199767294,North America,0.5095610814016442,0.09851573130636503
326,1979,Mexico,1.2924013246218564,North America,0.5095555946749544,0.10019823684520232
327,1980,Mexico,1.3138816790477041,North America,0.5095445566002448,0.10188170492919424
328,1981,Mexico,1.2852412064799068,North America,0.5095279609964168,0.10356611725478712
329,1982,Mexico,1.3496822697574509,North America,0.5095058017426807,0.10525145548883698
330,1983,Mexico,1.3747426832542735,North America,0.509478072778681,0.10693770126880821
331,1984,Mexico,1.3747426832542735,North America,0.5094447681046216,0.10862483620297257
332,1985,Mexico,1.403383155822071,North America,0.5094058817813906,0.11031284187060893
333,1986,Mexico,1.4535039828157164,North America,0.5093614079306832,0.11200169982220307
334,1987,Mexico,1.4821444553835137,North America,0.5093113407351262,0.11369139157964857
335,1988,Mexico,1.457084041886691,North America,0.5092556744383988,0.11538189863644768
336,1989,Mexico,1.4821444553835137,North America,0.5091944033453558,0.11707320245791293
337,1990,Mexico,1.3819028013962231,North America,0.5091275218221475,0.11876528448136908
338,1991,Mexico,1.4248635102479192,North America,0.5090550242963413,0.12045812611635588
339,1992,Mexico,1.3890629195381723,North America,0.5089769052570405,0.12215170874483085
340,1993,Mexico,1.3854828604671978,North America,0.5088931592550042,0.12384601372137283
341,1994,Mexico,1.4391837465318178,North America,0.5088037809027648,0.12554102237338596
342,1995,Mexico,1.4391837465318178,North America,0.508708764874747,0.12723671600130423
343,1996,Mexico,1.4177033921059699,North America,0.5086081059073836,0.1289330758787963
344,1997,Mexico,1.403383155822071,North America,0.5085017987992329,0.13063008325297076
345,1998,Mexico,1.4105432739640205,North America,0.5083898384110936,0.13232771934458226
346,1999,Mexico,1.3353620334735523,North America,0.508272219666121,0.1340259653482377
347,2000,Mexico,1.3640025060413496,North America,0.50814893754994,0.13572480243260307
348,2001,Mexico,1.3711626241832993,North America,0.5080199871107596,0.13742421174061062
349,2002,Mexico,1.403383155822071,North America,0.5078853634594855,0.13912417438966654
350,2003,Mexico,1.457084041886691,North America,0.5077450617698333,0.1408246714718595
351,2004,Mexico,1.4427638056027925,North America,0.5075990772784386,0.1425256840541688
352,2005,Mexico,1.4714042781705896,North America,0.5074474052849691,0.14422719317867375
353,2006,Mexico,1.4535039828157164,North America,0.5072900411522345,0.14592917986276308
354,2007,Mexico,1.4427638056027925,North America,0.5071269803062961,0.14763162509934505
355,2008,Mexico,1.4356036874608433,North America,0.5069582182365753,0.14933450985705787
356,2009,Mexico,1.4964646916674123,North America,0.5067837504959619,0.15103781508048042
357,2010,Mexico,1.4785643963125392,North America,0.5066035727009216,0.15274152169034363
358,2011,Mexico,1.4821444553835137,North America,0.5064176805316032,0.15444561058374257
359,2012,Mexico,1.4391837465318178,North America,0.5062260697319436,0.15615006263434805
360,2013,Mexico,1.396223037680122,North America,0.5060287361097738,0.1578548586926198
361,2014,Mexico,1.317461738118679,North America,0.5058256755369235,0.1595599795860192
362,2015,Mexico,1.306721560905755,North America,0.5056168839493247,0.16126540611922296
363,2016,Mexico,1.2924013246218564,North America,0.5054023573471152,0.16297111907433703
364,2017,Mexico,1.270920970196008,North America,0.5051820917947412,0.16467709921111082
365,2018,Mexico,1.1670992571377428,North America,0.5049560834210581,0.1663833272671521
366,2019,Mexico,1.2064799069184642,North America,0.5047243284194329,0.16808978395814214
367,2020,Mexico,1.1241385482860469,North America,0.5044868230478438,0.16979644997805152
368,2021,Mexico,1.0883379575763,North America,0.5042435636289795,0.17150330599935576
369,2022,Mexico,1.0561174259375279,North America,0.5039945465503389,0.17321033267325217
370,2023,Mexico,1.0238968942987559,North America,0.503739768264329,0.1749175106298766
371,1971,United States,2.874787433992661,North America,0.5034792252883618,0.1766248204785204
372,1972,United States,2.8819475521346103,North America,0.5032129142049514,0.17833224280784868
373,1973,United States,2.8246666069990156,North America,0.5029408316618104,0.18003975818611775
374,1974,United States,2.749485366508547,North America,0.5026629743719443,0.1817473471613941
375,1975,United States,2.645663653450282,North America,0.502379339113747,0.18345499026177317
376,1976,United States,2.6599838897341805,North America,0.5020899227310939,0.18516266799559838
377,1977,United States,2.631343417166383,North America,0.5017947221334349,0.18687036085168107
378,1978,United States,2.4881410543273965,North America,0.5014937342958873,0.18857804929952038
379,1979,United States,2.427280050120827,North America,0.5011869562593271,0.19028571378952405
380,1980,United States,2.330618455204511,North America,0.5008743851304798,0.19199333475322872
381,1981,United States,2.241116978430144,North America,0.5005560180820103,0.19370089260352163
382,1982,United States,2.1766759151526,North America,0.5002318523526128,0.19540836773486198
383,1983,United States,2.065694083952385,North America,0.4999018852470993,0.19711574052350306
384,1984,United States,2.011993197887765,North America,0.49956611413648694,0.1988229913277145
385,1985,United States,1.9439720755392464,North America,0.49922453645808573,0.20053010048800501
386,1986,United States,1.8652107759778036,North America,0.4988771497155847,0.20223704832734565
387,1987,United States,1.8652107759778036,North America,0.49852395147913797,0.20394381515139323
388,1988,United States,1.872370894119753,North America,0.49816493938544865,0.205650381248714
389,1989,United States,1.8294101852680569,North America,0.497800111137854,0.20735672689100806
390,1990,United States,1.7578090038485636,North America,0.4974294645064082,0.20906283233333398
391,1991,United States,1.7470688266356393,North America,0.49705299732796554,0.21076867781433362
392,1992,United States,1.7112682359258926,North America,0.4966707075062615,0.21247424355645742
393,1993,United States,1.7041081177839434,North America,0.4962825930119947,0.21417950976619002
394,1994,United States,1.664727468003222,North America,0.4958886518829065,0.21588445663427647
395,1995,United States,1.636086995435425,North America,0.4954888822238614,0.21758906433594832
396,1996,United States,1.6253468182225006,North America,0.49508328220692516,0.21929331303115057
397,1997,United States,1.636086995435425,North America,0.4946718500714432,0.22099718286476847
398,1998,United States,1.57880605029983,North America,0.49425458412411777,0.222700653966855
399,1999,United States,1.510784927951311,North America,0.49383148273908506,0.22440370645285881
400,2000,United States,1.4964646916674123,North America,0.4934025443579899,0.2261063204238519
401,2001,United States,1.4749843372415645,North America,0.49296776749006177,0.2278084759667583
402,2002,United States,1.4105432739640205,North America,0.4925271507121884,0.2295101531545826
403,2003,United States,1.3890629195381723,North America,0.4920806926689896,0.23121133204663932
404,2004,United States,1.3532623288284258,North America,0.4916283920728899,0.2329119926887819
405,2005,United States,1.3138816790477041,North America,0.49117024770419015,0.23461211511363272
406,2006,United States,1.2530206748411348,North America,0.49070625841113896,0.23631167934081287
407,2007,United States,1.24944061577016,North America,0.4902364231100032,0.23801066537717286
408,2008,United States,1.2100599659894389,North America,0.4897607407851371,0.23970905321702285
409,2009,United States,1.1527790208538442,North America,0.4892792104890515,0.24140682284236392
410,2010,United States,1.1742593752796922,North America,0.4887918313424816,0.24310395422311926
411,2011,United States,1.1062382529311734,North America,0.48829860253445456,0.24480042731736587
412,2012,United States,1.0346370715116797,North America,0.4877995233223553,0.24649622207156627
413,2013,United States,1.041797189653629,North America,0.48729459303199296,0.24819131842080086
414,2014,United States,1.0167367761568065,North America,0.4867838110576652,0.24988569628900034
415,2015,United States,0.9630358900921866,North America,0.4862671768622225,0.2515793355891786
416,2016,United States,0.9308153584534146,North America,0.4857446899771316,0.2532722162236658
417,2017,United States,0.8914347086726931,North America,0.485216350002538,0.2549643180843416
418,2018,United States,0.8950147677436677,North America,0.4846821566073272,0.2566556210528691
419,2019,United States,0.8448939407500223,North America,0.4841421095291865,0.2583461050009286
420,2020,United States,0.7732927593305289,North America,0.4835962085746645,0.26003574979045196
421,2021,United States,0.7804528774724783,North America,0.48304445361923043,0.26172453527385714
422,2022,United States,0.7768728184015037,North America,0.48248684460733327,0.26341244129428293
423,2023,United States,0.7446522867627315,North America,0.4819233815524588,0.265099447685824
424,1971,OECD Americas,2.767385661863421,North America,0.48135406453718727,0.2667855342737665
425,1972,OECD Americas,2.7745457800053703,North America,0.480778893713249,0.26847068087482345
426,1973,OECD Americas,2.72084489394075,North America,0.4801978693015799,0.2701548672973707
427,1974,OECD Americas,2.6528237715922316,North America,0.47961099159237613,0.2718380733416831
428,1975,OECD Americas,2.5239416450371426,North America,0.479018260945148,0.27352027880017116
429,1976,OECD Americas,2.534681822250067,North America,0.4784196777887725,0.27520146345761726
430,1977,OECD Americas,2.513201467824219,North America,0.4778152426215456,0.276881607091413
431,1978,OECD Americas,2.384319341269131,North America,0.47720495601123397,0.27856068947179624
432,1979,OECD Americas,2.327038396133536,North America,0.4765888185951251,0.28023869036208854
433,1980,OECD Americas,2.237536919359169,North America,0.47596683108007715,0.28191558951893303
434,1981,OECD Americas,2.1408753244428533,North America,0.4753389942425677,0.2835913666925321
435,1982,OECD Americas,2.090754497449208,North America,0.47470530892874213,0.2852660016268856
436,1983,OECD Americas,2.0012530206748416,North America,0.47406577605446104,0.28693947406002973
437,1984,OECD Americas,1.9547122527521705,North America,0.47342039660534624,0.28861176372427516
438,1985,OECD Americas,1.8938512485456012,North America,0.47276917163682686,0.290282850346446
439,1986,OECD Americas,1.8222500671261077,North America,0.47211210227418376,0.29195271364811937
440,1987,OECD Americas,1.8222500671261077,North America,0.47144918971259436,0.29362133334586427
441,1988,OECD Americas,1.8329902443390318,North America,0.4707804352171749,0.2952886891514816
442,1989,OECD Americas,1.797189653629285,North America,0.4701058401230235,0.2969547607722435
443,1990,OECD Americas,1.7220084131388167,North America,0.4694254058352615,0.2986195279111338
444,1991,OECD Americas,1.7112682359258926,North America,0.4687391338290744,0.30028297026708817
445,1992,OECD Americas,1.6826277633580953,North America,0.46804702564975165,0.3019450675352345
446,1993,OECD Americas,1.6754676452161463,North America,0.46734908291272576,0.3036057994071336
447,1994,OECD Americas,1.6396670545063994,North America,0.4666453073036107,0.30526514557102014
448,1995,OECD Americas,1.6181867000805514,North America,0.4659357005782395,0.306923085712044
449,1996,OECD Americas,1.6074465228676273,North America,0.46522026456270077,0.308579599512511
450,1997,OECD Americas,1.6146066410095767,North America,0.4644990011533742,0.3102346666521252
451,1998,OECD Americas,1.5644858140159312,North America,0.4637719123169663,0.31188826680822945
452,1999,OECD Americas,1.5000447507383872,North America,0.46303900009054416,0.31354037965604886
453,2000,OECD Americas,1.4857245144544884,North America,0.4623002665815686,0.3151909848689314
454,2001,OECD Americas,1.4642441600286404,North America,0.461555713967927,0.3168400621185912
455,2002,OECD Americas,1.4105432739640205,North America,0.460805344497965,0.3184875910753506
456,2003,OECD Americas,1.396223037680122,North America,0.4600491604905175,0.3201335514083828
457,2004,OECD Americas,1.360422446970375,North America,0.45928716433493805,0.321777922785955
458,2005,OECD Americas,1.3246218562606282,North America,0.45851935849112874,0.3234206848756711
459,2006,OECD Americas,1.2673409111250336,North America,0.45774574548956826,0.32506181734471506
460,2007,OECD Americas,1.2673409111250336,North America,0.4569663279313397,0.32670129986009416
461,2008,OECD Americas,1.2279602613443124,North America,0.4561811084881567,0.3283391120888829
462,2009,OECD Americas,1.1814194934216415,North America,0.4553900899023899,0.3299752336984661
463,2010,OECD Americas,1.1957397297055403,North America,0.4545932749870916,0.3316096443567835
464,2011,OECD Americas,1.1420388436409201,North America,0.4537906666260203,0.33324232373257306
465,2012,OECD Americas,1.0740177212924014,North America,0.45298226777366357,0.33487325149561603
466,2013,OECD Americas,1.077597780363376,North America,0.4521680814552611,0.3365024073169803
467,2014,OECD Americas,1.0489573077955785,North America,0.45134811076682585,0.33812977086926577
468,2015,OECD Americas,1.0024165398729081,North America,0.45052235887516545,0.33975532182684864
469,2016,OECD Americas,0.9737760673051106,North America,0.4496908290179016,0.3413790398661262
470,2017,OECD Americas,0.937975476595364,North America,0.44885352450348964,0.34300090466576194
471,2018,OECD Americas,0.9343954175243891,North America,0.44801044871123696,0.34462089590693035
472,2019,OECD Americas,0.8878546496017183,North America,0.44716160509131986,0.3462389932735625
473,2020,OECD Americas,0.8198335272531997,North America,0.44630699716480093,0.3478551764525915
474,2021,OECD Americas,0.8198335272531997,North America,0.4454466285236443,0.34946942513419743
475,2022,OECD Americas,0.8126734091112503,North America,0.4445805028307308,0.35108171901205354
476,2023,OECD Americas,0.784032936543453,North America,0.44370862381987203,0.35269203778357183
530,1971,Israel,1.0382171305826546,Asia,0.4428309952958235,0.35430036115014885
531,1972,Israel,0.970196008234136,Asia,0.44194762113429714,0.35590666881741184
532,1973,Israel,0.9988364808019333,Asia,0.44105850528197277,0.35751094049546484
533,1974,Israel,0.9487156538082879,Asia,0.440163651756509,0.35911315589913473
534,1975,Israel,0.9522957128792625,Asia,0.43926306464655296,0.36071329474821806
535,1976,Israel,0.9522957128792625,Asia,0.43835674811174913,0.36231133676772725
536,1977,Israel,0.9952564217309587,Asia,0.4374447063827476,0.36390726168813686
537,1978,Israel,1.0059965989438826,Asia,0.4365269437612114,0.36550104924563076
538,1979,Israel,0.970196008234136,Asia,0.43560346461982336,0.3670926791823489
539,1980,Israel,0.9272352993824398,Asia,0.4346742734022908,0.3686821312466338
540,1981,Israel,0.9236552403114652,Asia,0.4337393746233512,0.3702693851932778
541,1982,Israel,0.970196008234136,Asia,0.4327987728687753,0.37185442078377
542,1983,Israel,0.9845162445180345,Asia,0.43185247279537115,0.37343721778654393
543,1984,Israel,1.0024165398729081,Asia,0.4309004791309849,0.375017755977224
544,1985,Israel,1.0310570124407052,Asia,0.42994279667450347,0.37659601513887325
545,1986,Israel,1.0919180166472746,Asia,0.42897943029585417,0.378171975062241
546,1987,Israel,1.1026581938601987,Asia,0.428010384936005,0.3797456155460098
547,1988,Israel,1.1277186073570213,Asia,0.42703566560696266,0.3813169163970434
548,1989,Israel,1.156359079924819,Asia,0.42605527739177085,0.38288585743063447
549,1990,Israel,1.1133983710731226,Asia,0.4250692254445076,0.38445241847075173
550,1991,Israel,1.0811778394343505,Asia,0.42407751499028096,0.38601657935028844
551,1992,Israel,1.077597780363376,Asia,0.42308015132522464,0.3875783199113098
552,1993,Israel,1.1384587845699454,Asia,0.42207713981649236,0.38913762000530094
553,1994,Israel,1.1420388436409201,Asia,0.42106848590225143,0.39069445949341497
554,1995,Israel,1.1169784301440975,Asia,0.42005419509167585,0.3922488182467209
555,1996,Israel,1.1062382529311734,Asia,0.41903427296493767,0.39380067614645187
556,1997,Israel,1.1169784301440975,Asia,0.41800872517319854,0.3953500130842529
557,1998,Israel,1.0740177212924014,Asia,0.4169775574385994,0.3968968089624293
558,1999,Israel,1.066857603150452,Asia,0.41594077555425046,0.3984410436941952
559,2000,Israel,1.0632775440794773,Asia,0.41489838538421886,0.39998269720392104
560,2001,Israel,1.0883379575763,Asia,0.413850392863517,0.4015217494273825
561,2002,Israel,1.1491989617828695,Asia,0.4127968039980886,0.40305818031200835
562,2003,Israel,1.1670992571377428,Asia,0.4117376248647954,0.4045919698171293
563,2004,Israel,1.1169784301440975,Asia,0.4106728616114013,0.4061230979142259
564,2005,Israel,1.0310570124407052,Asia,0.409602520456557,0.40765154458717723
565,2006,Israel,1.0274769533697306,Asia,0.4085266076897832,0.40917728983250895
566,2007,Israel,1.0059965989438826,Asia,0.407445129671453,0.4107003136596422
567,2008,Israel,0.9773561263760853,Asia,0.40635809283277363,0.41222059609114214
568,2009,Israel,0.9558757719502373,Asia,0.4052655036757667,0.4137381171629656
569,2010,Israel,0.970196008234136,Asia,0.4041673687732484,0.4152528569247103
570,2011,Israel,0.9057549449565917,Asia,0.40306369476880854,0.4167647954398632
571,2012,Israel,0.9666159491631612,Asia,0.40195448837678827,0.41827391278604903
572,2013,Israel,0.8126734091112503,Asia,0.4008397563822578,0.41978018905527814
573,2014,Israel,0.7553924639756555,Asia,0.3997195056409919,0.421283604354196
574,2015,Israel,0.7553924639756555,Asia,0.3985937430794467,0.42278413880433097
575,2016,Israel,0.7160118141949343,Asia,0.3974624756947334,0.4242817725423431
576,2017,Israel,0.6945314597690861,Asia,0.396325710554592,0.4257764857202725
577,2018,Israel,0.6229302783495927,Asia,0.39518345479736466,0.4272682585057875
578,2019,Israel,0.6193502192786181,Asia,0.3940357156319678,0.4287570710824337
579,2020,Israel,0.5907097467108208,Asia,0.39288250033786265,0.4302429036498818
580,2021,Israel,0.533428801575226,Asia,0.3917238162650261,0.4317257364241764
581,2022,Israel,0.522688624362302,Asia,0.39055967083392,0.433205549637984
582,2023,Israel,0.5012082699364541,Asia,0.3893900715354595,0.43468232354084163
583,1971,Japan,1.7649691219905128,Asia,0.3882150259309815,0.4361560383994051
584,1972,Japan,1.7112682359258926,Asia,0.38703454165221035,0.4376266744976972
585,1973,Japan,1.8007697127002595,Asia,0.3858486264012245,0.4390942121373557
586,1974,Japan,1.8007697127002595,Asia,0.3846572879504221,0.4405586316378823
587,1975,Japan,1.6754676452161463,Asia,0.38346053414248404,0.4420199133368897
588,1976,Japan,1.6611474089322475,Asia,0.3822583728903382,0.44347803759035065
589,1977,Japan,1.636086995435425,Asia,0.3810508121771217,0.4449329847728454
590,1978,Japan,1.5465855186610578,Asia,0.37983786005614245,0.4463847352778098
591,1979,Japan,1.5000447507383872,Asia,0.37861952465084026,0.44783326951778385
592,1980,Japan,1.3819028013962231,Asia,0.37739581415474605,0.4492785679246584
593,1981,Japan,1.2888212655508815,Asia,0.3761667368314417,0.4507206109499242
594,1982,Japan,1.2064799069184642,Asia,0.3749323010145176,0.4521593790649187
595,1983,Japan,1.1742593752796922,Asia,0.37369251510753027,0.4535948527610745
596,1984,Japan,1.2064799069184642,Asia,0.37244738758395873,0.45502701255016614
597,1985,Japan,1.120558489215072,Asia,0.3711969269871599,0.4564558389645585
598,1986,Japan,1.0847578985053254,Asia,0.3699411419303234,0.4578813125574535
599,1987,Japan,1.041797189653629,Asia,0.36868004109642566,0.45930341390313834
600,1988,Japan,1.0525373668665532,Asia,0.3674136332381823,0.46072212359723186
601,1989,Japan,1.0310570124407052,Asia,0.3661419271780007,0.4621374222569323
602,1990,Japan,1.066857603150452,Asia,0.36486493180793084,0.46354929052126426
603,1991,Japan,1.041797189653629,Asia,0.3635826560896162,0.46495770905132605
604,1992,Japan,1.045377248724604,Asia,0.36229510905424284,0.4663626585305362
605,1993,Japan,1.041797189653629,Asia,0.3610022998024878,0.46776411966488046
606,1994,Japan,1.0811778394343505,Asia,0.3597042375044674,0.46916207318315845
607,1995,Japan,1.0632775440794773,Asia,0.358400931399684,0.47055649983723064
608,1996,Japan,1.041797189653629,Asia,0.35709239079697164,0.47194738040226447
609,1997,Japan,1.0238968942987559,Asia,0.3557786250744415,0.4733346956769809
610,1998,Japan,1.0024165398729081,Asia,0.3544596436794263,0.47471842648390083
611,1999,Japan,1.041797189653629,Asia,0.3531354561284235,0.4760985536695912
612,2000,Japan,1.0274769533697306,Asia,0.35180607200703784,0.477475058104911
613,2001,Japan,1.013156717085832,Asia,0.35047150096992324,0.47884792068525717
614,2002,Japan,1.045377248724604,Asia,0.34913175274072333,0.48021712233081076
615,2003,Japan,1.0382171305826546,Asia,0.34778683711201175,0.4815826439867822
616,2004,Japan,1.009576658014857,Asia,0.34643676394523104,0.48294446662365714
617,2005,Japan,0.9988364808019333,Asia,0.34508154317063067,0.48430257123744175
618,2006,Japan,0.9666159491631612,Asia,0.343721184787205,0.48565693884990785
619,2007,Japan,0.98093618544706,Asia,0.34235569886262907,0.48700755050883865
620,2008,Japan,0.937975476595364,Asia,0.3409850955331949,0.4883543872882729
621,2009,Japan,0.9487156538082879,Asia,0.33960938500374555,0.48969743028875057
622,2010,Japan,0.9594558310212119,Asia,0.3382285775476097,0.4910366606375569
623,2011,Japan,1.0059965989438826,Asia,0.33684268350653424,0.49237205948896734
624,2012,Japan,1.0274769533697306,Asia,0.3354517132906168,0.49370360802449204
625,2013,Japan,1.0167367761568065,Asia,0.3340556773782366,0.4950312874531196
626,2014,Japan,0.970196008234136,Asia,0.33265458631598543,0.4963550790115615
627,2015,Japan,0.9272352993824398,Asia,0.33124845071859693,0.4976749639644963
628,2016,Japan,0.9057549449565917,Asia,0.3298372812688753,0.4989909236048127
629,2017,Japan,0.8806945314597691,Asia,0.32842108871762327,0.5003029392538535
630,2018,Japan,0.8448939407500223,Asia,0.3269998838835692,0.5016109922616593
631,2019,Japan,0.8198335272531997,Asia,0.32557367765329304,0.5029150640072108
632,2020,Japan,0.8090933500402757,Asia,0.3241424809811518,0.5042151358986731
633,2021,Japan,0.8019332318983263,Asia,0.3227063048892036,0.5055111893736376
634,2022,Japan,0.7697127002595543,Asia,0.3212651604671317,0.506803205899365
635,2023,Japan,0.7124317551239596,Asia,0.3198190588721673,0.5080911669730278
689,1971,New Zealand,0.784032936543453,Oceania,0.31836801132901044,0.5093750541219527
690,1972,New Zealand,0.8556341179629463,Oceania,0.3169120291297523,0.5106548489038624
691,1973,New Zealand,0.8556341179629463,Oceania,0.3154511236337942,0.5119305329071179
692,1974,New Zealand,0.8413138816790476,Oceania,0.31398530626776777,0.5132020877509595
693,1975,New Zealand,0.8090933500402757,Oceania,0.31251458852545266,0.5144694950857499
694,1976,New Zealand,0.8878546496017183,Oceania,0.3110389819676947,0.5157327365932131
695,1977,New Zealand,0.9522957128792625,Oceania,0.3095584982223219,0.5169917939866776
696,1978,New Zealand,0.9236552403114652,Oceania,0.3080731489840612,0.5182466490113161
697,1979,New Zealand,0.8126734091112503,Oceania,0.30658294601445246,0.519497283444387
698,1980,New Zealand,0.8090933500402757,Oceania,0.30508790114176376,0.5207436790954736
699,1981,New Zealand,0.7732927593305289,Oceania,0.30358802626090337,0.5219858178067256
700,1982,New Zealand,0.8305737044661238,Oceania,0.30208333333333337,0.5232236814530983
701,1983,New Zealand,0.8377338226080732,Oceania,0.30057383438698043,0.524457251942593
702,1984,New Zealand,0.8019332318983263,Oceania,0.2990595415161471,0.5256865112164955
703,1985,New Zealand,0.8090933500402757,Oceania,0.2975404668814211,0.5269114412496168
704,1986,New Zealand,0.7518124049046809,Oceania,0.296016622709585,0.5281320240505307
705,1987,New Zealand,0.7876129956144275,Oceania,0.29448802129352375,0.5293482416618139
706,1988,New Zealand,0.8341537635370984,Oceania,0.2929546749921327,0.5305600761602839
707,1989,New Zealand,0.8377338226080732,Oceania,0.2914165962302232,0.531767509657237
708,1990,New Zealand,0.8842745905307438,Oceania,0.28987379749842923,0.5329705242986873
709,1991,New Zealand,0.9093350040275665,Oceania,0.28832629135311133,0.5341691022656041
710,1992,New Zealand,0.9737760673051106,Oceania,0.28677409041626123,0.5353632257741491
711,1993,New Zealand,0.9129150630985411,Oceania,0.2852172073754041,0.5365528770759144
712,1994,New Zealand,0.8735344133178197,Oceania,0.28365565498350176,0.5377380384581588
713,1995,New Zealand,0.8377338226080732,Oceania,0.2820894460588532,0.5389186922440456
714,1996,New Zealand,0.8413138816790476,Oceania,0.2805185934849959,0.5400948207928782
715,1997,New Zealand,0.8950147677436677,Oceania,0.278943110210605,0.5412664065003366
716,1998,New Zealand,0.8771144723887945,Oceania,0.2773630092493921,0.5424334317987137
717,1999,New Zealand,0.8806945314597691,Oceania,0.275778303680004,0.5435958791571509
718,2000,New Zealand,0.8735344133178197,Oceania,0.27418900664591883,0.5447537310818733
719,2001,New Zealand,0.9129150630985411,Oceania,0.2725951313553434,0.5459069701164249
720,2002,New Zealand,0.8699543542468451,Oceania,0.2709966910811079,0.5470555788419036
721,2003,New Zealand,0.8842745905307438,Oceania,0.26939369916056133,0.548199539877196
722,2004,New Zealand,0.8305737044661238,Oceania,0.26778616899546437,0.5493388358792113
723,2005,New Zealand,0.8377338226080732,Oceania,0.2661741140518833,0.5504734495431152
724,2006,New Zealand,0.8162534681822251,Oceania,0.2645575478600814,0.5516033636025642
725,2007,New Zealand,0.7589725230466303,Oceania,0.26293648401441094,0.5527285608299383
726,2008,New Zealand,0.784032936543453,Oceania,0.2613109361732029,0.5538490240365748
727,2009,New Zealand,0.7231719323368836,Oceania,0.2596809180586575,0.5549647360730001
728,2010,New Zealand,0.7088516960529849,Oceania,0.25804644345673194,0.5560756798291636
729,2011,New Zealand,0.6802112234851875,Oceania,0.2564075262170295,0.5571818382346686
730,2012,New Zealand,0.7016915779110355,Oceania,0.25476418025268566,0.5582831942590047
731,2013,New Zealand,0.6802112234851875,Oceania,0.25311641954025516,0.5593797309117793
732,2014,New Zealand,0.6551508099883647,Oceania,0.251464258119597,0.5604714312429488
733,2015,New Zealand,0.6372505146334915,Oceania,0.2498077100937594,0.5615582783430496
734,2016,New Zealand,0.5942898057817955,Oceania,0.24814678962886347,0.5626402553434284
735,2017,New Zealand,0.6086100420656941,Oceania,0.2464815109539863,0.5637173454164729
736,2018,New Zealand,0.5763895104269221,Oceania,0.24481188836104262,0.5647895317758411
737,2019,New Zealand,0.5835496285688714,Oceania,0.2431379362046673,0.5658567976766915
738,2020,New Zealand,0.5513290969300993,Oceania,0.24145966890209442,0.566919126415912
739,2021,New Zealand,0.5262686834332766,Oceania,0.2397771009330382,0.5679765013323488
740,2022,New Zealand,0.47614785643963126,Oceania,0.23809024683957083,0.5690289058070349
741,2023,New Zealand,0.4618276201557326,Oceania,0.2363991212260014,0.5700763232634185
742,1971,OECD Asia Oceania,1.7255884722097914,Asia,0.23470373875875286,0.5711187371675911
743,1972,OECD Asia Oceania,1.6826277633580953,Asia,0.23300411416623773,0.5721561310285144
744,1973,OECD Asia Oceania,1.772129240132462,Asia,0.2313002622387349,0.5731884883982475
745,1974,OECD Asia Oceania,1.7757092992034367,Asia,0.2295921978282631,0.5742157928721746
746,1975,OECD Asia Oceania,1.6933679405710191,Asia,0.2278799358484562,0.5752380280892304
747,1976,OECD Asia Oceania,1.6826277633580953,Asia,0.226163491274435,0.5762551777321264
748,1977,OECD Asia Oceania,1.68620782242907,Asia,0.22444287914268074,0.5772672255275773
749,1978,OECD Asia Oceania,1.6074465228676273,Asia,0.2227181145509055,0.5782741552465249
750,1979,OECD Asia Oceania,1.575225991228855,Asia,0.22098921265792412,0.5792759507043651
751,1980,OECD Asia Oceania,1.492884632596438,Asia,0.21925618868352265,0.5802725957611706
752,1981,OECD Asia Oceania,1.4105432739640205,Asia,0.21751905790832884,0.581264074321916
753,1982,OECD Asia Oceania,1.3496822697574509,Asia,0.2157778356736791,0.5822503703367014
754,1983,OECD Asia Oceania,1.306721560905755,Asia,0.21403253738148725,0.5832314678009761
755,1984,OECD Asia Oceania,1.328201915331603,Asia,0.21228317849410985,0.5842073507557616
756,1985,OECD Asia Oceania,1.2601807929830842,Asia,0.21052977453421323,0.585178003287874
757,1986,OECD Asia Oceania,1.220800143202363,Asia,0.20877234108463738,0.5861434095301461
758,1987,OECD Asia Oceania,1.1849995524926162,Asia,0.20701089378826143,0.5871035536616502
759,1988,OECD Asia Oceania,1.1957397297055403,Asia,0.20524544834786573,0.5880584199079189
760,1989,OECD Asia Oceania,1.1849995524926162,Asia,0.2034760205259958,0.5890079925411656
761,1990,OECD Asia Oceania,1.220800143202363,Asia,0.2017026261448228,0.5899522558805068
762,1991,OECD Asia Oceania,1.2100599659894389,Asia,0.19992528108600593,0.5908911942921807
763,1992,OECD Asia Oceania,1.2172200841313883,Asia,0.19814400129055143,0.5918247921897684
764,1993,OECD Asia Oceania,1.2243802022733377,Asia,0.19635880275867296,0.5927530340344117
765,1994,OECD Asia Oceania,1.2530206748411348,Asia,0.19456970154964937,0.5936759043350343
766,1995,OECD Asia Oceania,1.2458605566991854,Asia,0.19277671378168357,0.5945933876485585
767,1996,OECD Asia Oceania,1.2315403204152868,Asia,0.19097985563175837,0.5955054685801247
768,1997,OECD Asia Oceania,1.220800143202363,Asia,0.18917914333549385,0.596412131783308
769,1998,OECD Asia Oceania,1.1814194934216415,Asia,0.1873745931870018,0.5973133619603366
770,1999,OECD Asia Oceania,1.2136400250604136,Asia,0.18556622153874147,0.5982091438623082
771,2000,OECD Asia Oceania,1.2028998478474895,Asia,0.18375404480137264,0.5990994622894064
772,2001,OECD Asia Oceania,1.1957397297055403,Asia,0.18193807944360874,0.5999843020911169
773,2002,OECD Asia Oceania,1.2100599659894389,Asia,0.18011834199206983,0.6008636481664433
774,2003,OECD Asia Oceania,1.1957397297055403,Asia,0.17829484903113307,0.6017374854641218
775,2004,OECD Asia Oceania,1.1742593752796922,Asia,0.1764676172027848,0.6026057989828362
776,2005,OECD Asia Oceania,1.1527790208538442,Asia,0.1746366632064691,0.6034685737714325
777,2006,OECD Asia Oceania,1.120558489215072,Asia,0.17280200379893812,0.6043257949291317
778,2007,OECD Asia Oceania,1.1241385482860469,Asia,0.17096365579409958,0.6051774476057447
779,2008,OECD Asia Oceania,1.0954980757182493,Asia,0.1691216360628653,0.6060235170018833
780,2009,OECD Asia Oceania,1.109818312002148,Asia,0.16727596153299695,0.6068639883691747
781,2010,OECD Asia Oceania,1.1241385482860469,Asia,0.16542664918895333,0.6076988470104718
782,2011,OECD Asia Oceania,1.1491989617828695,Asia,0.1635737160717345,0.6085280782800659
783,2012,OECD Asia Oceania,1.1491989617828695,Asia,0.16171717927872734,0.609351667583897
784,2013,OECD Asia Oceania,1.120558489215072,Asia,0.15985705596354846,0.610169600379765
785,2014,OECD Asia Oceania,1.0704376622214267,Asia,0.15799336333588784,0.6109818621775391
786,2015,OECD Asia Oceania,1.0382171305826546,Asia,0.15612611866135045,0.6117884385393684
787,2016,OECD Asia Oceania,1.0167367761568065,Asia,0.15425533926129842,0.61258931507989
788,2017,OECD Asia Oceania,0.9988364808019333,Asia,0.15238104251269077,0.6133844774664389
789,2018,OECD Asia Oceania,0.970196008234136,Asia,0.15050324584792443,0.6141739114192549
790,2019,OECD Asia Oceania,0.937975476595364,Asia,0.14862196675467232,0.6149576027116915
791,2020,OECD Asia Oceania,0.9093350040275665,Asia,0.14673722277572276,0.6157355371704225
792,2021,OECD Asia Oceania,0.8878546496017183,Asia,0.14484903150881615,0.6165077006756486
793,2022,OECD Asia Oceania,0.8413138816790476,Asia,0.14295741060648273,0.6172740791613043
794,2023,OECD Asia Oceania,0.805513290969301,Asia,0.1410623777758779,0.6180346586152632
795,1971,Austria,1.2064799069184642,Europe,0.1391639507786184,0.6187894250795432
796,1972,Austria,1.1778394343506668,Europe,0.137262147430616,0.6195383646505116
797,1973,Austria,1.1993197887765148,Europe,0.13535698560191237,0.620281463479089
798,1974,Austria,1.0954980757182493,Europe,0.13344848321651123,0.6210187077709531
799,1975,Austria,1.0632775440794773,Europe,0.13153665825221156,0.6217500837867427
800,1976,Austria,1.109818312002148,Europe,0.12962152874043875,0.6224755778422589
801,1977,Austria,1.0059965989438826,Europe,0.1277031127660752,0.6231951763086685
802,1978,Austria,1.0525373668665532,Europe,0.12578142846729146,0.6239088656127056
803,1979,Austria,1.041797189653629,Europe,0.12385649403537423,0.6246166322368722
804,1980,Austria,0.9880963035890094,Europe,0.12192832771455638,0.6253184627196394
805,1981,Austria,0.937975476595364,Europe,0.11999694780184361,0.6260143436556471
806,1982,Austria,0.8914347086726931,Europe,0.11806237264684283,0.6267042616959038
807,1983,Austria,0.8592141770339211,Europe,0.11612462065158745,0.6273882035479857
808,1984,Austria,0.8842745905307438,Europe,0.11418371027036404,0.6280661559762353
809,1985,Austria,0.8914347086726931,Europe,0.11223966000953645,0.6287381058019588
810,1986,Austria,0.8556341179629463,Europe,0.1102924884273709,0.6294040399036244
811,1987,Austria,0.8520540588919717,Europe,0.10834221413385857,0.6300639452170588
812,1988,Austria,0.8126734091112503,Europe,0.10638885579053937,0.6307178087356433
813,1989,Austria,0.784032936543453,Europe,0.10443243211032294,0.63136561751051
814,1990,Austria,0.8377338226080732,Europe,0.102472961857311,0.6320073586507369
815,1991,Austria,0.8699543542468451,Europe,0.100510463846617,0.6326430193235426
816,1992,Austria,0.784032936543453,Europe,0.09854495694418695,0.6332725867544808
817,1993,Austria,0.7804528774724783,Europe,0.0965764600666176,0.6338960482276332
818,1994,Austria,0.7697127002595543,Europe,0.0946049921809759,0.6345133910858031
819,1995,Austria,0.7947731137563769,Europe,0.09263057230461569,0.6351246027307077
820,1996,Austria,0.8234135863241744,Europe,0.09065321950499576,0.6357296706231701
821,1997,Austria,0.7983531728273517,Europe,0.08867295289949514,0.6363285822833105
822,1998,Austria,0.7768728184015037,Europe,0.08668979165522972,0.6369213252907368
823,1999,Austria,0.7303320504788329,Europe,0.08470375498886601,0.6375078872847351
824,2000,Austria,0.7124317551239596,Europe,0.08271486216643659,0.6380882559644596
825,2001,Austria,0.7518124049046809,Europe,0.0807231325031522,0.6386624190891211
826,2002,Austria,0.7553924639756555,Europe,0.07872858536321592,0.6392303644781752
827,2003,Austria,0.805513290969301,Europe,0.07673124015963391,0.6397920800115113
828,2004,Austria,0.7983531728273517,Europe,0.07473111635402782,0.6403475536296387
829,2005,Austria,0.784032936543453,Europe,0.07272823345644507,0.640896773333874
830,2006,Austria,0.7339121095498075,Europe,0.07072261102516839,0.641439727186527
831,2007,Austria,0.6802112234851875,Europe,0.06871426866652604,0.6419764033110859
832,2008,Austria,0.6623109281303141,Europe,0.06670322603469936,0.6425067898924033
833,2009,Austria,0.6300903964915421,Europe,0.06468950283153171,0.643030875176879
834,2010,Austria,0.6766311644142129,Europe,0.06267311880633458,0.6435486474726447
835,2011,Austria,0.640830573704466,Europe,0.0606540937556953,0.6440600951497475
836,2012,Austria,0.6050299829947194,Europe,0.05863244752328163,0.6445652066403307
837,2013,Austria,0.6121901011366688,Europe,0.05660819999964815,0.6450639704388176
838,2014,Austria,0.5728094513559474,Europe,0.054581371122039535,0.6455563751020919
839,2015,Austria,0.5763895104269221,Europe,0.05255198087419554,0.6460424092496778
840,2016,Austria,0.5692293922849727,Europe,0.05052004928615295,0.646522061563922
841,2017,Austria,0.5763895104269221,Europe,0.048485596434049164,0.6469953207901704
842,2018,Austria,0.5370088606462007,Europe,0.046448642439922784,0.6474621757369494
843,2019,Austria,0.54416897878815,Europe,0.04440920747151596,0.6479226152761427
844,2020,Austria,0.5298487425042513,Europe,0.042367311742073574,0.6483766283431692
845,2021,Austria,0.5370088606462007,Europe,0.040322975510144174,0.64882420393716
846,2022,Austria,0.4833079745815806,Europe,0.03827621907937796,0.6492653311211345
847,2023,Austria,0.45824756108475795,Europe,0.036227062798326326,0.6496999990221765
901,1971,Czech Republic,8.341537635370983,Europe,0.034175527060238485,0.6501281968316089
902,1972,Czech Republic,7.911930546854022,Europe,0.03212163230285975,0.6505499138051681
903,1973,Czech Republic,7.117157433097646,Europe,0.030065399008226808,0.6509651392631778
904,1974,Czech Republic,6.705450639935559,Europe,0.02800684770246472,0.6513738625907223
905,1975,Czech Republic,6.7376711715743305,Europe,0.02594599895558085,0.6517760732378185
906,1976,Czech Republic,6.540767922670724,Europe,0.023882873381260567,0.6521717607195884
907,1977,Czech Republic,6.615949163161192,Europe,0.02181749163665991,0.6525609146164296
908,1978,Czech Republic,6.325964378412243,Europe,0.019749874422199797,0.6529435245741859
909,1979,Czech Republic,6.465586682180256,Europe,0.017680042481358158,0.653319580304318
910,1980,Czech Republic,6.118320952295713,Europe,0.015608016600461403,0.6536890715840717
911,1981,Czech Republic,6.0144992392374474,Europe,0.0135338176084767,0.6540519882566465
912,1982,Czech Republic,5.953638235030878,Europe,0.011457466376801444,0.6544083202313641
913,1983,Czech Republic,5.806855813120917,Europe,0.009378983819054434,0.6547580574838354
914,1984,Czech Republic,5.810435872191891,Europe,0.007298390890864046,0.6551011900561267
915,1985,Czech Republic,5.7459948089143476,Europe,0.005215708589658129,0.6554377080569257
916,1986,Czech Republic,5.5097109102300195,Europe,0.0031309579544509425,0.6557676016617072
917,1987,Czech Republic,5.459590083236373,Europe,0.0010441600656317855,0.6560908611128967
918,1988,Czech Republic,5.277007070616665,Europe,-0.0010446639552493249,0.6564074767200355
919,1989,Czech Republic,4.915421104448223,Europe,-0.003135492945694273,0.6567174388599425
920,1990,Czech Republic,4.57531549270563,Europe,-0.005228305702472408,0.6570207379768775
921,1991,Czech Republic,4.722097914615591,Europe,-0.0073230809818344116,0.6573173645827035
922,1992,Czech Republic,4.564575315492705,Europe,-0.00941979749972909,0.6576073092570461
923,1993,Czech Republic,4.371252125660074,Europe,-0.011518433932018478,0.657890562647456
924,1994,Czech Republic,4.056206927414302,Europe,-0.01361896891469586,0.6581671154695671
925,1995,Czech Republic,3.7948626152331517,Europe,-0.015721381044102093,0.6584369585072564
926,1996,Czech Republic,3.744741788239506,Europe,-0.017825648877144867,0.6587000826128024
927,1997,Czech Republic,3.691040902174886,Europe,-0.019931750931516213,0.6589564787070425
928,1998,Czech Republic,3.5191980667681015,Europe,-0.02203966568591298,0.6592061377795296
929,1999,Czech Republic,3.2542736955159763,Europe,-0.024149371580255583,0.6594490508886892
930,2000,Czech Republic,3.4798174169873803,Europe,-0.02626084701590963,0.6596852091619743
931,2001,Czech Republic,3.3759957039291146,Europe,-0.0283740703559059,0.6599146037960203
932,2002,Czech Republic,3.2184731048062294,Europe,-0.03048901992516317,0.6601372260567996
933,2003,Czech Republic,3.186252573167457,Europe,-0.03260567401070934,0.6603530672797745
934,2004,Czech Republic,3.0466302693994454,Europe,-0.03472401086190549,0.6605621188700502
935,2005,Czech Republic,2.8139264297860915,Europe,-0.03684400869066817,0.6607643723025269
936,2006,Czech Republic,2.6492437125212565,Europe,-0.03896564567169458,0.6609598191220506
937,2007,Czech Republic,2.541841940392016,Europe,-0.04108889994268628,0.6611484509435642
938,2008,Czech Republic,2.3592589277723084,Europe,-0.04321374960457471,0.661330259452257
939,2009,Czech Republic,2.3699991049852325,Europe,-0.04534017272174754,0.6615052364037141
940,2010,Czech Republic,2.3341985142754855,Europe,-0.04746814732227395,0.6616733736240643
941,2011,Czech Republic,2.2303768012172203,Europe,-0.04959765139813277,0.6618346630101285
942,2012,Czech Republic,2.169515797010651,Europe,-0.05172866290543882,0.6619890965295661
943,2013,Czech Republic,2.083594379307258,Europe,-0.0538611597646722,0.6621366662210211
944,2014,Czech Republic,1.9761926071780187,Europe,-0.05599511986090568,0.6622773641942679
945,2015,Czech Republic,1.8974313076165759,Europe,-0.05813052104403523,0.6624111826303563
946,2016,Czech Republic,1.883111071332677,Europe,-0.06026734112900851,0.6625381137817546
947,2017,Czech Republic,1.797189653629285,Europe,-0.06240555789605644,0.6626581499724937
948,2018,Czech Republic,1.7255884722097914,Europe,-0.0645451490909229,0.6627712835983091
949,2019,Czech Republic,1.5895462275127539,Europe,-0.06668609242509742,0.6628775071267826
950,2020,Czech Republic,1.5322652823771592,Europe,-0.06882836557604594,0.6629768130974842
951,2021,Czech Republic,1.5644858140159312,Europe,-0.07097194618744458,0.6630691941221112
952,2022,Czech Republic,1.5036248098093619,Europe,-0.07311681186941156,0.6631546428846282
953,2023,Czech Republic,1.3246218562606282,Europe,-0.07526294019874205,0.6632331521414063
954,1971,Denmark,1.449923923744742,Europe,-0.0774103087191412,0.6633047147213603
955,1972,Denmark,1.4463438646737672,Europe,-0.07955889494145996,0.6633693235260865
956,1973,Denmark,1.360422446970375,Europe,-0.08170867634392932,0.6634269715299989
957,1974,Denmark,1.2243802022733377,Europe,-0.08385963037239717,0.663477651780465
958,1975,Denmark,1.306721560905755,Europe,-0.08601173444056358,0.6635213573979412
959,1976,Denmark,1.3675825651123243,Europe,-0.08816496593021877,0.6635580815761063
960,1977,Denmark,1.3783227423252484,Europe,-0.09031930219147936,0.6635878175819949
961,1978,Denmark,1.3425221516155017,Europe,-0.09247472054302752,0.6636105587561312
962,1979,Denmark,1.3675825651123243,Europe,-0.09463119827234817,0.6636262985126594
963,1980,Denmark,1.3747426832542735,Europe,-0.0967887126359692,0.6636350303394757
964,1981,Denmark,1.1599391389957934,Europe,-0.09894724085969979,0.6636367477983586
965,1982,Denmark,1.163519198066768,Europe,-0.10110676013887147,0.6636314445250978
966,1983,Denmark,1.066857603150452,Europe,-0.10326724763857782,0.6636191142296238
967,1984,Denmark,1.0561174259375279,Europe,-0.1054286804939158,0.6635997506961359
968,1985,Denmark,1.1599391389957934,Europe,-0.10759103581022776,0.6635733477832284
969,1986,Denmark,1.1169784301440975,Europe,-0.10975429066334247,0.6635398994240179
970,1987,Denmark,1.0811778394343505,Europe,-0.11191842209981888,0.6634993996262692
971,1988,Denmark,1.013156717085832,Europe,-0.11408340713718795,0.6634518424725191
972,1989,Denmark,0.9021748858856171,Europe,-0.11624922276419743,0.6633972221202012
973,1990,Denmark,0.9021748858856171,Europe,-0.11841584594105459,0.6633355328017692
974,1991,Denmark,1.0704376622214267,Europe,-0.12058325359967213,0.6632667688248189
975,1992,Denmark,0.9487156538082879,Europe,-0.12275142264391196,0.6631909245722108
976,1993,Denmark,0.9880963035890094,Europe,-0.12492032994983185,0.6631079945021896
977,1994,Denmark,1.0024165398729081,Europe,-0.12708995236593024,0.6630179731485052
978,1995,Denmark,0.9236552403114652,Europe,-0.12926026671339402,0.6629208551205321
979,1996,Denmark,1.099078134789224,Europe,-0.13143124978634424,0.6628166351033874
980,1997,Denmark,0.9200751812404905,Europe,-0.13360287835208468,0.6627053078580485
981,1998,Denmark,0.8448939407500223,Europe,-0.13577512915134868,0.6625868682214702
982,1999,Denmark,0.7732927593305289,Europe,-0.1379479788985487,0.6624613111067004
983,2000,Denmark,0.6909514006981116,Europe,-0.140121404282024,0.6623286315029958
984,2001,Denmark,0.7088516960529849,Europe,-0.14229538196429106,0.6621888244759362
985,2002,Denmark,0.7016915779110355,Europe,-0.14446988858229223,0.6620418851675375
986,2003,Denmark,0.7697127002595543,Europe,-0.14664490074764733,0.6618878087963652
987,2004,Denmark,0.6766311644142129,Europe,-0.1488203950469029,0.6617265906576465
988,2005,Denmark,0.6193502192786181,Europe,-0.15099634804178474,0.6615582261233803
989,2006,Denmark,0.6909514006981116,Europe,-0.15317273626944827,0.661382710642449
990,2007,Denmark,0.6265103374205674,Europe,-0.15534953624273184,0.6612000397407266
991,2008,Denmark,0.5942898057817955,Europe,-0.15752672445040805,0.6610102090211888
992,2009,Denmark,0.6014499239237447,Europe,-0.1597042773574378,0.6608132141640197
993,2010,Denmark,0.5978698648527702,Europe,-0.16188217140522285,0.6606090509267191
994,2011,Denmark,0.522688624362302,Europe,-0.16406038301185993,0.6603977151442092
995,2012,Denmark,0.4618276201557326,Europe,-0.16623888857239558,0.6601792027289393
996,2013,Denmark,0.47972791551060595,Europe,-0.1684176644590798,0.6599535096709905
997,2014,Denmark,0.4188669113040366,Europe,-0.17059668702162237,0.6597206320381798
998,2015,Denmark,0.38664637966526444,Europe,-0.17277593258744722,0.659480565976162
999,2016,Denmark,0.39022643873623913,Europe,-0.17495537746194972,0.6592333077085331
1000,2017,Denmark,0.35442584802649246,Europe,-0.1771349979287519,0.6589788535369301
1001,2018,Denmark,0.3472657298845431,Europe,-0.17931477024996023,0.6587171998411318
1002,2019,Denmark,0.30430502103284707,Europe,-0.1814946706664223,0.6584483430791589
1003,2020,Denmark,0.2864047256779737,Europe,-0.18367467539798496,0.6581722797873715
1004,2021,Denmark,0.2864047256779737,Europe,-0.18585476064375173,0.6578890065805678
1005,2022,Denmark,0.26850443032310034,Europe,-0.18803490258234232,0.6575985201520806
1006,2023,Denmark,0.23270383961335364,Europe,-0.19021507737215038,0.6573008172738736
1007,1971,Estonia,0.0,Europe,-0.19239526115160405,0.656995894796636
1008,1972,Estonia,0.0,Europe,-0.19457543003942435,0.6566837496498781
1009,1973,Estonia,0.0,Europe,-0.19675556013488657,0.6563643788420233
1010,1974,Estonia,0.0,Europe,-0.1989356275180797,0.6560377794605021
1011,1975,Estonia,0.0,Europe,-0.2011156082501684,0.6557039486718431
1012,1976,Estonia,0.0,Europe,-0.203295478373653,0.6553628837217644
1013,1977,Estonia,0.0,Europe,-0.20547521391263263,0.655014581935263
1014,1978,Estonia,0.0,Europe,-0.20765479087306588,0.6546590407167048
1015,1979,Estonia,0.0,Europe,-0.20983418524303454,0.6542962575499123
1016,1980,Estonia,0.0,Europe,-0.21201337299300524,0.6539262299982528
1017,1981,Estonia,0.0,Europe,-0.2141923300760938,0.6535489557047242
1018,1982,Estonia,0.0,Europe,-0.21637103242832756,0.6531644323920411
1019,1983,Estonia,0.0,Europe,-0.21854945596891068,0.6527726578627203
1020,1984,Estonia,0.0,Europe,-0.22072757660048709,0.6523736299991634
1021,1985,Estonia,0.0,Europe,-0.22290537020940648,0.6519673467637411
1022,1986,Estonia,0.0,Europe,-0.22508281266598815,0.6515538061988752
1023,1987,Estonia,0.0,Europe,-0.227259879824787,0.6511330064271191
1024,1988,Estonia,0.0,Europe,-0.2294365475248597,0.6507049456512402
1025,1989,Estonia,0.0,Europe,-0.23161279159002968,0.6502696221542971
1026,1990,Estonia,9.211491989617828,Europe,-0.2337885878291547,0.6498270342997202
1027,1991,Estonia,9.028908976998121,Europe,-0.2359639120363928,0.6493771805313892
1028,1992,Estonia,7.550344580685582,Europe,-0.23813873999147023,0.6489200593737087
1029,1993,Estonia,6.65174975387094,Europe,-0.24031304745994786,0.6484556694316863
1030,1994,Estonia,6.862973239058444,Europe,-0.2424868101934905,0.6479840093910064
1031,1995,Estonia,5.996598943882574,Europe,-0.24466000393013324,0.647505078018105
1032,1996,Estonia,6.003759062024524,Europe,-0.24683260439455187,0.6470188741602428
1033,1997,Estonia,5.187505593842299,Europe,-0.24900458729832994,0.6465253967455785
1034,1998,Estonia,4.557415197350756,Europe,-0.2511759283402292,0.6460246447832388
1035,1999,Estonia,4.324711357737402,Europe,-0.25334660320645835,0.6455166173633917
1036,2000,Estonia,3.784122438020227,Europe,-0.25551658757094314,0.6450013136573133
1037,2001,Estonia,3.6301798979683166,Europe,-0.25768585709559605,0.6444787329174593
1038,2002,Estonia,3.3043945225096216,Europe,-0.25985438743058764,0.6439488744775312
1039,2003,Estonia,3.4690772397744563,Europe,-0.26202215421461594,0.6434117377525451
1040,2004,Estonia,3.2614338136579257,Europe,-0.26418913307517905,0.6428673222388965
1041,2005,Estonia,2.9642889107670274,Europe,-0.26635529962884474,0.6423156275144264
1042,2006,Estonia,2.5812225901727377,Europe,-0.2685206294815239,0.6417566532384852
1043,2007,Estonia,2.9249082609863057,Europe,-0.27068509822874076,0.6411903991519973
1044,2008,Estonia,2.710104716727826,Europe,-0.27284868145590685,0.6406168650775222
1045,2009,Estonia,2.6027029445985854,Europe,-0.27501135473859173,0.6400360509193178
1046,2010,Estonia,3.340195113219368,Europe,-0.2771730936427975,0.6394479566633997
1047,2011,Estonia,3.0967510963930907,Europe,-0.2793338737252306,0.6388525823776022
1048,2012,Estonia,2.749485366508547,Europe,-0.28149367053357627,0.6382499282116372
1049,2013,Estonia,3.021569855902622,Europe,-0.28365245960677116,0.6376399943971514
1050,2014,Estonia,2.72084489394075,Europe,-0.2858102164752783,0.6370227812477841
1051,2015,Estonia,2.2160565649333215,Europe,-0.2879669166613607,0.6363982891592241
1052,2016,Estonia,2.380739282198156,Europe,-0.29012253567935586,0.6357665186092638
1053,2017,Estonia,2.3592589277723084,Europe,-0.2922770490359509,0.6351274701578544
1054,2018,Estonia,2.133715206300904,Europe,-0.2944304322304577,0.6344811444471586
1055,2019,Estonia,1.2959813836928307,Europe,-0.29658266075508716,0.6338275422016044
1056,2020,Estonia,0.9415555356663385,Europe,-0.29873371009522615,0.633166664227936
1057,2021,Estonia,1.0382171305826546,Europe,-0.3008835557297121,0.6324985114152647
1058,2022,Estonia,1.2458605566991854,Europe,-0.3030321731311106,0.631823084735118
1059,2023,Estonia,1.045377248724604,Europe,-0.30517953776598994,0.6311403852414901
1113,1971,France,1.5823861093708047,Europe,-0.3073256250951988,0.6304504140708884
1114,1972,France,1.5716459321578808,Europe,-0.3094704105741425,0.6297531724423813
1115,1973,France,1.5967063456547035,Europe,-0.3116138696530611,0.6290486616576438
1116,1974,France,1.4749843372415645,Europe,-0.3137559777773052,0.6283368831010032
1117,1975,France,1.3783227423252484,Europe,-0.3158967103876146,0.6276178382394835
1118,1976,France,1.4463438646737672,Europe,-0.31803604292039506,0.6268915286228479
1119,1977,France,1.3532623288284258,Europe,-0.320173950807998,0.6261579558836416
1120,1978,France,1.3568423878994005,Europe,-0.3223104094789966,0.6254171217372338
1121,1979,France,1.3317819744025776,Europe,-0.3244453943584658,0.6246690279818576
1122,1980,France,1.2530206748411348,Europe,-0.3265788808682599,0.6239136764986501
1123,1981,France,1.109818312002148,Europe,-0.32871084442729287,0.6231510692516901
1124,1982,France,1.0346370715116797,Europe,-0.3308412604518156,0.6223812082880371
1125,1983,France,0.98093618544706,Europe,-0.3329701043556964,0.6216040957377671
1126,1984,France,0.9343954175243891,Europe,-0.33509735155070014,0.6208197338140097
1127,1985,France,0.8950147677436677,Europe,-0.33722297744676866,0.620028124812981
1128,1986,France,0.8484739998209969,Europe,-0.33934695745229926,0.6192292711140194
1129,1987,France,0.8126734091112503,Europe,-0.341469266974426,0.6184231751796182
1130,1988,France,0.7732927593305289,Europe,-0.34358988141929925,0.6176098395554576
1131,1989,France,0.7732927593305289,Europe,-0.34570877619236734,0.6167892668704348
1132,1990,France,0.7446522867627315,Europe,-0.34782592669865575,0.6159614598366963
1133,1991,France,0.7911930546854024,Europe,-0.3499413083430488,0.6151264212496654
1134,1992,France,0.7553924639756555,Europe,-0.3520548965305708,0.6142841539880716
1135,1993,France,0.7195918732659089,Europe,-0.3541666666666665,0.6134346610139775
1136,1994,France,0.6945314597690861,Europe,-0.35627659415748414,0.6125779453728047
1137,1995,France,0.6945314597690861,Europe,-0.3583846544101549,0.6117140101933608
1138,1996,France,0.7160118141949343,Europe,-0.3604908228330761,0.6108428586878625
1139,1997,France,0.6837912825561622,Europe,-0.3625950748361924,0.60996449415196
1140,1998,France,0.7016915779110355,Europe,-0.3646973858312789,0.6090789199647587
1141,1999,France,0.6658909872012888,Europe,-0.3667977312322219,0.6081861395888422
1142,2000,France,0.6372505146334915,Europe,-0.3688960864553025,0.6072861565702923
1143,2001,France,0.6300903964915421,Europe,-0.37099242691947787,0.6063789745387089
1144,2002,France,0.6157701602076434,Europe,-0.3730867280466661,0.6054645972072282
1145,2003,France,0.6193502192786181,Europe,-0.37517896526202676,0.6045430283725421
1146,2004,France,0.6050299829947194,Europe,-0.3772691139942449,0.6036142719149135
1147,2005,France,0.5978698648527702,Europe,-0.3793571496758139,0.6026783317981934
1148,2006,France,0.5692293922849727,Europe,-0.38144304774331983,0.601735212069835
1149,2007,France,0.5405889197171753,Europe,-0.383526783637723,0.6007849168609085
1150,2008,France,0.533428801575226,Europe,-0.3856083328046429,0.5998274503861143
1151,2009,France,0.5298487425042513,Europe,-0.38768767069464094,0.5988628169437944
1152,2010,France,0.5262686834332766,Europe,-0.3897647727635054,0.5978910209159435
1153,2011,France,0.4940481517945047,Europe,-0.391839614472534,0.5969120667682206
1154,2012,France,0.49762821086547937,Europe,-0.3939121712888187,0.5959259590499568
1155,2013,France,0.4940481517945047,Europe,-0.39598241868552936,0.5949327023941645
1156,2014,France,0.44392732480085917,Europe,-0.3980503321421991,0.5939323015175437
1157,2015,France,0.44750738387183386,Europe,-0.40011588714500684,0.5929247612204898
1158,2016,France,0.44392732480085917,Europe,-0.4021790591870634,0.5919100863870979
1159,2017,France,0.44034726572988453,Europe,-0.40423982376869494,0.5908882819851679
1160,2018,France,0.4188669113040366,Europe,-0.40629815639772854,0.5898593530662071
1161,2019,France,0.40096661594916316,Europe,-0.40835403258977615,0.5888233047654342
1162,2020,France,0.38664637966526444,Europe,-0.41040742786851997,0.5877801423017794
1163,2021,France,0.40454667502013786,Europe,-0.412458317765997,0.586729870977886
1164,2022,France,0.3830663205942898,Europe,-0.4145066778228841,0.5856724961801094
1165,2023,France,0.35442584802649246,Europe,-0.4165524835887838,0.5846080233785156
1166,1971,Germany,2.416539872907903,Europe,-0.41859571062250844,0.58353645812688
1167,1972,Germany,2.3699991049852325,Europe,-0.42063633449236604,0.5824578060626832
1168,1973,Germany,2.377159223127182,Europe,-0.422674330776445,0.5813720729071068
1169,1974,Germany,2.298397923565739,Europe,-0.42470967506290114,0.5802792644650283
1170,1975,Germany,2.198156269578448,Europe,-0.4267423429502409,0.5791793866250153
1171,1976,Germany,2.2160565649333215,Europe,-0.42877231004760835,0.5780724453593178
1172,1977,Germany,2.1122348518750558,Europe,-0.43079955197506997,0.5769584467238604
1173,1978,Germany,2.1265550881589546,Europe,-0.43282404436390176,0.575837396858233
1174,1979,Germany,2.133715206300904,Europe,-0.43484576285687276,0.5747093019856807
1175,1980,Germany,2.0084131388167905,Europe,-0.43686468310853255,0.5735741684130937
1176,1981,Germany,1.9439720755392464,Europe,-0.43888078078549564,0.572432002530994
1177,1982,Germany,1.8795310122617024,Europe,-0.4408940315667291,0.5712828108135225
1178,1983,Germany,1.8544705987648795,Europe,-0.4429044111438367,0.5701265998184263
1179,1984,Germany,1.840150362480981,Europe,-0.44491189522134567,0.5689633761870427
1180,1985,Germany,1.8150899489841583,Europe,-0.44691645951699194,0.5677931466442838
1181,1986,Germany,1.7792893582744116,Europe,-0.44891807976200776,0.5666159179986189
1182,1987,Germany,1.7363286494227155,Europe,-0.45091673170140545,0.5654316971420573
1183,1988,Germany,1.6611474089322475,Europe,-0.4529123910942651,0.5642404910501301
1184,1989,Germany,1.5609057549449565,Europe,-0.4549050337140195,0.563042306781869
1185,1990,Germany,1.4356036874608433,Europe,-0.45689463534874164,0.561837151479786
1186,1991,Germany,1.3353620334735523,Europe,-0.4588811718014291,0.5606250323698526
1187,1992,Germany,1.2530206748411348,Europe,-0.46086461889029107,0.559405956761476
1188,1993,Germany,1.2566007339121095,Europe,-0.462844952449034,0.5581799320474758
1189,1994,Germany,1.2100599659894389,Europe,-0.46482214832714863,0.5569469657040592
1190,1995,Germany,1.188579611563591,Europe,-0.46679618239019466,0.5557070652907954
1191,1996,Germany,1.220800143202363,Europe,-0.46876703052008795,0.5544602384505896
1192,1997,Germany,1.1527790208538442,Europe,-0.4707346686153858,0.5532064929096538
1193,1998,Germany,1.120558489215072,Europe,-0.47269907259157357,0.5519458364774806
1194,1999,Germany,1.0596974850085026,Europe,-0.4746602183813511,0.5506782770468112
1195,2000,Germany,1.0238968942987559,Europe,-0.47661808193491734,0.5494038225936063
1196,2001,Germany,1.0310570124407052,Europe,-0.4785726392202578,0.5481224811770145
1197,2002,Germany,1.0167367761568065,Europe,-0.4805238662234293,0.5468342609393396
1198,2003,Germany,1.0274769533697306,Europe,-0.4824717389488477,0.5455391701060065
1199,2004,Germany,0.9952564217309587,Europe,-0.4844162334195719,0.5442372169855283
1200,2005,Germany,0.9666159491631612,Europe,-0.4863573256775906,0.5429284099694692
1201,2006,Germany,0.9451355947373131,Europe,-0.4882949917841081,0.5416127575324096
1202,2007,Germany,0.8806945314597691,Europe,-0.490229207819831,0.5402902682319072
1203,2008,Germany,0.8806945314597691,Europe,-0.49215994988525213,0.5389609507084598
1204,2009,Germany,0.8699543542468451,Europe,-0.4940871941009375,0.5376248136854658
1205,2010,Germany,0.8806945314597691,Europe,-0.4960109166078118,0.5362818659691837
1206,2011,Germany,0.8162534681822251,Europe,-0.4979310935674444,0.53493211644869
1207,2012,Germany,0.826993645395149,Europe,-0.4998477011623343,0.5335755740958387
1208,2013,Germany,0.8448939407500223,Europe,-0.5017607155961954,0.5322122479652166
1209,2014,Germany,0.784032936543453,Europe,-0.5036701130942427,0.5308421471940998
1210,2015,Germany,0.7768728184015037,Europe,-0.505575869903478,0.5294652810024079
1211,2016,Germany,0.7661326411885796,Europe,-0.5074779622929738,0.5280816586926583
1212,2017,Germany,0.7303320504788329,Europe,-0.5093763665541594,0.526691289649919
1213,2018,Germany,0.698111518840061,Europe,-0.5112710590011061,0.5252941833417604
1214,2019,Germany,0.640830573704466,Europe,-0.5131620159708126,0.5238903493182052
1215,2020,Germany,0.6121901011366688,Europe,-0.5150492138234891,0.5224797972116807
1216,2021,Germany,0.6193502192786181,Europe,-0.5169326289428429,0.5210625367369651
1217,2022,Germany,0.6014499239237447,Europe,-0.5188122377363624,0.519638577691137
1218,2023,Germany,0.5262686834332766,Europe,-0.5206880166356033,0.5182079299535222
1219,1971,Greece,0.8806945314597691,Europe,-0.5225599420964722,0.5167706034856383
1220,1972,Greece,0.9236552403114652,Europe,-0.5244279905995107,0.5153266083311419
1221,1973,Greece,0.9952564217309587,Europe,-0.526292138650181,0.513875954615771
1222,1974,Greece,1.0203168352277812,Europe,-0.5281523627791489,0.512418652547289
1223,1975,Greece,1.013156717085832,Europe,-0.5300086395425698,0.5109547124154254
1224,1976,Greece,1.077597780363376,Europe,-0.5318609455223711,0.5094841445918189
1225,1977,Greece,1.0847578985053254,Europe,-0.5337092573265365,0.5080069595299558
1226,1978,Greece,1.0740177212924014,Europe,-0.5355535515893906,0.50652316776511
1227,1979,Greece,1.0954980757182493,Europe,-0.5373938049718823,0.5050327799142803
1228,1980,Greece,1.0954980757182493,Europe,-0.5392299941618681,0.503535806676129
1229,1981,Greece,1.099078134789224,Europe,-0.5410620958743957,0.5020322588309167
1230,1982,Greece,1.1420388436409201,Europe,-0.5428900868519873,0.5005221472404386
1231,1983,Greece,1.2351203794862613,Europe,-0.5447139438649232,0.49900548284795726
1232,1984,Greece,1.2530206748411348,Europe,-0.5465336437115248,0.4974822766781379
1233,1985,Greece,1.3103016199767294,Europe,-0.5483491632184367,0.49595253983697907
1234,1986,Greece,1.2995614427638056,Europe,-0.5501604792409102,0.4944162835117447
1235,1987,Greece,1.4642441600286404,Europe,-0.5519675686630864,0.49287351897089376
1236,1988,Greece,1.4964646916674123,Europe,-0.5537704083982773,0.4913242575640107
1237,1989,Greece,1.5537456368030074,Europe,-0.5555689753892493,0.48976851072173305
1238,1990,Greece,1.57880605029983,Europe,-0.5573632466085048,0.48820628995567894
1239,1991,Greece,1.535845341448134,Europe,-0.5591531990585642,0.48663760685837326
1240,1992,Greece,1.575225991228855,Europe,-0.5609388097722483,0.485062473103174
1241,1993,Greece,1.5967063456547035,Europe,-0.5627200558129589,0.483480900444196
1242,1994,Greece,1.600286404725678,Europe,-0.5644969142749608,0.4818929007162347
1243,1995,Greece,1.6253468182225006,Europe,-0.5662693622836641,0.4802984858346882
1244,1996,Greece,1.57880605029983,Europe,-0.5680373769959034,0.47869766779547973
1245,1997,Greece,1.5286852233061845,Europe,-0.5698009356002199,0.4770904586749776
1246,1998,Greece,1.535845341448134,Europe,-0.5715600153171421,0.47547687062991484
1247,1999,Greece,1.4964646916674123,Europe,-0.5733145933994659,0.4738569158973083
1248,2000,Greece,1.5609057549449565,Europe,-0.575064647132536,0.4722306067943752
1249,2001,Greece,1.535845341448134,Europe,-0.5768101538345246,0.4705979557184515
1250,2002,Greece,1.4821444553835137,Europe,-0.5785510908567122,0.4689589751469061
1251,2003,Greece,1.457084041886691,Europe,-0.5802874355837672,0.4673136776370571
1252,2004,Greece,1.3819028013962231,Europe,-0.5820191654340261,0.46566207582608343
1253,2005,Greece,1.396223037680122,Europe,-0.5837462578597713,0.4640041824309399
1254,2006,Greece,1.306721560905755,Europe,-0.5854686903475118,0.4623400102482678
1255,2007,Greece,1.317461738118679,Europe,-0.587186440418261,0.4606695721543064
1256,2008,Greece,1.274501029266983,Europe,-0.5888994856278164,0.4589928811048017
1257,2009,Greece,1.270920970196008,Europe,-0.5906078035670371,0.4573099501349171
1258,2010,Greece,1.2458605566991854,Europe,-0.5923113718621227,0.4556207923591401
1259,2011,Greece,1.3640025060413496,Europe,-0.5940101681748904,0.45392542097119004
1260,2012,Greece,1.3783227423252484,Europe,-0.5957041702030546,0.45222384924392306
1261,2013,Greece,1.2637608520540589,Europe,-0.5973933556805021,0.4505160905292385
1262,2014,Greece,1.1993197887765148,Europe,-0.5990777023775712,0.4488021582579824
1263,2015,Greece,1.1814194934216415,Europe,-0.6007571881013275,0.44708206593985067
1264,2016,Greece,1.1599391389957934,Europe,-0.6024317906958423,0.44535582716329064
1265,2017,Greece,1.1491989617828695,Europe,-0.6041014880424672,0.4436234555954039
1266,2018,Greece,1.1026581938601987,Europe,-0.6057662580601115,0.44188496498184476
1267,2019,Greece,0.9952564217309587,Europe,-0.6074260787055183,0.4401403691467212
1268,2020,Greece,0.9308153584534146,Europe,-0.6090809279735403,0.43838968199249123
1269,2021,Greece,0.8878546496017183,Europe,-0.6107307838974143,0.4366329174998622
1270,2022,Greece,0.8592141770339211,Europe,-0.6123756245490378,0.4348700897276862
1271,2023,Greece,0.7732927593305289,Europe,-0.614015428039243,0.43310121281285585
1272,1971,Hungary,4.174348876756467,Europe,-0.6156501725180723,0.431326300970198
1273,1972,Hungary,4.052626868343328,Europe,-0.6172798361750521,0.42954536849236863
1274,1973,Hungary,4.056206927414302,Europe,-0.6189043972394667,0.4277584297497445
1275,1974,Hungary,3.9631253915689606,Europe,-0.6205238339806335,0.4259654991903149
1276,1975,Hungary,3.80918285151705,Europe,-0.6221381247081745,0.42416659133957274
1277,1976,Hungary,3.844983442226797,Europe,-0.6237472477722922,0.4223617208004029
1278,1977,Hungary,3.7483218473104802,Europe,-0.62535118156404,0.420550902252973
1279,1978,Hungary,3.955965273427011,Europe,-0.6269499045155963,0.4187341504546199
1280,1979,Hungary,3.7877024970912023,Europe,-0.6285433951005363,0.41691148023973695
1281,1980,Hungary,3.744741788239506,Europe,-0.6301316318341053,0.4150829065196593
1282,1981,Hungary,3.601539425400519,Europe,-0.6317145932734888,0.4132484442825496
1283,1982,Hungary,3.5156180076971273,Europe,-0.6332922580180851,0.411408108593282
1284,1983,Hungary,3.3366150541483934,Europe,-0.6348646047097755,0.4095619145933247
1285,1984,Hungary,3.3366150541483934,Europe,-0.6364316120331966,0.40770987750062176
1286,1985,Hungary,3.3151346997225457,Europe,-0.6379932587160092,0.4058520126094753
1287,1986,Hungary,3.200572809451356,Europe,-0.6395495235291696,0.40398833529042494
1288,1987,Hungary,3.111071332676989,Europe,-0.6411003852871987,0.40211886099012745
1289,1988,Hungary,2.928488320057281,Europe,-0.6426458228484525,0.4002436052312342
1290,1989,Hungary,2.8497270204958385,Europe,-0.6441858151153903,0.39836258361226967
1291,1990,Hungary,2.656403830663206,Europe,-0.6457203410348441,0.3964758118075074
1292,1991,Hungary,2.914168083773382,Europe,-0.6472493795982868,0.39458330556684557
1293,1992,Hungary,2.7065246576568516,Europe,-0.6487729098421009,0.39268508071568026
1294,1993,Hungary,2.7351651302246487,Europe,-0.6502909108478457,0.39078115315478135
1295,1994,Hungary,2.620603239953459,Europe,-0.6518033617425256,0.3888715388601635
1296,1995,Hungary,2.538261881321042,Europe,-0.6533102416988557,0.3869562538829588
1297,1996,Hungary,2.588382708314687,Europe,-0.6548115299355309,0.38503531434928595
1298,1997,Hungary,2.441600286404726,Europe,-0.6563072057174902,0.38310873646012233
1299,1998,Hungary,2.362838986843283,Europe,-0.6577972483561835,0.38117653649117117
1300,1999,Hungary,2.316298218920612,Europe,-0.6592816372098377,0.3792387307927309
1301,2000,Hungary,2.083594379307258,Europe,-0.6607603516837215,0.3772953357895601
1302,2001,Hungary,2.0621140248814105,Europe,-0.6622333712304105,0.3753463679807459
1303,2002,Hungary,1.9439720755392464,Europe,-0.6637006753500517,0.37339184393956787
1304,2003,Hungary,1.9582923118231452,Europe,-0.6651622435906277,0.3714317803133625
1305,2004,Hungary,1.807929830842209,Europe,-0.6666180555482206,0.36946619382338686
1306,2005,Hungary,1.7220084131388167,Europe,-0.6680680908672756,0.3674951012646797
1307,2006,Hungary,1.6396670545063994,Europe,-0.6695123292408635,0.3655185195059247
1308,2007,Hungary,1.5859661684417792,Europe,-0.6709507504109435,0.36353646548930985
1309,2008,Hungary,1.5465855186610578,Europe,-0.6723833341686257,0.36154895623038763
1310,2009,Hungary,1.5000447507383872,Europe,-0.6738100603544332,0.35955600881793226
1311,2010,Hungary,1.492884632596438,Europe,-0.6752309088585626,0.3575576404137997
1312,2011,Hungary,1.4391837465318178,Europe,-0.6766458596211457,0.3555538682527828
1313,2012,Hungary,1.3461022106864764,Europe,-0.6780548926325096,0.3535447096424679
1314,2013,Hungary,1.2458605566991854,Europe,-0.6794579879334385,0.35153018196308905
1315,2014,Hungary,1.188579611563591,Europe,-0.680855125615431,0.3495103026673832
1316,2015,Hungary,1.220800143202363,Europe,-0.6822462858209618,0.3474850892804427
1317,2016,Hungary,1.2172200841313883,Europe,-0.6836314487437387,0.3454545593995676
1318,2017,Hungary,1.2243802022733377,Europe,-0.685010594628963,0.34341873069411616
1319,2018,Hungary,1.1599391389957934,Europe,-0.6863837037735858,0.341377620905357
1320,2019,Hungary,1.1026581938601987,Europe,-0.6877507565265673,0.3393312478463173
1321,2020,Hungary,1.1133983710731226,Europe,-0.6891117332891326,0.33727962940163175
1322,2021,Hungary,1.0704376622214267,Europe,-0.69046661451503,0.3352227835273895
1323,2022,Hungary,0.9666159491631612,Europe,-0.691815380710786,0.3331607282509822
1324,2023,Hungary,0.8592141770339211,Europe,-0.6931580124359621,0.3310934816709491
1325,1971,Iceland,1.1921596706345654,Europe,-0.6944944903034095,0.3290210619568222
1326,1972,Iceland,1.1993197887765148,Europe,-0.6958247949795251,0.3269434873489692
1327,1973,Iceland,1.24944061577016,Europe,-0.6971489071845053,0.32486077615843856
1328,1974,Iceland,1.1778394343506668,Europe,-0.6984668076926004,0.32277294676680035
1329,1975,Iceland,1.1384587845699454,Europe,-0.6997784773323678,0.3206800176259883
1330,1976,Iceland,1.0561174259375279,Europe,-0.7010838969869265,0.3185820072581389
1331,1977,Iceland,0.9988364808019333,Europe,-0.7023830475942082,0.31647893425543266
1332,1978,Iceland,1.013156717085832,Europe,-0.7036759101472106,0.3143708172799318
1333,1979,Iceland,1.0024165398729081,Europe,-0.7049624656942487,0.3122576750634182
1334,1980,Iceland,0.9093350040275665,Europe,-0.706242695339206,0.3101395264072301
1335,1981,Iceland,0.8663742951758703,Europe,-0.7075165802417865,0.3080163901820975
1336,1982,Iceland,0.7625525821176049,Europe,-0.7087841016177633,0.30588828532797835
1337,1983,Iceland,0.7947731137563769,Europe,-0.7100452407392294,0.30375523085389217
1338,1984,Iceland,0.8126734091112503,Europe,-0.7112999789348472,0.3016172458377535
1339,1985,Iceland,0.7553924639756555,Europe,-0.7125482975900972,0.299474349426203
1340,1986,Iceland,0.7410722276917568,Europe,-0.7137901781475263,0.29732656083444103
1341,1987,Iceland,0.7016915779110355,Europe,-0.7150256021069956,0.2951738993460568
1342,1988,Iceland,0.7339121095498075,Europe,-0.716254551025928,0.293016384312859
1343,1989,Iceland,0.7303320504788329,Europe,-0.7174770065195553,0.29085403515470293
1344,1990,Iceland,0.7518124049046809,Europe,-0.7186929502611636,0.28868687135932086
1345,1991,Iceland,0.7410722276917568,Europe,-0.7199023639823405,0.2865149124821475
1346,1992,Iceland,0.7804528774724783,Europe,-0.7211052294732196,0.284338178146147
1347,1993,Iceland,0.7876129956144275,Europe,-0.7223015285827256,0.28215668804163674
1348,1994,Iceland,0.805513290969301,Europe,-0.7234912432188187,0.2799704619261142
1349,1995,Iceland,0.7697127002595543,Europe,-0.724674355348738,0.2777795196240788
1350,1996,Iceland,0.8341537635370984,Europe,-0.7258508469992451,0.27558388102685527
1351,1997,Iceland,0.7446522867627315,Europe,-0.7270207002568673,0.2733835660924145
1352,1998,Iceland,0.6909514006981116,Europe,-0.7281838972681385,0.2711785948451962
1353,1999,Iceland,0.6515707509173901,Europe,-0.7293404202398425,0.2689689873759278
1354,2000,Iceland,0.6515707509173901,Europe,-0.7304902514392524,0.2667547638414443
1355,2001,Iceland,0.6121901011366688,Europe,-0.7316333731943735,0.26453594446450535
1356,2002,Iceland,0.6372505146334915,Europe,-0.7327697678941808,0.2623125495336147
1357,2003,Iceland,0.6193502192786181,Europe,-0.7338994179888604,0.2600845994028356
1358,2004,Iceland,0.5907097467108208,Europe,-0.7350223059900471,0.25785211449160717
1359,2005,Iceland,0.54416897878815,Europe,-0.7361384144710643,0.25561511528455805
1360,2006,Iceland,0.522688624362302,Europe,-0.7372477260671606,0.2533736223313224
1361,2007,Iceland,0.4940481517945047,Europe,-0.7383502234757474,0.25112765624635197
1362,2008,Iceland,0.44392732480085917,Europe,-0.739445889456636,0.24887723770872855
1363,2009,Iceland,0.47256779736865656,Europe,-0.7405347068322735,0.24662238746197618
1364,2010,Iceland,0.45466750201378325,Europe,-0.7416166584879783,0.24436312631387008
1365,2011,Iceland,0.42960708851696056,Europe,-0.7426917273721756,0.24209947513624874
1366,2012,Iceland,0.42244697037501117,Europe,-0.7437598964966312,0.2398314548648215
1367,2013,Iceland,0.43676720665890983,Europe,-0.7448211489366857,0.23755908649897728
1368,2014,Iceland,0.4152868522330619,Europe,-0.7458754678314877,0.23528239110159077
1369,2015,Iceland,0.4152868522330619,Europe,-0.7469228363842272,0.2330013897988306
1370,2016,Iceland,0.31146513917479635,Europe,-0.7479632378623662,0.2307161037799637
1371,2017,Iceland,0.3078850801038217,Europe,-0.7489966555978717,0.22842655429716094
1372,2018,Iceland,0.29714490289089773,Europe,-0.7500230729874463,0.22613276266529952
1373,2019,Iceland,0.282824666606999,Europe,-0.7510424734927582,0.2238347502617682
1374,2020,Iceland,0.26850443032310034,Europe,-0.7520548406406707,0.22153253852626809
1375,2021,Iceland,0.272084489394075,Europe,-0.7530601580234725,0.21922614896061504
1376,2022,Iceland,0.2577642531101763,Europe,-0.754058409299105,0.21691560312853872
1377,2023,Iceland,0.24702407589725234,Europe,-0.7550495781913908,0.2146009226554844
1378,1971,Ireland,1.9582923118231452,Europe,-0.7560336484902613,0.21228212922841067
1379,1972,Ireland,1.818670008055133,Europe,-0.757010604051983,0.20995924459558843
1380,1973,Ireland,1.6897878815000447,Europe,-0.7579804287993835,0.20763229056639645
1381,1974,Ireland,1.7578090038485636,Europe,-0.7589431067220779,0.2053012890111204
1382,1975,Ireland,1.557325695873982,Europe,-0.7598986218766921,0.20296626186074682
1383,1976,Ireland,1.5895462275127539,Europe,-0.7608469583870883,0.20062723110675873
1384,1977,Ireland,1.57880605029983,Europe,-0.7617881004445884,0.1982842188009286
1385,1978,Ireland,1.4535039828157164,Europe,-0.7627220323081968,0.1959372470551134
1386,1979,Ireland,1.643247113577374,Europe,-0.7636487383048225,0.1935863380410457
1387,1980,Ireland,1.5286852233061845,Europe,-0.7645682028295013,0.1912315139901262
1388,1981,Ireland,1.4821444553835137,Europe,-0.7654804103456168,0.18887279719321293
1389,1982,Ireland,1.4356036874608433,Europe,-0.7663853453851204,0.18651021000041357
1390,1983,Ireland,1.4356036874608433,Europe,-0.7672829925487518,0.18414377482087316
1391,1984,Ireland,1.3783227423252484,Europe,-0.7681733365062572,0.18177351412256293
1392,1985,Ireland,1.4391837465318178,Europe,-0.7690563619966088,0.1793994504320683
1393,1986,Ireland,1.4857245144544884,Europe,-0.7699320538282218,0.17702160633437436
1394,1987,Ireland,1.5215251051642351,Europe,-0.7708003968791723,0.1746400044726539
1395,1988,Ireland,1.4248635102479192,Europe,-0.7716613760974136,0.17225466754805144
1396,1989,Ireland,1.403383155822071,Europe,-0.7725149765009911,0.16986561831946823
1397,1990,Ireland,1.3425221516155017,Europe,-0.7733611831782595,0.1674728796033447
1398,1991,Ireland,1.3461022106864764,Europe,-0.7741999812880955,0.16507647427344527
1399,1992,Ireland,1.3031415018347803,Europe,-0.7750313560601124,0.16267642526063925
1400,1993,Ireland,1.281661147408932,Europe,-0.7758552927948732,0.16027275555268275
1401,1994,Ireland,1.24944061577016,Europe,-0.7766717768641034,0.15786548819399793
1402,1995,Ireland,1.1599391389957934,Europe,-0.7774807937109024,0.15545464628545477
1403,1996,Ireland,1.1062382529311734,Europe,-0.7782823288499547,0.15304025298414878
1404,1997,Ireland,1.0274769533697306,Europe,-0.7790763678677409,0.1506223315031799
1405,1998,Ireland,1.013156717085832,Europe,-0.7798628964227466,0.14820090511142855
1406,1999,Ireland,0.9522957128792625,Europe,-0.7806419002456727,0.1457759971333344
1407,2000,Ireland,0.9164951221695159,Europe,-0.7814133651396423,0.14334763094867098
1408,2001,Ireland,0.9164951221695159,Europe,-0.7821772769804096,0.14091582999232147
1409,2002,Ireland,0.8484739998209969,Europe,-0.7829336217165663,0.13848061775405174
1410,2003,Ireland,0.8198335272531997,Europe,-0.7836823853697483,0.13604201777828603
1411,2004,Ireland,0.7768728184015037,Europe,-0.784423554034841,0.13360005366387856
1412,2005,Ireland,0.7661326411885796,Europe,-0.7851571138801844,0.1311547490638863
1413,2006,Ireland,0.7410722276917568,Europe,-0.785883051147777,0.12870612768533887
1414,2007,Ireland,0.6909514006981116,Europe,-0.7866013521534799,0.12625421328901143
1415,2008,Ireland,0.7160118141949343,Europe,-0.7873120032872187,0.123799029689193
1416,2009,Ireland,0.6766311644142129,Europe,-0.7880149910131861,0.121340600753456
1417,2010,Ireland,0.6658909872012888,Europe,-0.7887103018700431,0.11887895040242508
1418,2011,Ireland,0.5942898057817955,Europe,-0.7893979224711197,0.1164141026095432
1419,2012,Ireland,0.6014499239237447,Europe,-0.7900778395046146,0.11394608140084077
1420,2013,Ireland,0.5728094513559474,Europe,-0.7907500397337949,0.11147491085470039
1421,2014,Ireland,0.5191085652913273,Europe,-0.7914145099971932,0.10900061510162296
1422,2015,Ireland,0.43318714758793514,Europe,-0.7920712372088069,0.10652321832399095
1423,2016,Ireland,0.44750738387183386,Europe,-0.7927202083582942,0.10404274475583455
1424,2017,Ireland,0.3938064978072138,Europe,-0.7933614105111705,0.1015592186825935
1425,2018,Ireland,0.3615859661684418,Europe,-0.7939948308090036,0.09907266444088027
1426,2019,Ireland,0.32578537545869507,Europe,-0.7946204564696093,0.09658310641824043
1427,2020,Ireland,0.28998478474894834,Europe,-0.7952382747872444,0.09409056905291589
1428,2021,Ireland,0.26492437125212565,Europe,-0.7958482731328007,0.09159507683360385
1429,2022,Ireland,0.23628389868432828,Europe,-0.7964504389539966,0.08909665429921709
1430,2023,Ireland,0.22554372147140428,Europe,-0.79704475977557,0.08659532603864152
1431,1971,Italy,1.1706793162087175,Europe,-0.7976312231994681,0.0840911166904965
1432,1972,Italy,1.1957397297055403,Europe,-0.7982098169050386,0.0815840509428909
1433,1973,Italy,1.1957397297055403,Europe,-0.7987805286492183,0.07907415353318065
1434,1974,Italy,1.1456189027118948,Europe,-0.7993433462667224,0.07656144924772343
1435,1975,Italy,1.1169784301440975,Europe,-0.7998982576702321,0.07404596292163605
1436,1976,Italy,1.1277186073570213,Europe,-0.8004452508505823,0.07152771943854794
1437,1977,Italy,1.066857603150452,Europe,-0.8009843138769466,0.06900674373035562
1438,1978,Italy,1.0525373668665532,Europe,-0.8015154348970249,0.06648306077697475
1439,1979,Italy,1.0382171305826546,Europe,-0.8020386021372267,0.06395669560609477
1440,1980,Italy,1.013156717085832,Europe,-0.8025538039028554,0.06142767329292941
1441,1981,Italy,0.9988364808019333,Europe,-0.803061028578292,0.05889601895996868
1442,1982,Italy,0.98093618544706,Europe,-0.8035602646271774,0.05636175777672787
1443,1983,Italy,0.9558757719502373,Europe,-0.8040515005925941,0.05382491495949967
1444,1984,Italy,0.9415555356663385,Europe,-0.8045347250972471,0.05128551577110185
1445,1985,Italy,0.9164951221695159,Europe,-0.8050099268436436,0.048743585520626145
1446,1986,Italy,0.8914347086726931,Europe,-0.8054770946142733,0.04619914956318641
1447,1987,Italy,0.9129150630985411,Europe,-0.8059362172717857,0.043652233299664354
1448,1988,Italy,0.8878546496017183,Europe,-0.8063872837591687,0.04110286217645819
1449,1989,Italy,0.8985948268146425,Europe,-0.8068302830999254,0.03855106168522697
1450,1990,Italy,0.8914347086726931,Europe,-0.80726520439825,0.03599685736263649
1451,1991,Italy,0.8771144723887945,Europe,-0.8076920368392028,0.03344027479010233
1452,1992,Italy,0.8627942361048957,Europe,-0.8081107696888854,0.03088133959353583
1453,1993,Italy,0.8663742951758703,Europe,-0.8085213922946142,0.028320077443085824
1454,1994,Italy,0.8377338226080732,Europe,-0.8089238940850927,0.02575651405288185
1455,1995,Italy,0.8627942361048957,Europe,-0.8093182645705844,0.02319067518077463
1456,1996,Italy,0.8448939407500223,Europe,-0.8097044933430833,0.020622586628079375
1457,1997,Italy,0.8377338226080732,Europe,-0.8100825700764848,0.018052274239314953
1458,1998,Italy,0.8448939407500223,Europe,-0.810452484526755,0.0154797639019445
1459,1999,Italy,0.8413138816790476,Europe,-0.8108142265320996,0.012905081546113289
1460,2000,Italy,0.8162534681822251,Europe,-0.8111677860131318,0.010328253144389496
1461,2001,Italy,0.8019332318983263,Europe,-0.8115131529730396,0.007749304711500791
1462,2002,Italy,0.8126734091112503,Europe,-0.8118503174977516,0.0051682623040724025
1463,2003,Italy,0.8448939407500223,Europe,-0.8121792697561031,0.002585152020362429
1464,2004,Italy,0.8520540588919717,Europe,-0.8125,9.950255243072244e-17
1465,2005,Italy,0.8484739998209969,Europe,-0.8128124985645829,-0.00258716757628018
1466,2006,Italy,0.8198335272531997,Europe,-0.8131167558683902,-0.005176324486903248
1467,2007,Italy,0.7947731137563769,Europe,-0.8134127624135197,-0.007767444469720398
1468,2008,Italy,0.7768728184015037,Europe,-0.81370050878579,-0.010360501222273583
1469,2009,Italy,0.7339121095498075,Europe,-0.8139799856549017,-0.012955468402063868
1470,2010,Italy,0.7374921686207823,Europe,-0.8142511837745953,-0.015552319626818297
1471,2011,Italy,0.7195918732659089,Europe,-0.8145140939828112,-0.01815102847475958
1472,2012,Italy,0.7052716369820102,Europe,-0.814768707201847,-0.02075156848487273
1473,2013,Italy,0.6623109281303141,Europe,-0.8150150144385144,-0.02335391315717594
1474,2014,Italy,0.6265103374205674,Europe,-0.8152530067842955,-0.025958035952990264
1475,2015,Italy,0.640830573704466,Europe,-0.8154826754154978,-0.028563910295209872
1476,2016,Italy,0.6265103374205674,Europe,-0.8157040115934087,-0.03117150956857473
1477,2017,Italy,0.6086100420656941,Europe,-0.8159170066644492,-0.03378080711994024
1478,2018,Italy,0.5942898057817955,Europe,-0.816121652060326,-0.03639177625855111
1479,2019,Italy,0.5763895104269221,Europe,-0.8163179392981842,-0.03900439025631363
1480,2020,Italy,0.5620692741430234,Europe,-0.8165058599807565,-0.04161862234807067
1481,2021,Italy,0.5799695694978967,Europe,-0.8166854057965153,-0.04423444573187371
1482,2022,Italy,0.565649333213998,Europe,-0.81685656851982,-0.04685183356925902
1483,2023,Italy,0.5119484471493779,Europe,-0.8170193400110662,-0.04947075898552223
1484,1971,Latvia,0.0,Europe,-0.8171737122168331,-0.052091195069995724
1485,1972,Latvia,0.0,Europe,-0.8173196771700297,-0.054713114876322896
1486,1973,Latvia,0.0,Europe,-0.8174572269900403,-0.057336491422736634
1487,1974,Latvia,0.0,Europe,-0.8175863538828694,-0.059961297692336206
1488,1975,Latvia,0.0,Europe,-0.8177070501412854,-0.06258750663336687
1489,1976,Latvia,0.0,Europe,-0.8178193081449637,-0.0652150911594964
1490,1977,Latvia,0.0,Europe,-0.8179231203606284,-0.06784402415009584
1491,1978,Latvia,0.0,Europe,-0.8180184793421937,-0.07047427845051858
1492,1979,Latvia,0.0,Europe,-0.818105377730904,-0.07310582687238222
1493,1980,Latvia,0.0,Europe,-0.8181838082554732,-0.07573864219384731
1494,1981,Latvia,0.0,Europe,-0.8182537637322232,-0.07837269715990025
1495,1982,Latvia,0.0,Europe,-0.8183152370652215,-0.08100796448263464
1496,1983,Latvia,0.0,Europe,-0.8183682212464175,-0.08364441684153524
1497,1984,Latvia,0.0,Europe,-0.8184127093557784,-0.08628202688375887
1498,1985,Latvia,0.0,Europe,-0.8184486945614238,-0.08892076722441955
1499,1986,Latvia,0.0,Europe,-0.8184761701197599,-0.09156061044687187
1500,1987,Latvia,0.0,Europe,-0.8184951293756122,-0.09420152910299716
1501,1988,Latvia,0.0,Europe,-0.8185055657623576,-0.09684349571348652
1502,1989,Latvia,0.0,Europe,-0.8185074728020554,-0.099486482768128
1503,1990,Latvia,3.887944151078493,Europe,-0.8185008441055777,-0.10213046272609241
1504,1991,Latvia,3.784122438020227,Europe,-0.8184856733727386,-0.1047754080162199
1505,1992,Latvia,3.5549986574778485,Europe,-0.8184619543924223,-0.10742129103730848
1506,1993,Latvia,3.4046361764969117,Europe,-0.8184296810427107,-0.11006808415839976
1507,1994,Latvia,2.8783674930636356,Europe,-0.8183888472910101,-0.11271575971906869
1508,1995,Latvia,2.5812225901727377,Europe,-0.8183394471941764,-0.11536429002971156
1509,1996,Latvia,2.5167815268951936,Europe,-0.8182814748986394,-0.11801364737183678
1510,1997,Latvia,2.187416092365524,Europe,-0.818214924640528,-0.1206638039983526
1511,1998,Latvia,1.9582923118231452,Europe,-0.8181397907457908,-0.12331473213385863
1512,1999,Latvia,1.7613890629195381,Europe,-0.8180560676303197,-0.1259664039749361
1513,2000,Latvia,1.5394254005191086,Europe,-0.8179637498000693,-0.12861879169044058
1514,2001,Latvia,1.5322652823771592,Europe,-0.817862831851178,-0.13127186742179128
1515,2002,Latvia,1.4284435693188937,Europe,-0.8177533084700869,-0.13392560328326514
1516,2003,Latvia,1.360422446970375,Europe,-0.8176351744336564,-0.1365799713622885
1517,2004,Latvia,1.2566007339121095,Europe,-0.8175084246092852,-0.13923494371973189
1518,2005,Latvia,1.1527790208538442,Europe,-0.8173730539550252,-0.14189049239020163
1519,2006,Latvia,1.0883379575763,Europe,-0.8172290575196971,-0.14454658938233506
1520,2007,Latvia,1.0310570124407052,Europe,-0.8170764304430046,-0.14720320667909487
1521,2008,Latvia,1.013156717085832,Europe,-0.8169151679556472,-0.1498603162380652
1522,2009,Latvia,1.0704376622214267,Europe,-0.8167452653794334,-0.15251788999174534
1523,2010,Latvia,1.2601807929830842,Europe,-0.8165667181273911,-0.1551758998478469
1524,2011,Latvia,1.1133983710731226,Europe,-0.816379521703879,-0.1578343176895897
1525,2012,Latvia,0.9916763626599839,Europe,-0.8161836717046946,-0.160493115376
1526,2013,Latvia,0.9594558310212119,Europe,-0.8159791638171846,-0.1631522647422058
1527,2014,Latvia,0.9164951221695159,Europe,-0.8157659938203502,-0.16581173759973586
1528,2015,Latvia,0.8985948268146425,Europe,-0.8155441575849556,-0.1684715057368175
1529,2016,Latvia,0.8735344133178197,Europe,-0.8153136510736317,-0.1711315409186764
1530,2017,Latvia,0.8305737044661238,Europe,-0.8150744703409828,-0.17379181488783382
1531,2018,Latvia,0.8627942361048957,Europe,-0.8148266115336882,-0.17645229936440732
1532,2019,Latvia,0.8305737044661238,Europe,-0.8145700708906057,-0.17911296604641053
1533,2020,Latvia,0.784032936543453,Europe,-0.8143048447428737,-0.1817737866100531
1534,2021,Latvia,0.7589725230466303,Europe,-0.814030929514011,-0.18443473271004315
1535,2022,Latvia,0.6694710462722635,Europe,-0.813748321720017,-0.18709577597988597
1536,2023,Latvia,0.6837912825561622,Europe,-0.8134570179694703,-0.1897568880321875
1537,1971,Lithuania,0.0,Europe,-0.8131570149636267,-0.19241804045895539
1538,1972,Lithuania,0.0,Europe,-0.812848309496515,-0.19507920483190308
1539,1973,Lithuania,0.0,Europe,-0.8125308984550339,-0.19774035270275042
1540,1974,Lithuania,0.0,Europe,-0.8122047788190463,-0.20040145560352854
1541,1975,Lithuania,0.0,Europe,-0.8118699476614728,-0.2030624850468826
1542,1976,Lithuania,0.0,Europe,-0.8115264021483851,-0.20572341252637755
1543,1977,Lithuania,0.0,Europe,-0.811174139539097,-0.20838420951680017
1544,1978,Lithuania,0.0,Europe,-0.810813157186256,-0.21104484747446575
1545,1979,Lithuania,0.0,Europe,-0.8104434525359329,-0.21370529783752223
1546,1980,Lithuania,0.0,Europe,-0.8100650231277096,-0.2163655320262576
1547,1981,Lithuania,0.0,Europe,-0.8096778665947685,-0.2190255214434036
1548,1982,Lithuania,0.0,Europe,-0.8092819806639783,-0.22168523747444344
1549,1983,Lithuania,0.0,Europe,-0.80887736315598,-0.2243446514879182
1550,1984,Lithuania,0.0,Europe,-0.8084640119852718,-0.22700373483573516
1551,1985,Lithuania,0.0,Europe,-0.8080419251602928,-0.2296624588534731
1552,1986,Lithuania,0.0,Europe,-0.8076111007835058,-0.232320794860692
1553,1987,Lithuania,0.0,Europe,-0.8071715370514793,-0.23497871416123997
1554,1988,Lithuania,0.0,Europe,-0.8067232322549672,-0.23763618804356385
1555,1989,Lithuania,0.0,Europe,-0.8062661847789905,-0.2402931877810157
1556,1990,Lithuania,4.600375906202451,Europe,-0.8058003931029141,-0.24294968463216343
1557,1991,Lithuania,5.205405889197171,Europe,-0.8053258558005261,-0.2456056498411002
1558,1992,Lithuania,3.4117962946388616,Europe,-0.8048425715401126,-0.24826105463775539
1559,1993,Lithuania,3.078850801038217,Europe,-0.804350539084536,-0.25091587023820305
1560,1994,Lithuania,2.8282466660699903,Europe,-0.803849757291307,-0.2535700678449739
1561,1995,Lithuania,2.6886243623019777,Europe,-0.8033402251126606,-0.25622361864736587
1562,1996,Lithuania,2.645663653450282,Europe,-0.8028219415956265,-0.2588764938217555
1563,1997,Lithuania,2.377159223127182,Europe,-0.8022949058821024,-0.26152866453191054
1564,1998,Lithuania,2.3341985142754855,Europe,-0.801759117208924,-0.26418010192930014
1565,1999,Lithuania,1.9654524299650946,Europe,-0.8012145749079345,-0.2668307771534084
1566,2000,Lithuania,1.6289268772934753,Europe,-0.8006612784060533,-0.26948066133204657
1567,2001,Lithuania,1.6253468182225006,Europe,-0.8000992272253431,-0.272129725581667
1568,2002,Lithuania,1.5322652823771592,Europe,-0.799528420983077,-0.2747779410076746
1569,2003,Lithuania,1.3854828604671978,Europe,-0.7989488593918036,-0.27742527870474193
1570,2004,Lithuania,1.3747426832542735,Europe,-0.7983605422594116,-0.2800717097571219
1571,2005,Lithuania,1.3747426832542735,Europe,-0.7977634694891923,-0.2827172052389638
1572,2006,Lithuania,1.2852412064799068,Europe,-0.7971576410799035,-0.28536173621462535
1573,2007,Lithuania,1.1742593752796922,Europe,-0.7965430571258296,-0.2880052737389892
1574,2008,Lithuania,1.1348787254989707,Europe,-0.7959197178168422,-0.290647788857777
1575,2009,Lithuania,1.2064799069184642,Europe,-0.7952876234384597,-0.2932892526078663
1576,2010,Lithuania,1.281661147408932,Europe,-0.7946467743719047,-0.2959296360176041
1577,2011,Lithuania,1.131298666427996,Europe,-0.7939971710941621,-0.2985689101071239
1578,2012,Lithuania,1.0883379575763,Europe,-0.7933388141780349,-0.30120704588866165
1579,2013,Lithuania,0.9916763626599839,Europe,-0.7926717042921984,-0.3038440143668732
1580,2014,Lithuania,0.9236552403114652,Europe,-0.7919958422012554,-0.3064797865391491
1581,2015,Lithuania,0.9129150630985411,Europe,-0.7913112287657887,-0.30911433339593314
1582,2016,Lithuania,0.9057549449565917,Europe,-0.7906178649424134,-0.3117476259210385
1583,2017,Lithuania,0.8699543542468451,Europe,-0.7899157517838268,-0.31437963509196715
1584,2018,Lithuania,0.8663742951758703,Europe,-0.7892048904388593,-0.3170103318802253
1585,2019,Lithuania,0.826993645395149,Europe,-0.7884852821525228,-0.3196396872516429
1586,2020,Lithuania,0.826993645395149,Europe,-0.7877569282660586,-0.322267672166691
1587,2021,Lithuania,0.8019332318983263,Europe,-0.7870198302169831,-0.32489425758080204
1588,2022,Lithuania,0.7518124049046809,Europe,-0.7862739895391351,-0.3275194144446863
1589,2023,Lithuania,0.7088516960529849,Europe,-0.7855194078627192,-0.33014311370465227
1590,1971,Luxembourg,5.055043408216235,Europe,-0.7847560869143495,-0.3327653263029258
1591,1972,Luxembourg,4.6397565559831735,Europe,-0.7839840285170928,-0.335386023177969
1592,1973,Luxembourg,4.636176496912199,Europe,-0.7832032345905084,-0.33800517526480134
1593,1974,Luxembourg,4.0848473999821,Europe,-0.7824137071506906,-0.3406227534953178
1594,1975,Luxembourg,3.4762373579164056,Europe,-0.781615448310306,-0.34323872879860984
1595,1976,Luxembourg,3.6301798979683166,Europe,-0.7808084602786333,-0.3458530721012858
1596,1977,Luxembourg,3.397476058354963,Europe,-0.7799927453615989,-0.3484657543277922
1597,1978,Luxembourg,3.5657388346907726,Europe,-0.7791683059618146,-0.351076746400733
1598,1979,Luxembourg,3.2650138727289004,Europe,-0.7783351445786116,-0.35368601924119153
1599,1980,Luxembourg,2.967868969838002,Europe,-0.7774932638080753,-0.35629354376905165
1600,1981,Luxembourg,2.4917211133983708,Europe,-0.7766426663430765,-0.3588992909033196
1601,1982,Luxembourg,2.312718159849638,Europe,-0.775783354973306,-0.3615032315624446
1602,1983,Luxembourg,2.12297502908798,Europe,-0.7749153325853028,-0.3641053366646413
1603,1984,Luxembourg,2.219636624004296,Europe,-0.7740386021624851,-0.3667055771282111
1604,1985,Luxembourg,2.1480354425848027,Europe,-0.7731531667851789,-0.3693039238718663
1605,1986,Luxembourg,1.8938512485456012,Europe,-0.7722590296306451,-0.37190034781504977
1606,1987,Luxembourg,1.7148482949968673,Europe,-0.7713561939731064,-0.3744948198782591
1607,1988,Luxembourg,1.653987290790298,Europe,-0.7704446631837729,-0.3770873109833689
1608,1989,Luxembourg,1.6253468182225006,Europe,-0.7695244407308656,-0.37967779205395447
1609,1990,Luxembourg,1.557325695873982,Europe,-0.7685955301796406,-0.3822662340156135
1610,1991,Luxembourg,1.5000447507383872,Europe,-0.7676579351924111,-0.38485260779629016
1611,1992,Luxembourg,1.4284435693188937,Europe,-0.7667116595285683,-0.38743688432659784
1612,1993,Luxembourg,1.4105432739640205,Europe,-0.7657567070446014,-0.39001903454014436
1613,1994,Luxembourg,1.24944061577016,Europe,-0.7647930816941167,-0.3925990293738535
1614,1995,Luxembourg,0.98093618544706,Europe,-0.7638207875278561,-0.39517683976829
1615,1996,Luxembourg,0.9773561263760853,Europe,-0.7628398286937128,-0.3977524366679833
1616,1997,Luxembourg,0.8663742951758703,Europe,-0.7618502094367485,-0.400325791021752
1617,1998,Luxembourg,0.7410722276917568,Europe,-0.7608519340992058,-0.4028968737830282
1618,1999,Luxembourg,0.7160118141949343,Europe,-0.7598450071205247,-0.4054656559101811
1619,2000,Luxembourg,0.7160118141949343,Europe,-0.7588294330373526,-0.40803210836684234
1620,2001,Luxembourg,0.7482323458337061,Europe,-0.7578052164835577,-0.4105962021222301
1621,2002,Luxembourg,0.7804528774724783,Europe,-0.7567723621902374,-0.4131579081514751
1622,2003,Luxembourg,0.7983531728273517,Europe,-0.755730874985729,-0.4157171974359439
1623,2004,Luxembourg,0.8735344133178197,Europe,-0.7546807597956178,-0.41827404096356485
1624,2005,Luxembourg,0.8735344133178197,Europe,-0.7536220216427435,-0.4208284097291532
1625,2006,Luxembourg,0.8090933500402757,Europe,-0.7525546656472064,-0.4233802747347368
1626,2007,Luxembourg,0.7088516960529849,Europe,-0.7514786970263729,-0.4259296069898804
1627,2008,Luxembourg,0.7088516960529849,Europe,-0.7503941210948788,-0.4284763775120119
1628,2009,Luxembourg,0.6945314597690861,Europe,-0.7493009432646323,-0.4310205573267475
1629,2010,Luxembourg,0.7052716369820102,Europe,-0.7481991690448145,-0.4335621174682186
1630,2011,Luxembourg,0.6909514006981116,Europe,-0.7470888040418828,-0.43610102897939584
1631,2012,Luxembourg,0.6658909872012888,Europe,-0.745969853959567,-0.4386372629124158
1632,2013,Luxembourg,0.6121901011366688,Europe,-0.7448423245988709,-0.44117079032890694
1633,2014,Luxembourg,0.565649333213998,Europe,-0.743706221858066,-0.4437015823003165
1634,2015,Luxembourg,0.5262686834332766,Europe,-0.7425615517326917,-0.4462296099082348
1635,2016,Luxembourg,0.4833079745815806,Europe,-0.7414083203155473,-0.44875484424472256
1636,2017,Luxembourg,0.4833079745815806,Europe,-0.7402465337966877,-0.4512772564126369
1637,2018,Luxembourg,0.4940481517945047,Europe,-0.7390761984634152,-0.4537968175259585
1638,2019,Luxembourg,0.49046809272353,Europe,-0.737897320700273,-0.45631349871011667
1639,2020,Luxembourg,0.40454667502013786,Europe,-0.7367099069890342,-0.45882727110231625
1640,2021,Luxembourg,0.39738655687818847,Europe,-0.7355139639086926,-0.4613381058518644
1641,2022,Luxembourg,0.3365255526716191,Europe,-0.7343094981354504,-0.4638459741204977
1642,2023,Luxembourg,0.32578537545869507,Europe,-0.7330965164427069,-0.4663508470827073
1643,1971,Netherlands,1.5895462275127539,Europe,-0.7318750257010437,-0.46885269592606665
1644,1972,Netherlands,1.7148482949968673,Europe,-0.7306450328782104,-0.47135149185155806
1645,1973,Netherlands,1.6933679405710191,Europe,-0.7294065450391094,-0.473847206073899
1646,1974,Netherlands,1.5465855186610578,Europe,-0.7281595693457774,-0.47633980982187
1647,1975,Netherlands,1.4535039828157164,Europe,-0.7269041130573692,-0.47882927433864
1648,1976,Netherlands,1.4857245144544884,Europe,-0.7256401835301381,-0.4813155708820939
1649,1977,Netherlands,1.4248635102479192,Europe,-0.7243677882174149,-0.4837986707251594
1650,1978,Netherlands,1.4356036874608433,Europe,-0.723086934669587,-0.4862785451561346
1651,1979,Netherlands,1.5036248098093619,Europe,-0.7217976305340768,-0.48875516547901343
1652,1980,Netherlands,1.4105432739640205,Europe,-0.720499883555317,-0.49122850301381327
1653,1981,Netherlands,1.396223037680122,Europe,-0.7191937015747273,-0.49369852909690193
1654,1982,Netherlands,1.3317819744025776,Europe,-0.717879092530687,-0.49616521508132544
1655,1983,Netherlands,1.2673409111250336,Europe,-0.7165560644585104,-0.49862853233713306
1656,1984,Netherlands,1.274501029266983,Europe,-0.7152246254904167,-0.5010884522517057
1657,1985,Netherlands,1.2673409111250336,Europe,-0.7138847838555031,-0.5035449462300821
1658,1986,Netherlands,1.2566007339121095,Europe,-0.7125365478797128,-0.5059979856952865
1659,1987,Netherlands,1.2673409111250336,Europe,-0.7111799259858049,-0.5084475420886551
1660,1988,Netherlands,1.1957397297055403,Europe,-0.7098149266933226,-0.5108935868701624
1661,1989,Netherlands,1.1706793162087175,Europe,-0.7084415586185587,-0.5133360915187485
1662,1990,Netherlands,1.163519198066768,Europe,-0.7070598304745211,-0.5157750275326471
1663,1991,Netherlands,1.1814194934216415,Europe,-0.7056697510708984,-0.5182103664297104
1664,1992,Netherlands,1.1527790208538442,Europe,-0.7042713293140221,-0.5206420797477366
1665,1993,Netherlands,1.1670992571377428,Europe,-0.7028645742068301,-0.5230701390447969
1666,1994,Netherlands,1.131298666427996,Europe,-0.7014494948488252,-0.5254945158995628
1667,1995,Netherlands,1.131298666427996,Europe,-0.7000261004360386,-0.5279151819116312
1668,1996,Netherlands,1.156359079924819,Europe,-0.6985944002609864,-0.5303321087018522
1669,1997,Netherlands,1.0632775440794773,Europe,-0.697154403712628,-0.5327452679126549
1670,1998,Netherlands,1.0167367761568065,Europe,-0.6957061202763227,-0.5351546312083755
1671,1999,Netherlands,0.937975476595364,Europe,-0.694249559533786,-0.5375601702755815
1672,2000,Netherlands,0.9021748858856171,Europe,-0.6927847311630432,-0.5399618568233994
1673,2001,Netherlands,0.9093350040275665,Europe,-0.6913116449383837,-0.5423596625838413
1674,2002,Netherlands,0.9093350040275665,Europe,-0.6898303107303124,-0.5447535593121299
1675,2003,Netherlands,0.9236552403114652,Europe,-0.6883407385055015,-0.5471435187870269
1676,2004,Netherlands,0.9164951221695159,Europe,-0.68684293832674,-0.5495295128111566
1677,2005,Netherlands,0.8771144723887945,Europe,-0.6853369203528838,-0.551911513211333
1678,2006,Netherlands,0.826993645395149,Europe,-0.6838226948388028,-0.5542894918388863
1679,2007,Netherlands,0.7983531728273517,Europe,-0.6823002721353267,-0.5566634205699885
1680,2008,Netherlands,0.784032936543453,Europe,-0.6807696626891933,-0.5590332713059782
1681,2009,Netherlands,0.7911930546854024,Europe,-0.6792308770429908,-0.561399015973688
1682,2010,Netherlands,0.8341537635370984,Europe,-0.6776839258351023,-0.5637606265257679
1683,2011,Netherlands,0.7625525821176049,Europe,-0.6761288197996476,-0.5661180749410136
1684,2012,Netherlands,0.7625525821176049,Europe,-0.674565569766425,-0.568471333224689
1685,2013,Netherlands,0.7589725230466303,Europe,-0.6729941866608516,-0.5708203734088533
1686,2014,Netherlands,0.7124317551239596,Europe,-0.6714146815039019,-0.5731651675526852
1687,2015,Netherlands,0.7339121095498075,Europe,-0.6698270654120457,-0.5755056877428094
1688,2016,Netherlands,0.7231719323368836,Europe,-0.6682313495971853,-0.5778419060936195
1689,2017,Netherlands,0.6909514006981116,Europe,-0.666627545366592,-0.5801737947476042
1690,2018,Netherlands,0.6587308690593395,Europe,-0.6650156641228389,-0.582501325875671
1691,2019,Netherlands,0.6229302783495927,Europe,-0.6633957173637361,-0.5848244716774726
1692,2020,Netherlands,0.5763895104269221,Europe,-0.6617677166822629,-0.5871432043817288
1693,2021,Netherlands,0.5584892150720487,Europe,-0.6601316737664982,-0.5894574962465522
1694,2022,Netherlands,0.4868880336525553,Europe,-0.6584876003995523,-0.5917673195597721
1695,2023,Netherlands,0.44034726572988453,Europe,-0.6568355084594945,-0.594072646639259
1696,1971,Norway,0.7518124049046809,Europe,-0.6551754099192825,-0.596373449833247
1697,1972,Norway,0.7303320504788329,Europe,-0.6535073168466885,-0.5986697015206591
1698,1973,Norway,0.6945314597690861,Europe,-0.6518312414042258,-0.600961374111429
1699,1974,Norway,0.6479906918464153,Europe,-0.6501471958490723,-0.6032484400468271
1700,1975,Norway,0.640830573704466,Europe,-0.6484551925329959,-0.6055308717997804
1701,1976,Norway,0.6515707509173901,Europe,-0.6467552439022759,-0.6078086418751977
1702,1977,Norway,0.6551508099883647,Europe,-0.6450473624976245,-0.6100817228102917
1703,1978,Norway,0.6444106327754408,Europe,-0.6433315609541083,-0.6123500871749019
1704,1979,Norway,0.6551508099883647,Europe,-0.6416078520010652,-0.6146137075718175
1705,1980,Norway,0.5942898057817955,Europe,-0.6398762484620257,-0.6168725566370988
1706,1981,Norway,0.5477490378591247,Europe,-0.638136763254628,-0.6191266070403995
1707,1982,Norway,0.5191085652913273,Europe,-0.6363894093905339,-0.621375831485289
1708,1983,Norway,0.5012082699364541,Europe,-0.6346341999753446,-0.6236202027095747
1709,1984,Norway,0.4868880336525553,Europe,-0.6328711482085141,-0.6258596934856221
1710,1985,Norway,0.4868880336525553,Europe,-0.6311002673832619,-0.6280942766206771
1711,1986,Norway,0.5262686834332766,Europe,-0.6293215708864848,-0.6303239249571864
1712,1987,Norway,0.47972791551060595,Europe,-0.6275350721986666,-0.6325486113731201
1713,1988,Norway,0.4833079745815806,Europe,-0.6257407848937887,-0.6347683087822904
1714,1989,Norway,0.4654076792267073,Europe,-0.623938722639238,-0.636982990134673
1715,1990,Norway,0.4654076792267073,Europe,-0.622128899195714,-0.6391926284167269
1716,1991,Norway,0.42602702944598586,Europe,-0.6203113284171343,-0.641397196651716
1717,1992,Norway,0.45824756108475795,Europe,-0.6184860242505412,-0.6435966679000268
1718,1993,Norway,0.468987738297682,Europe,-0.6166530007360044,-0.6457910152594891
1719,1994,Norway,0.468987738297682,Europe,-0.6148122720065243,-0.6479802118656948
1720,1995,Norway,0.44034726572988453,Europe,-0.6129638522879332,-0.6501642308923185
1721,1996,Norway,0.43318714758793514,Europe,-0.6111077558987972,-0.6523430455514341
1722,1997,Norway,0.43318714758793514,Europe,-0.609243997250315,-0.6545166290938349
1723,1998,Norway,0.44392732480085917,Europe,-0.6073725908462164,-0.6566849548093519
1724,1999,Norway,0.45108744294280856,Europe,-0.6054935512826597,-0.6588479960271716
1725,2000,Norway,0.37590620245234047,Europe,-0.6036068932481281,-0.6610057261161535
1726,2001,Norway,0.37948626152331516,Europe,-0.6017126315233254,-0.6631581184851486
1727,2002,Norway,0.36874608431039113,Europe,-0.5998107809810699,-0.6653051465833155
1728,2003,Norway,0.3938064978072138,Europe,-0.597901356586186,-0.6674467839004393
1729,2004,Norway,0.38664637966526444,Europe,-0.5959843733953991,-0.6695830039672463
1730,2005,Norway,0.36516602523941644,Europe,-0.5940598465572242,-0.6717137803557219
1731,2006,Norway,0.36516602523941644,Europe,-0.5921277913118563,-0.6738390866794262
1732,2007,Norway,0.3615859661684418,Europe,-0.5901882229910603,-0.67595889659381
1733,2008,Norway,0.36874608431039113,Europe,-0.5882411570180559,-0.6780731837965315
1734,2009,Norway,0.37590620245234047,Europe,-0.5862866089074075,-0.6801819220277698
1735,2010,Norway,0.39738655687818847,Europe,-0.5843245942649067,-0.6822850850705418
1736,2011,Norway,0.3830663205942898,Europe,-0.5823551287874591,-0.6843826467510153
1737,2012,Norway,0.36874608431039113,Europe,-0.5803782282629661,-0.6864745809388249
1738,2013,Norway,0.37232614338136577,Europe,-0.5783939085702082,-0.6885608615473855
1739,2014,Norway,0.36516602523941644,Europe,-0.576402185678725,-0.6906414625342059
1740,2015,Norway,0.36874608431039113,Europe,-0.5744030756486965,-0.6927163579012032
1741,2016,Norway,0.35442584802649246,Europe,-0.5723965946308209,-0.6947855216950152
1742,2017,Norway,0.3472657298845431,Europe,-0.5703827588661944,-0.6968489280073131
1743,2018,Norway,0.34010561174259374,Europe,-0.5683615846861845,-0.6989065509751163
1744,2019,Norway,0.32578537545869507,Europe,-0.5663330885123101,-0.7009583647811016
1745,2020,Norway,0.31862525731674574,Europe,-0.5642972868561141,-0.7030043436539164
1746,2021,Norway,0.3078850801038217,Europe,-0.5622541963190366,-0.7050444618684911
1747,2022,Norway,0.29356484381992304,Europe,-0.5602038335922883,-0.7070786937463491
1748,2023,Norway,0.26850443032310034,Europe,-0.5581462154567219,-0.7091070136559187
1749,1971,Poland,8.133894209254452,Europe,-0.5560813587827023,-0.7111293960128425
1750,1972,Poland,7.664906470956771,Europe,-0.5540092805299764,-0.7131458152802889
1751,1973,Poland,7.220979146155911,Europe,-0.5519299977475398,-0.7151562459692619
1752,1974,Poland,6.798532175780901,Europe,-0.5498435275735065,-0.7171606626389089
1753,1975,Poland,6.501387272890002,Europe,-0.5477498872349738,-0.7191590398968315
1754,1976,Poland,6.508547391031953,Europe,-0.5456490940478871,-0.7211513523993941
1755,1977,Poland,6.411885796115636,Europe,-0.5435411654169042,-0.7231375748520317
1756,1978,Poland,6.64458963572899,Europe,-0.5414261188352587,-0.7251176820095583
1757,1979,Poland,6.898773829768191,Europe,-0.5393039718846213,-0.7270916486764745
1758,1980,Poland,7.5181240490468095,Europe,-0.5371747422349611,-0.7290594497072745
1759,1981,Poland,7.747247829589189,Europe,-0.5350384476444056,-0.7310210600067535
1760,1982,Poland,8.269936453951491,Europe,-0.5328951059590971,-0.7329764545303149
1761,1983,Poland,7.876129956144276,Europe,-0.5307447351130543,-0.734925608284274
1762,1984,Poland,8.219815626957844,Europe,-0.5285873531280263,-0.7368684963261659
1763,1985,Poland,8.158954622751276,Europe,-0.5264229781133485,-0.7388050937650505
1764,1986,Poland,7.990691846415467,Europe,-0.5242516282657976,-0.7407353757618167
1765,1987,Poland,8.094513559473732,Europe,-0.5220733218694448,-0.7426593175294873
1766,1988,Poland,7.6434261165309225,Europe,-0.5198880772955078,-0.7445768943335236
1767,1989,Poland,7.034816074465229,Europe,-0.5176959130022036,-0.7464880814921275
1768,1990,Poland,6.318804260270294,Europe,-0.5154968475345955,-0.748392854376548
1769,1991,Poland,6.823592589277723,Europe,-0.5132908995244463,-0.7502911884113804
1770,1992,Poland,6.526447686386825,Europe,-0.5110780876900647,-0.7521830590748705
1771,1993,Poland,6.275843551418598,Europe,-0.5088584308361519,-0.754068441899217
1772,1994,Poland,5.86413675825651,Europe,-0.5066319478536485,-0.7559473124708722
1773,1995,Poland,5.49539067394612,Europe,-0.5043986577195794,-0.7578196464308442
1774,1996,Poland,5.420209433455652,Europe,-0.5021585794968975,-0.759685419474996
1775,1997,Poland,4.897520809093351,Europe,-0.49991173233432784,-0.761544607354347
1776,1998,Poland,4.310391121453504,Europe,-0.49765813546620646,-0.7633971858753739
1777,1999,Poland,3.9989259822787075,Europe,-0.4953978082123253,-0.765243130900307
1778,2000,Poland,3.6695605477490374,Europe,-0.4931307699777697,-0.7670824183474318
1779,2001,Poland,3.6122796026134427,Europe,-0.49085704025275767,-0.7689150241913867
1780,2002,Poland,3.4869775351293297,Europe,-0.48857663861247747,-0.7707409244634601
1781,2003,Poland,3.4941376532712787,Europe,-0.4862895847169247,-0.77256009525189
1782,2004,Poland,3.3688355857871652,Europe,-0.48399589831073775,-0.7743725127021589
1783,2005,Poland,3.250693636445001,Europe,-0.4816955992230335,-0.7761781530172916
1784,2006,Poland,3.186252573167457,Europe,-0.47938870736723765,-0.7779769924581523
1785,2007,Poland,2.9571287926250784,Europe,-0.47707524274092183,-0.7797690073437377
1786,2008,Poland,2.796026134431218,Europe,-0.47475522542563275,-0.781554174051474
1787,2009,Poland,2.6277633580954083,Europe,-0.4724286755867226,-0.7833324690175119
1788,2010,Poland,2.692204421372953,Europe,-0.4700956134731793,-0.7851038687370194
1789,2011,Poland,2.5275217041081177,Europe,-0.46775605941745485,-0.7868683497644771
1790,2012,Poland,2.4380202273337512,Europe,-0.46541003383529256,-0.7886258887139702
1791,2013,Poland,2.380739282198156,Europe,-0.46305755722555375,-0.7903764622594819
1792,2014,Poland,2.187416092365524,Europe,-0.4606986501700437,-0.792120047135185
1793,2015,Poland,2.12297502908798,Europe,-0.45833333333333376,-0.7938566201357352
1794,2016,Poland,2.1372952653718786,Europe,-0.4559616274625881,-0.7955861581165605
1795,2017,Poland,2.119394970017005,Europe,-0.4535835533873844,-0.7973086379941529
1796,2018,Poland,1.9905128434619175,Europe,-0.4511991320195347,-0.7990240367463578
1797,2019,Poland,1.8007697127002595,Europe,-0.44880838435290693,-0.8007323314126653
1798,2020,Poland,1.7434887675646649,Europe,-0.44641133146324347,-0.8024334990944977
1799,2021,Poland,1.7900295354873355,Europe,-0.4440079945079797,-0.8041275169554988
1800,2022,Poland,1.6181867000805514,Europe,-0.4415983947260623,-0.8058143622218217
1801,2023,Poland,1.4606641009576657,Europe,-0.43918255343776247,-0.8074940121824178
1802,1971,Portugal,0.7876129956144275,Europe,-0.43676049204449535,-0.8091664441893215
1803,1972,Portugal,0.7374921686207823,Europe,-0.43433223202863225,-0.8108316356579386
1804,1973,Portugal,0.7374921686207823,Europe,-0.4318977949533136,-0.8124895640673313
1805,1974,Portugal,0.7410722276917568,Europe,-0.4294572024622623,-0.8141402069605038
1806,1975,Portugal,0.8484739998209969,Europe,-0.42701047627959443,-0.8157835419446876
1807,1976,Portugal,0.8520540588919717,Europe,-0.42455763820962955,-0.817419546691625
1808,1977,Portugal,0.7804528774724783,Europe,-0.42209871013670114,-0.8190481989378532
1809,1978,Portugal,0.8019332318983263,Europe,-0.4196337140249617,-0.8206694764849887
1810,1979,Portugal,0.8413138816790476,Europe,-0.41716267191819467,-0.8222833572000078
1811,1980,Portugal,0.8556341179629463,Europe,-0.4146856059396175,-0.8238898190155295
1812,1981,Portugal,0.8627942361048957,Europe,-0.41220253829168846,-0.825488839930098
1813,1982,Portugal,0.8627942361048957,Europe,-0.40971349125591017,-0.8270803980084623
1814,1983,Portugal,0.8771144723887945,Europe,-0.40721848719263365,-0.8286644713818573
1815,1984,Portugal,0.8520540588919717,Europe,-0.40471754854086023,-0.8302410382482827
1816,1985,Portugal,0.8019332318983263,Europe,-0.40221069781804336,-0.8318100768727832
1817,1986,Portugal,0.8842745905307438,Europe,-0.39969795761988947,-0.8333715655877265
1818,1987,Portugal,0.8377338226080732,Europe,-0.39717935062015486,-0.8349254827930818
1819,1988,Portugal,0.826993645395149,Europe,-0.3946548995704482,-0.8364718069566961
1820,1989,Portugal,0.9952564217309587,Europe,-0.3921246273000254,-0.8380105166145726
1821,1990,Portugal,0.9415555356663385,Europe,-0.38958855671558673,-0.8395415903711451
1822,1991,Portugal,0.9487156538082879,Europe,-0.3870467108010724,-0.8410650068995551
1823,1992,Portugal,1.0167367761568065,Europe,-0.38449911261745734,-0.8425807449419258
1824,1993,Portugal,0.9988364808019333,Europe,-0.3819457853025444,-0.8440887833096374
1825,1994,Portugal,1.0167367761568065,Europe,-0.3793867520707583,-0.8455891008835993
1826,1995,Portugal,1.066857603150452,Europe,-0.37682203621293375,-0.8470816766145258
1827,1996,Portugal,0.9916763626599839,Europe,-0.37425166109611135,-0.8485664895232059
1828,1997,Portugal,0.9916763626599839,Europe,-0.37167565016332377,-0.8500435187007764
1829,1998,Portugal,1.0382171305826546,Europe,-0.3690940269333856,-0.8515127433089936
1830,1999,Portugal,1.120558489215072,Europe,-0.36650681500068133,-0.8529741425805033
1831,2000,Portugal,1.0704376622214267,Europe,-0.36391403803495176,-0.8544276958191107
1832,2001,Portugal,1.0489573077955785,Europe,-0.36131571978108057,-0.8558733824000503
1833,2002,Portugal,1.109818312002148,Europe,-0.3587118840588796,-0.8573111817702538
1834,2003,Portugal,1.0346370715116797,Europe,-0.35610255476287006,-0.8587410734486195
1835,2004,Portugal,1.0382171305826546,Europe,-0.3534877558620703,-0.8601630370262784
1836,2005,Portugal,1.0883379575763,Europe,-0.3508675113997747,-0.8615770521668616
1837,2006,Portugal,0.9845162445180345,Europe,-0.3482418454933356,-0.8629830986067661
1838,2007,Portugal,0.9308153584534146,Europe,-0.345610782333944,-0.8643811561554207
1839,2008,Portugal,0.8950147677436677,Europe,-0.3429743461864083,-0.8657712046955504
1840,2009,Portugal,0.9308153584534146,Europe,-0.3403325613889333,-0.8671532241834404
1841,2010,Portugal,0.8198335272531997,Europe,-0.33768545235289793,-0.8685271946491999
1842,2011,Portugal,0.8234135863241744,Europe,-0.3350330435626288,-0.8698930961970257
1843,2012,Portugal,0.8341537635370984,Europe,-0.33237535957518066,-0.8712509090054622
1844,2013,Portugal,0.805513290969301,Europe,-0.3297124250201077,-0.8726006133276647
1845,2014,Portugal,0.784032936543453,Europe,-0.3270442645992383,-0.8739421894916592
1846,2015,Portugal,0.8413138816790476,Europe,-0.32437090308644756,-0.875275617900603
1847,2016,Portugal,0.8162534681822251,Europe,-0.32169236532742945,-0.876600879033044
1848,2017,Portugal,0.8627942361048957,Europe,-0.3190086762394676,-0.8779179534431785
1849,2018,Portugal,0.7804528774724783,Europe,-0.31631986081120533,-0.8792268217611108
1850,2019,Portugal,0.6802112234851875,Europe,-0.3136259441024158,-0.8805274646931087
1851,2020,Portugal,0.640830573704466,Europe,-0.3109269512437668,-0.8818198630218621
1852,2021,Portugal,0.5799695694978967,Europe,-0.3082229074365929,-0.8831039976067373
1853,2022,Portugal,0.554909156001074,Europe,-0.30551383795265874,-0.8843798493840325
1854,2023,Portugal,0.4868880336525553,Europe,-0.3027997681339251,-0.8856473993672325
1855,1971,Slovak Republic,6.354604850980041,Europe,-0.30008072339231373,-0.8869066286472628
1856,1972,Slovak Republic,6.136221247650586,Europe,-0.29735672920947087,-0.8881575183927418
1857,1973,Slovak Republic,5.87129687639846,Europe,-0.29462781113652997,-0.889400049850234
1858,1974,Slovak Republic,5.685133804707778,Europe,-0.2918939947938745,-0.8906342043445006
1859,1975,Slovak Republic,5.642173095856082,Europe,-0.28915530587089555,-0.8918599632787516
1860,1976,Slovak Republic,5.377248724603955,Europe,-0.286411770125757,-0.8930773081348953
1861,1977,Slovak Republic,5.337868074823236,Europe,-0.28366341338515105,-0.8942862204737871
1862,1978,Slovak Republic,5.699454040991677,Europe,-0.28091026154405774,-0.8954866819354793
1863,1979,Slovak Republic,5.6171126823592585,Europe,-0.2781523405655022,-0.8966786742394683
1864,1980,Slovak Republic,5.9786986485277005,Europe,-0.27538967648031093,-0.8978621791849419
1865,1981,Slovak Republic,5.713774277275575,Europe,-0.27262229538686783,-0.8990371786510263
1866,1982,Slovak Republic,5.387988901816879,Europe,-0.26985022345086945,-0.9002036545970303
1867,1983,Slovak Republic,5.208985948268147,Europe,-0.2670734869050758,-0.901361589062693
1868,1984,Slovak Republic,5.319967779468361,Europe,-0.26429211204906816,-0.9025109641684248
1869,1985,Slovak Republic,5.248366598048868,Europe,-0.26150612524899786,-0.9036517621155529
1870,1986,Slovak Republic,4.782958918822161,Europe,-0.25871555293733833,-0.9047839651865631
1871,1987,Slovak Republic,4.886780631880426,Europe,-0.25592042161263573,-0.9059075557453428
1872,1988,Slovak Republic,4.886780631880426,Europe,-0.25312075783925814,-0.9070225162374201
1873,1989,Slovak Republic,4.6934574420477935,Europe,-0.2503165882471443,-0.9081288291902065
1874,1990,Slovak Republic,4.926161281661147,Europe,-0.24750793953155154,-0.9092264772132348
1875,1991,Slovak Republic,4.8760404546675025,Europe,-0.24469483845280324,-0.9103154429983983
1876,1992,Slovak Republic,4.578895551776604,Europe,-0.24187731183603173,-0.9113957093201899
1877,1993,Slovak Republic,4.342611653092277,Europe,-0.2390553865709287,-0.912467259035938
1878,1994,Slovak Republic,3.8342432650138725,Europe,-0.23622908961148564,-0.9135300750860434
1879,1995,Slovak Republic,3.6086995435424685,Europe,-0.23339844797573875,-0.9145841404942157
1880,1996,Slovak Republic,3.361675467645216,Europe,-0.2305634887455112,-0.9156294383677065
1881,1997,Slovak Republic,3.2184731048062294,Europe,-0.22772423906615513,-0.9166659518975456
1882,1998,Slovak Republic,2.982189206121901,Europe,-0.22488072614629256,-0.9176936643587726
1883,1999,Slovak Republic,2.928488320057281,Europe,-0.22203297725755622,-0.9187125591106703
1884,2000,Slovak Republic,2.749485366508547,Europe,-0.21918101973432572,-0.9197226195969964
1885,2001,Slovak Republic,2.6957844804439275,Europe,-0.21632488097347077,-0.920723829346214
1886,2002,Slovak Republic,2.549002058533966,Europe,-0.21346458843408553,-0.9217161719717216
1887,2003,Slovak Republic,2.4487604045466753,Europe,-0.2106001696372263,-0.9226996311720831
1888,2004,Slovak Republic,2.251857155643068,Europe,-0.20773165216564723,-0.923674190731255
1889,2005,Slovak Republic,2.173095856081625,Europe,-0.20485906366353576,-0.9246398345188156
1890,2006,Slovak Republic,1.96187237089412,Europe,-0.20198243183624656,-0.9255965464901905
1891,2007,Slovak Republic,1.7327485903517406,Europe,-0.19910178445003615,-0.9265443106868793
1892,2008,Slovak Republic,1.6289268772934753,Europe,-0.196217149331792,-0.9274831112366804
1893,2009,Slovak Republic,1.5895462275127539,Europe,-0.19332855436876945,-0.9284129323539158
1894,2010,Slovak Republic,1.575225991228855,Europe,-0.19043602750831934,-0.9293337583396537
1895,2011,Slovak Republic,1.457084041886691,Europe,-0.18753959675761925,-0.9302455735819327
1896,2012,Slovak Republic,1.3675825651123243,Europe,-0.18463929018340258,-0.9311483625559817
1897,2013,Slovak Republic,1.3819028013962231,Europe,-0.18173513591168733,-0.9320421098244422
1898,2014,Slovak Republic,1.2351203794862613,Europe,-0.178827162127504,-0.9329268000375882
1899,2015,Slovak Republic,1.1849995524926162,Europe,-0.1759153970746231,-0.933802417933545
1900,2016,Slovak Republic,1.1921596706345654,Europe,-0.17299986905527834,-0.9346689483385087
1901,2017,Slovak Republic,1.2351203794862613,Europe,-0.1700806064298968,-0.9355263761669623
1902,2018,Slovak Republic,1.1670992571377428,Europe,-0.16715763761682034,-0.9363746864218939
1903,2019,Slovak Republic,1.066857603150452,Europe,-0.16423099109203013,-0.9372138641950114
1904,2020,Slovak Republic,1.0274769533697306,Europe,-0.1613006953888698,-0.9380438946669583
1905,2021,Slovak Republic,1.0883379575763,Europe,-0.15836677909776745,-0.9388647631075272
1906,2022,Slovak Republic,0.98093618544706,Europe,-0.15542927086595745,-0.9396764548758738
1907,2023,Slovak Republic,0.9845162445180345,Europe,-0.1524881993972009,-0.9404789554207286
1908,1971,Slovenia,0.0,Europe,-0.1495435934515063,-0.9412722502806088
1909,1972,Slovenia,0.0,Europe,-0.14659548184484558,-0.9420563250840294
1910,1973,Slovenia,0.0,Europe,-0.14364389344887726,-0.9428311655497118
1911,1974,Slovenia,0.0,Europe,-0.14068885719066074,-0.9435967574867938
1912,1975,Slovenia,0.0,Europe,-0.13773040205237413,-0.9443530867950372
1913,1976,Slovenia,0.0,Europe,-0.13476855707103,-0.9451001394650342
1914,1977,Slovenia,0.0,Europe,-0.13180335133819096,-0.9458379015784156
1915,1978,Slovenia,0.0,Europe,-0.128834813999684,-0.9465663593080538
1916,1979,Slovenia,0.0,Europe,-0.12586297425531534,-0.9472854989182687
1917,1980,Slovenia,0.0,Europe,-0.12288786135857985,-0.9479953067650313
1918,1981,Slovenia,0.0,Europe,-0.11990950461637859,-0.9486957692961653
1919,1982,Slovenia,0.0,Europe,-0.11692793338872687,-0.94938687305155
1920,1983,Slovenia,0.0,Europe,-0.11394317708846592,-0.9500686046633203
1921,1984,Slovenia,0.0,Europe,-0.11095526518097296,-0.950740950856067
1922,1985,Slovenia,0.0,Europe,-0.1079642271838705,-0.951403898447036
1923,1986,Slovenia,1.7757092992034367,Europe,-0.10497009266673496,-0.9520574343463258
1924,1987,Slovenia,1.7220084131388167,Europe,-0.10197289125080532,-0.9527015455570852
1925,1988,Slovenia,1.7470688266356393,Europe,-0.09897265260868689,-0.9533362191757097
1926,1989,Slovenia,1.7327485903517406,Europe,-0.09596940646406281,-0.9539614423920365
1927,1990,Slovenia,1.7792893582744116,Europe,-0.09296318259139624,-0.9545772024895385
1928,1991,Slovenia,1.840150362480981,Europe,-0.08995401081563632,-0.9551834868455191
1929,1992,Slovenia,1.9010113666875506,Europe,-0.08694192101192229,-0.9557802829313035
1930,1993,Slovenia,1.969032489036069,Europe,-0.08392694310528698,-0.9563675783124305
1931,1994,Slovenia,1.8652107759778036,Europe,-0.08090910707035975,-0.9569453606488442
1932,1995,Slovenia,1.904591425758525,Europe,-0.07788844293106854,-0.9575136176950826
1933,1996,Slovenia,1.9511321936811958,Europe,-0.07486498076034204,-0.9580723373004666
1934,1997,Slovenia,1.9117515439004746,Europe,-0.0718387506798071,-0.9586215074092893
1935,1998,Slovenia,1.8222500671261077,Europe,-0.06880978285949377,-0.9591611160610003
1936,1999,Slovenia,1.6611474089322475,Europe,-0.06577810751753121,-0.9596911513903944
1937,2000,Slovenia,1.557325695873982,Europe,-0.0627437549198471,-0.9602116016277945
1938,2001,Slovenia,1.5967063456547035,Europe,-0.05970675537986563,-0.9607224550992371
1939,2002,Slovenia,1.5644858140159312,Europe,-0.056667139258204685,-0.9612237002266548
1940,2003,Slovenia,1.5072048688803363,Europe,-0.05362493696237239,-0.9617153255280584
1941,2004,Slovenia,1.4714042781705896,Europe,-0.050580178946463814,-0.9621973196177183
1942,2005,Slovenia,1.4356036874608433,Europe,-0.04753289571085277,-0.962669671206345
1943,2006,Slovenia,1.3890629195381723,Europe,-0.04448311780189144,-0.9631323691012676
1944,2007,Slovenia,1.2924013246218564,Europe,-0.04143087581160075,-0.9635854022066134
1945,2008,Slovenia,1.3317819744025776,Europe,-0.03837620037736444,-0.9640287595234835
1946,2009,Slovenia,1.2959813836928307,Europe,-0.03531912218162151,-0.9644624301501307
1947,2010,Slovenia,1.306721560905755,Europe,-0.03225967195155814,-0.9648864032821342
1948,2011,Slovenia,1.2924013246218564,Europe,-0.029197880458798772,-0.9653006682125738
1949,2012,Slovenia,1.2780810883379576,Europe,-0.026133778519097543,-0.9657052143322039
1950,2013,Slovenia,1.2351203794862613,Europe,-0.023067396992024706,-0.9661000311296261
1951,2014,Slovenia,1.077597780363376,Europe,-0.01999876678066099,-0.966485108191459
1952,2015,Slovenia,1.0596974850085026,Europe,-0.016927918831282727,-0.9668604352025117
1953,2016,Slovenia,1.0919180166472746,Europe,-0.01385488413305065,-0.96722600194595
1954,2017,Slovenia,1.0525373668665532,Europe,-0.010779693717697148,-0.9675817983034671
1955,2018,Slovenia,1.0024165398729081,Europe,-0.0077023786592129405,-0.9679278142554503
1956,2019,Slovenia,0.9343954175243891,Europe,-0.004622970073533059,-0.9682640398811475
1957,2020,Slovenia,0.8878546496017183,Europe,-0.0015414991182222336,-0.968590465358833
1958,2021,Slovenia,0.8413138816790476,Europe,0.0015420030078394976,-0.9689070809659718
1959,2022,Slovenia,0.7983531728273517,Europe,0.004627505064776113,-0.9692138770793828
1960,2023,Slovenia,0.7267519914078582,Europe,0.007714975772026945,-0.9695108441754021
1961,1971,Spain,1.0561174259375279,Europe,0.01080438380866724,-0.969797972830044
1962,1972,Spain,1.0238968942987559,Europe,0.01389569781372503,-0.9700752537191608
1963,1973,Spain,1.0596974850085026,Europe,0.016988886386499487,-0.9703426776186036
1964,1974,Spain,1.0883379575763,Europe,0.020083918086879878,-0.9706002354043798
1965,1975,Spain,1.1169784301440975,Europe,0.023180761435665127,-0.9708479180528108
1966,1976,Spain,1.1957397297055403,Europe,0.026279384914883117,-0.9710857166406883
1967,1977,Spain,1.1133983710731226,Europe,0.02937975696811491,-0.9713136223454303
1968,1978,Spain,1.0919180166472746,Europe,0.032481846000810936,-0.9715316264452342
1969,1979,Spain,1.1599391389957934,Europe,0.0355856203806164,-0.9717397203192314
1970,1980,Spain,1.220800143202363,Europe,0.03869104843769294,-0.9719378954476392
1971,1981,Spain,1.2530206748411348,Europe,0.0417980984650418,-0.9721261434119114
1972,1982,Spain,1.1993197887765148,Europe,0.044906738718827534,-0.9723044558948895
1973,1983,Spain,1.2028998478474895,Europe,0.04801693741870224,-0.9724728246809514
1974,1984,Spain,1.1241385482860469,Europe,0.05112866274812968,-0.9726312416561596
1975,1985,Spain,1.0632775440794773,Europe,0.05424188285471409,-0.9727796988084088
1976,1986,Spain,1.0561174259375279,Europe,0.057356565850521034,-0.9729181882275709
1977,1987,Spain,1.0024165398729081,Europe,0.06047267981240746,-0.9730467021056414
1978,1988,Spain,0.970196008234136,Europe,0.06359019278234798,-0.9731652327368823
1979,1989,Spain,1.013156717085832,Europe,0.06670907276776251,-0.9732737725179657
1980,1990,Spain,0.9916763626599839,Europe,0.06982928774184469,-0.9733723139481152
1981,1991,Spain,1.0059965989438826,Europe,0.07295080564389046,-0.9734608496292474
1982,1992,Spain,1.0525373668665532,Europe,0.07607359437962678,-0.9735393722661108
1983,1993,Spain,0.9988364808019333,Europe,0.0791976218215449,-0.9736078746664256
1984,1994,Spain,1.0167367761568065,Europe,0.08232285580922563,-0.9736663497410203
1985,1995,Spain,1.0274769533697306,Europe,0.08544926414967378,-0.9737147905039693
1986,1996,Spain,0.9594558310212119,Europe,0.08857681461764888,-0.9737531900727273
1987,1997,Spain,0.9988364808019333,Europe,0.0917054749559972,-0.9737815416682655
1988,1998,Spain,0.9845162445180345,Europe,0.0948352128759843,-0.9737998386152028
1989,1999,Spain,1.0203168352277812,Europe,0.09796599605762825,-0.9738080743419402
1990,2000,Spain,1.0274769533697306,Europe,0.10109779215003321,-0.9738062423807907
1991,2001,Spain,0.9916763626599839,Europe,0.10423056877172272,-0.9737943363681106
1992,2002,Spain,1.0274769533697306,Europe,0.10736429351097786,-0.9737723500444271
1993,2003,Spain,1.013156717085832,Europe,0.11049893392616722,-0.9737402772545684
1994,2004,Spain,1.0382171305826546,Europe,0.11363445754608606,-0.9736981119477888
1995,2005,Spain,1.045377248724604,Europe,0.11677083187029169,-0.9736458481778955
1996,2006,Spain,0.98093618544706,Europe,0.11990802436944013,-0.9735834801033736
1997,2007,Spain,0.98093618544706,Europe,0.1230460024856233,-0.9735110019875094
1998,2008,Spain,0.8914347086726931,Europe,0.12618473363270674,-0.9734284081985128
1999,2009,Spain,0.8305737044661238,Europe,0.12932418519666694,-0.9733356932096399
2000,2010,Spain,0.7876129956144275,Europe,0.13246432453593351,-0.973232851599312
2001,2011,Spain,0.8019332318983263,Europe,0.13560511898172303,-0.9731198780512363
2002,2012,Spain,0.8126734091112503,Europe,0.13874653583838228,-0.9729967673545236
2003,2013,Spain,0.7446522867627315,Europe,0.1418885423837274,-0.9728635144038051
2004,2014,Spain,0.7231719323368836,Europe,0.1450311058693845,-0.9727201141993495
2005,2015,Spain,0.7410722276917568,Europe,0.14817419352113087,-0.9725665618471766
2006,2016,Spain,0.6945314597690861,Europe,0.15131777253923617,-0.9724028525591726
2007,2017,Spain,0.7195918732659089,Europe,0.154461810098804,-0.9722289816532023
2008,2018,Spain,0.6873713416271368,Europe,0.15760627335011732,-0.9720449445532201
2009,2019,Spain,0.6300903964915421,Europe,0.1607511294189767,-0.9718507367893818
2010,2020,Spain,0.5907097467108208,Europe,0.16389634540704667,-0.9716463539981531
2011,2021,Spain,0.6050299829947194,Europe,0.1670418883921989,-0.9714317919224186
2012,2022,Spain,0.5871296876398461,Europe,0.17018772542885638,-0.9712070464115883
2013,2023,Spain,0.5262686834332766,Europe,0.17333382354833823,-0.9709721134217044
2014,1971,Sweden,1.6074465228676273,Europe,0.17648014975920465,-0.9707269890155463
2015,1972,Sweden,1.5716459321578808,Europe,0.1796266710476026,-0.9704716693627338
2016,1973,Sweden,1.5394254005191086,Europe,0.18277335437761097,-0.970206150739831
2017,1974,Sweden,1.3640025060413496,Europe,0.18592016669159034,-0.9699304295304463
2018,1975,Sweden,1.3747426832542735,Europe,0.1890670749105247,-0.969644502225335
2019,1976,Sweden,1.4785643963125392,Europe,0.1922140459343723,-0.969348365422497
2020,1977,Sweden,1.449923923744742,Europe,0.1953610466424122,-0.9690420158272757
2021,1978,Sweden,1.3353620334735523,Europe,0.19850804389359256,-0.9687254502524556
2022,1979,Sweden,1.3246218562606282,Europe,0.20165500452687915,-0.9683986656183574
2023,1980,Sweden,1.156359079924819,Europe,0.2048018953616042,-0.9680616589529335
2024,1981,Sweden,1.0024165398729081,Europe,0.20794868319781484,-0.9677144273918623
2025,1982,Sweden,0.9021748858856171,Europe,0.2110953348166263,-0.967356968178639
2026,1983,Sweden,0.805513290969301,Europe,0.21424181698056682,-0.9669892786646693
2027,1984,Sweden,0.7589725230466303,Europe,0.2173880964339316,-0.9666113563093583
2028,1985,Sweden,0.8019332318983263,Europe,0.22053413990313286,-0.9662231986802002
2029,1986,Sweden,0.7983531728273517,Europe,0.22367991409705093,-0.9658248034528665
2030,1987,Sweden,0.7482323458337061,Europe,0.22682538570738622,-0.9654161684112922
2031,1988,Sweden,0.698111518840061,Europe,0.22997052140901086,-0.9649972914477629
2032,1989,Sweden,0.6479906918464153,Europe,0.2331152878603206,-0.9645681705629987
2033,1990,Sweden,0.6336704555625168,Europe,0.2362596517035907,-0.9641288038662369
2034,1991,Sweden,0.6515707509173901,Europe,0.23940357956532404,-0.963679189575316
2035,1992,Sweden,0.6909514006981116,Europe,0.2425470380566081,-0.9632193260167559
2036,1993,Sweden,0.7016915779110355,Europe,0.24568999377346784,-0.9627492116258379
2037,1994,Sweden,0.698111518840061,Europe,0.24883241329721992,-0.9622688449466843
2038,1995,Sweden,0.6658909872012888,Europe,0.2519742631948272,-0.9617782246323352
2039,1996,Sweden,0.7195918732659089,Europe,0.25511551001925387,-0.9612773494448259
2040,1997,Sweden,0.6300903964915421,Europe,0.25825612030981954,-0.9607662182552625
2041,1998,Sweden,0.6121901011366688,Europe,0.2613960605925582,-0.9602448300438946
2042,1999,Sweden,0.5763895104269221,Europe,0.2645352973805694,-0.9597131839001908
2043,2000,Sweden,0.5119484471493779,Europe,0.2676737971743775,-0.9591712790229084
2044,2001,Sweden,0.4940481517945047,Europe,0.2708115264622876,-0.958619114720166
2045,2002,Sweden,0.49762821086547937,Europe,0.2739484517207423,-0.9580566904095122
2046,2003,Sweden,0.5012082699364541,Europe,0.277084539414679,-0.9574840056179941
2047,2004,Sweden,0.4654076792267073,Europe,0.2802197559978872,-0.9569010599822245
2048,2005,Sweden,0.4188669113040366,Europe,0.28335406791336687,-0.9563078532484494
2049,2006,Sweden,0.39022643873623913,Europe,0.28648744159368517,-0.9557043852726106
2050,2007,Sweden,0.36516602523941644,Europe,0.2896198434613385,-0.9550906560204114
2051,2008,Sweden,0.35800590709746716,Europe,0.29275123992910634,-0.9544666655673789
2052,2009,Sweden,0.3472657298845431,Europe,0.2958815974004135,-0.9538324140989246
2053,2010,Sweden,0.36874608431039113,Europe,0.2990108822696883,-0.9531879019104058
2054,2011,Sweden,0.32936543452966976,Europe,0.30213906092272297,-0.9525331294071839
2055,2012,Sweden,0.31146513917479635,Europe,0.3052660997370329,-0.9518680971046829
2056,2013,Sweden,0.29714490289089773,Europe,0.3083919650822171,-0.9511928056284459
2057,2014,Sweden,0.27924460753602437,Europe,0.31151662332031776,-0.9505072557141905
2058,2015,Sweden,0.26492437125212565,Europe,0.31464004080618446,-0.9498114482078635
2059,2016,Sweden,0.2577642531101763,Europe,0.3177621838878299,-0.9491053840656939
2060,2017,Sweden,0.24702407589725234,Europe,0.32088301890679477,-0.9483890643542455
2061,2018,Sweden,0.22912378054237897,Europe,0.32400251219850856,-0.9476624902504669
2062,2019,Sweden,0.22196366240042958,Europe,0.32712063009265074,-0.9469256630417419
2063,2020,Sweden,0.21838360332945492,Europe,0.330237338913514,-0.9461785841259378
2064,2021,Sweden,0.22196366240042958,Europe,0.3333526049803648,-0.9454212550114519
2065,2022,Sweden,0.1969032489036069,Europe,0.33646639460780703,-0.9446536773172601
2066,2023,Sweden,0.20048330797458158,Europe,0.3395786741061465,-0.9438758527729572
2067,1971,Switzerland,0.40454667502013786,Europe,0.3426894097817502,-0.943087783218806
2068,1972,Switzerland,0.3938064978072138,Europe,0.34579856793741215,-0.9422894706057765
2069,1973,Switzerland,0.4188669113040366,Europe,0.34890611487271606,-0.9414809169955881
2070,1974,Switzerland,0.36874608431039113,Europe,0.3520120168843997,-0.9406621245607499
2071,1975,Switzerland,0.37948626152331516,Europe,0.35511624026671806,-0.939833095584599
2072,1976,Switzerland,0.40454667502013786,Europe,0.3582187513118082,-0.93899383246134
2073,1977,Switzerland,0.40096661594916316,Europe,0.36131951631005294,-0.9381443376960791
2074,1978,Switzerland,0.40812673409111255,Europe,0.3644185015504455,-0.9372846139048622
2075,1979,Switzerland,0.38664637966526444,Europe,0.3675156733209564,-0.9364146638147056
2076,1980,Switzerland,0.37232614338136577,Europe,0.370610997908895,-0.9355344902636333
2077,1981,Switzerland,0.3436856708135684,Europe,0.37370444160127664,-0.9346440962007054
2078,1982,Switzerland,0.32936543452966976,Europe,0.3767959706851881,-0.9337434846860501
2079,1983,Switzerland,0.36874608431039113,Europe,0.37988555144815267,-0.9328326588908927
2080,1984,Switzerland,0.35084578895551777,Europe,0.38297315017849615,-0.9319116220975838
2081,1985,Switzerland,0.36874608431039113,Europe,0.3860587331657132,-0.9309803776996275
2082,1986,Switzerland,0.3615859661684418,Europe,0.3891422667008316,-0.9300389292017045
2083,1987,Switzerland,0.34010561174259374,Europe,0.39222371707678305,-0.9290872802196989
2084,1988,Switzerland,0.32936543452966976,Europe,0.3953030505887639,-0.928125434480721
2085,1989,Switzerland,0.31146513917479635,Europe,0.3983802335346056,-0.9271533958231296
2086,1990,Switzerland,0.31146513917479635,Europe,0.4014552322151403,-0.9261711681965523
2087,1991,Switzerland,0.3329454936006444,Europe,0.40452801293456797,-0.9251787556619058
2088,1992,Switzerland,0.3365255526716191,Europe,0.40759854200082396,-0.9241761623914146
2089,1993,Switzerland,0.31862525731674574,Europe,0.4106667857259453,-0.9231633926686275
2090,1994,Switzerland,0.3078850801038217,Europe,0.4137327104264386,-0.9221404508884352
2091,1995,Switzerland,0.31504519824577104,Europe,0.4167962824236497,-0.9211073415570823
2092,1996,Switzerland,0.31862525731674574,Europe,0.4198574680441273,-0.9200640692921852
2093,1997,Switzerland,0.30430502103284707,Europe,0.4229162336199937,-0.9190106388227408
2094,1998,Switzerland,0.30430502103284707,Europe,0.4259725454893122,-0.9179470549891402
2095,1999,Switzerland,0.3007249619618724,Europe,0.4290263699964548,-0.9168733227431771
2096,2000,Switzerland,0.282824666606999,Europe,0.432077673492471,-0.9157894471480577
2097,2001,Switzerland,0.28998478474894834,Europe,0.43512642233545595,-0.9146954333784083
2098,2002,Switzerland,0.27924460753602437,Europe,0.43817258289091765,-0.9135912867202808
2099,2003,Switzerland,0.2864047256779737,Europe,0.44121612153214973,-0.9124770125711583
2100,2004,Switzerland,0.282824666606999,Europe,0.44425700464059426,-0.91135261643996
2101,2005,Switzerland,0.27924460753602437,Europe,0.44729519860621464,-0.9102181039470426
2102,2006,Switzerland,0.26492437125212565,Europe,0.4503306698278631,-0.9090734808242028
2103,2007,Switzerland,0.24344401682627764,Europe,0.45336338471364995,-0.9079187529146766
2104,2008,Switzerland,0.24344401682627764,Europe,0.4563933096813129,-0.90675392617314
2105,2009,Switzerland,0.24344401682627764,Europe,0.4594204111585855,-0.9055790066657045
2106,2010,Switzerland,0.24344401682627764,Europe,0.46244465558356734,-0.9043940005699167
2107,2011,Switzerland,0.21838360332945492,Europe,0.4654660094050917,-0.9031989141747508
2108,2012,Switzerland,0.22196366240042958,Europe,0.46848443908309906,-0.9019937538806045
2109,2013,Switzerland,0.22554372147140428,Europe,0.471499911089001,-0.9007785261992921
2110,2014,Switzerland,0.20048330797458158,Europe,0.4745123919060533,-0.8995532377540352
2111,2015,Switzerland,0.19332318983263222,Europe,0.4775218480297249,-0.8983178952794542
2112,2016,Switzerland,0.19332318983263222,Europe,0.4805282459680671,-0.8970725056215567
2113,2017,Switzerland,0.18258301261970822,Europe,0.4835315522420841,-0.8958170757377273
2114,2018,Switzerland,0.1718428354067842,Europe,0.4865317333861017,-0.8945516126967112
2115,2019,Switzerland,0.1718428354067842,Europe,0.48952875594813744,-0.8932761236786045
2116,2020,Switzerland,0.16468271726483488,Europe,0.4925225864902728,-0.8919906159748334
2117,2021,Switzerland,0.1611026581938602,Europe,0.4955131915890188,-0.8906950969881413
2118,2022,Switzerland,0.14320236283898685,Europe,0.49850053783568915,-0.8893895742325696
2119,2023,Switzerland,0.13962230376801218,Europe,0.5014845918367692,-0.8880740553334375
2120,1971,Republic of Türkiye,1.2351203794862613,Europe,0.5044653202142859,-0.8867485480273228
2121,1972,Republic of Türkiye,1.3496822697574509,Europe,0.5074426896061781,-0.8854130601620394
2122,1973,Republic of Türkiye,1.4069632148930458,Europe,0.5104166666666669,-0.8840675996966145
2123,1974,Republic of Türkiye,1.396223037680122,Europe,0.5133872180666235,-0.8827121747012646
2124,1975,Republic of Türkiye,1.4069632148930458,Europe,0.5163543104939445,-0.8813467933573693
2125,1976,Republic of Türkiye,1.4212834511769445,Europe,0.5193179106539157,-0.879971463957446
2126,1977,Republic of Türkiye,1.489304573525463,Europe,0.5222779852695859,-0.878586194905121
2127,1978,Republic of Türkiye,1.4857245144544884,Europe,0.5252345010821361,-0.8771909947151008
2128,1979,Republic of Türkiye,1.3819028013962231,Europe,0.5281874248512495,-0.875785872013141
2129,1980,Republic of Türkiye,1.4749843372415645,Europe,0.5311367233554822,-0.8743708355360168
2130,1981,Republic of Türkiye,1.403383155822071,Europe,0.5340823633926318,-0.8729458941314868
2131,1982,Republic of Türkiye,1.4821444553835137,Europe,0.5370243117801095,-0.8715110567582631
2132,1983,Republic of Türkiye,1.5179450460932606,Europe,0.5399625353553069,-0.870066332485972
2133,1984,Republic of Türkiye,1.4964646916674123,Europe,0.5428970009759718,-0.8686117304951201
2134,1985,Republic of Türkiye,1.5609057549449565,Europe,0.5458276755205711,-0.8671472600770558
2135,1986,Republic of Türkiye,1.5823861093708047,Europe,0.5487545258886654,-0.8656729306339304
2136,1987,Republic of Türkiye,1.5823861093708047,Europe,0.5516775190012769,-0.8641887516786577
2137,1988,Republic of Türkiye,1.4821444553835137,Europe,0.5545966218012605,-0.8626947328348732
2138,1989,Republic of Türkiye,1.6396670545063994,Europe,0.5575118012536731,-0.8611908838368907
2139,1990,Republic of Türkiye,1.600286404725678,Europe,0.5604230243461424,-0.8596772145296582
2140,1991,Republic of Türkiye,1.6253468182225006,Europe,0.5633302580892375,-0.8581537348687147
2141,1992,Republic of Türkiye,1.5859661684417792,Europe,0.5662334695168405,-0.8566204549201404
2142,1993,Republic of Türkiye,1.5322652823771592,Europe,0.5691326256865117,-0.8550773848605123
2143,1994,Republic of Türkiye,1.5967063456547035,Europe,0.572027693679862,-0.8535245349768547
2144,1995,Republic of Türkiye,1.636086995435425,Europe,0.5749186406029217,-0.8519619156665872
2145,1996,Republic of Türkiye,1.6933679405710191,Europe,0.577805433586511,-0.8503895374374765
2146,1997,Republic of Türkiye,1.6468271726483488,Europe,0.5806880397866068,-0.8488074109075808
2147,1998,Republic of Türkiye,1.5967063456547035,Europe,0.5835664263847141,-0.8472155468051985
2148,1999,Republic of Türkiye,1.6468271726483488,Europe,0.5864405605882332,-0.8456139559688118
2149,2000,Republic of Türkiye,1.7399087084936902,Europe,0.5893104096308326,-0.8440026493470303
2150,2001,Republic of Türkiye,1.6790477042871208,Europe,0.5921759407728123,-0.842381637998535
2151,2002,Republic of Türkiye,1.6611474089322475,Europe,0.5950371213014766,-0.8407509330920183
2152,2003,Republic of Türkiye,1.6575673498612729,Europe,0.5978939185315014,-0.8391105459061247
2153,2004,Republic of Türkiye,1.5394254005191086,Europe,0.6007462998053034,-0.8374604878293889
2154,2005,Republic of Türkiye,1.4714042781705896,Europe,0.6035942324934083,-0.8358007703601752
2155,2006,Republic of Türkiye,1.5322652823771592,Europe,0.6064376839948187,-0.834131405106611
2156,2007,Republic of Türkiye,1.6146066410095767,Europe,0.6092766217373833,-0.8324524037865249
2157,2008,Republic of Türkiye,1.57880605029983,Europe,0.612111013178164,-0.8307637782273791
2158,2009,Republic of Türkiye,1.6504072317193237,Europe,0.6149408258038059,-0.8290655403662013
2159,2010,Republic of Türkiye,1.5609057549449565,Europe,0.6177660271309022,-0.8273577022495179
2160,2011,Republic of Türkiye,1.5072048688803363,Europe,0.6205865847063642,-0.8256402760332837
2161,2012,Republic of Türkiye,1.492884632596438,Europe,0.623402466107788,-0.8239132739828107
2162,2013,Republic of Türkiye,1.3138816790477041,Europe,0.626213638943822,-0.8221767084726948
2163,2014,Republic of Türkiye,1.3496822697574509,Europe,0.6290200708545347,-0.8204305919867444
2164,2015,Republic of Türkiye,1.3210417971896535,Europe,0.631821729511781,-0.818674937117904
2165,2016,Republic of Türkiye,1.360422446970375,Europe,0.6346185826195695,-0.8169097565681797
2166,2017,Republic of Türkiye,1.4141233330349952,Europe,0.6374105979144313,-0.8151350631485594
2167,2018,Republic of Türkiye,1.3568423878994005,Europe,0.6401977431657829,-0.8133508697789383
2168,2019,Republic of Türkiye,1.317461738118679,Europe,0.6429799861762954,-0.8115571894880359
2169,2020,Republic of Türkiye,1.2924013246218564,Europe,0.6457572947822595,-0.8097540354133166
2170,2021,Republic of Türkiye,1.2673409111250336,Europe,0.6485296368539534,-0.8079414208009084
2171,2022,Republic of Türkiye,1.1706793162087175,Europe,0.651296980296006,-0.8061193590055168
2172,2023,Republic of Türkiye,1.120558489215072,Europe,0.6540592930477662,-0.8042878634903441
2173,1971,United Kingdom,1.96187237089412,Europe,0.6568165430836639,-0.8024469478270002
2174,1972,United Kingdom,1.8222500671261077,Europe,0.6595686984135815,-0.8005966256954169
2175,1973,United Kingdom,1.8007697127002595,Europe,0.6623157270832128,-0.7987369108837604
2176,1974,United Kingdom,1.7327485903517406,Europe,0.665057597174432,-0.7968678172883411
2177,1975,United Kingdom,1.7041081177839434,Europe,0.6677942768056566,-0.7949893589135227
2178,1976,United Kingdom,1.6718875861451714,Europe,0.6705257341322135,-0.7931015498716307
2179,1977,United Kingdom,1.6611474089322475,Europe,0.6732519373467021,-0.7912044043828597
2180,1978,United Kingdom,1.5895462275127539,Europe,0.6759728546793583,-0.7892979367751772
2181,1979,United Kingdom,1.6146066410095767,Europe,0.6786884543984195,-0.787382161484231
2182,1980,United Kingdom,1.510784927951311,Europe,0.6813987048104886,-0.7854570930532486
2183,1981,United Kingdom,1.4785643963125392,Europe,0.6841035742608954,-0.7835227461329427
2184,1982,United Kingdom,1.4141233330349952,Europe,0.6868030311340612,-0.7815791354814101
2185,1983,United Kingdom,1.338942092544527,Europe,0.6894970438538613,-0.7796262759640312
2186,1984,United Kingdom,1.2673409111250336,Europe,0.6921855808839893,-0.7776641825533698
2187,1985,United Kingdom,1.281661147408932,Europe,0.6948686107283167,-0.7756928703290671
2188,1986,United Kingdom,1.2780810883379576,Europe,0.6975461019312581,-0.7737123544777413
2189,1987,United Kingdom,1.220800143202363,Europe,0.7002180230781305,-0.7717226502928792
2190,1988,United Kingdom,1.156359079924819,Europe,0.702884342795517,-0.7697237731747321
2191,1989,United Kingdom,1.1026581938601987,Europe,0.7055450297516288,-0.7677157386302043
2192,1990,United Kingdom,1.099078134789224,Europe,0.7082000526566632,-0.7656985622727484
2193,1991,United Kingdom,1.1348787254989707,Europe,0.7108493802631674,-0.7636722598222525
2194,1992,United Kingdom,1.1062382529311734,Europe,0.7134929813663978,-0.7616368471049296
2195,1993,United Kingdom,1.0489573077955785,Europe,0.7161308248046816,-0.7595923400532043
2196,1994,United Kingdom,1.0024165398729081,Europe,0.718762879459775,-0.7575387547055986
2197,1995,United Kingdom,0.9594558310212119,Europe,0.7213891142572249,-0.7554761072066186
2198,1996,United Kingdom,0.9737760673051106,Europe,0.7240094981667262,-0.7534044138066367
2199,1997,United Kingdom,0.8878546496017183,Europe,0.7266240002024847,-0.7513236908617723
2200,1998,United Kingdom,0.8627942361048957,Europe,0.7292325894235714,-0.7492339548337773
2201,1999,United Kingdom,0.8341537635370984,Europe,0.7318352349342837,-0.7471352222899127
2202,2000,United Kingdom,0.8126734091112503,Europe,0.734431905884504,-0.7450275099028292
2203,2001,United Kingdom,0.8162534681822251,Europe,0.737022571470056,-0.7429108344504431
2204,2002,United Kingdom,0.7804528774724783,Europe,0.739607200933064,-0.7407852128158149
2205,2003,United Kingdom,0.7732927593305289,Europe,0.7421857635623084,-0.7386506619870218
2206,2004,United Kingdom,0.7553924639756555,Europe,0.7447582286935844,-0.7365071990570349
2207,2005,United Kingdom,0.7339121095498075,Europe,0.7473245657100595,-0.7343548412235877
2208,2006,United Kingdom,0.7160118141949343,Europe,0.7498847440426257,-0.7321936057890522
2209,2007,United Kingdom,0.6837912825561622,Europe,0.7524387331702598,-0.7300235101603061
2210,2008,United Kingdom,0.6658909872012888,Europe,0.7549865026203765,-0.7278445718486032
2211,2009,United Kingdom,0.6336704555625168,Europe,0.7575280219691856,-0.7256568084694416
2212,2010,United Kingdom,0.6444106327754408,Europe,0.7600632608420448,-0.7234602377424285
2213,2011,United Kingdom,0.5835496285688714,Europe,0.7625921889138166,-0.7212548774911485
2214,2012,United Kingdom,0.6050299829947194,Europe,0.7651147759092206,-0.7190407456430258
2215,2013,United Kingdom,0.5763895104269221,Europe,0.7676309916031876,-0.7168178602291889
2216,2014,United Kingdom,0.5083683880784032,Europe,0.770140805821216,-0.7145862393843294
2217,2015,United Kingdom,0.47972791551060595,Europe,0.7726441884397202,-0.712345901346567
2218,2016,United Kingdom,0.44392732480085917,Europe,0.775141109386387,-0.7100968644573068
2219,2017,United Kingdom,0.4188669113040366,Europe,0.7776315386405259,-0.7078391471610965
2220,2018,United Kingdom,0.40812673409111255,Europe,0.7801154462334234,-0.7055727680054865
2221,2019,United Kingdom,0.38664637966526444,Europe,0.7825928022486915,-0.7032977456408823
2222,2020,United Kingdom,0.37948626152331516,Europe,0.7850635768226221,-0.7010140988204024
2223,2021,United Kingdom,0.37232614338136577,Europe,0.7875277401445346,-0.6987218463997303
2224,2022,United Kingdom,0.3436856708135684,Europe,0.7899852624571307,-0.6964210073369653
2225,2023,United Kingdom,0.3222053163877204,Europe,0.7924361140568399,-0.6941116006924772
2226,1971,OECD Europe,1.8795310122617024,Europe,0.794880265294171,-0.6917936456287536
2227,1972,OECD Europe,1.8437304215519557,Europe,0.7973176865740624,-0.6894671614102499
2228,1973,OECD Europe,1.8329902443390318,Europe,0.7997483483562289,-0.6871321674032355
2229,1974,OECD Europe,1.750648885706614,Europe,0.8021722211555117,-0.6847886830756423
2230,1975,OECD Europe,1.7112682359258926,Europe,0.804589275542225,-0.6824367279969076
2231,1976,OECD Europe,1.7399087084936902,Europe,0.8069994821425046,-0.6800763218378203
2232,1977,OECD Europe,1.6897878815000447,Europe,0.8094028116386556,-0.6777074843703609
2233,1978,OECD Europe,1.68620782242907,Europe,0.8117992347694964,-0.6753302354675467
2234,1979,OECD Europe,1.68620782242907,Europe,0.8141887223307076,-0.6729445951032692
2235,1980,OECD Europe,1.6181867000805514,Europe,0.8165712451751761,-0.6705505833521356
2236,1981,OECD Europe,1.5465855186610578,Europe,0.8189467742133422,-0.6681482203893054
2237,1982,OECD Europe,1.4964646916674123,Europe,0.8213152804135418,-0.6657375264903279
2238,1983,OECD Europe,1.4535039828157164,Europe,0.8236767348023541,-0.6633185220309781
2239,1984,OECD Europe,1.4284435693188937,Europe,0.8260311084649421,-0.6608912274870916
2240,1985,OECD Europe,1.4141233330349952,Europe,0.8283783725454003,-0.6584556634343955
2241,1986,OECD Europe,1.3854828604671978,Europe,0.830718498247093,-0.6560118505483448
2242,1987,OECD Europe,1.360422446970375,Europe,0.8330514568330001,-0.6535598096039502
2243,1988,OECD Europe,1.2995614427638056,Europe,0.8353772196260586,-0.6510995614756098
2244,1989,OECD Europe,1.2566007339121095,Europe,0.837695758009503,-0.6486311271369362
2245,1990,OECD Europe,1.2172200841313883,Europe,0.8400070434272083,-0.6461545276605857
2246,1991,OECD Europe,1.2136400250604136,Europe,0.8423110473840287,-0.6436697842180832
2247,1992,OECD Europe,1.1670992571377428,Europe,0.8446077414461395,-0.6411769180796488
2248,1993,OECD Europe,1.1456189027118948,Europe,0.846897097241375,-0.6386759506140216
2249,1994,OECD Europe,1.1133983710731226,Europe,0.8491790864595702,-0.6361669032882801
2250,1995,OECD Europe,1.0954980757182493,Europe,0.8514536808528963,-0.6336497976676677
2251,1996,OECD Europe,1.109818312002148,Europe,0.8537208522362006,-0.6311246554154114
2252,1997,OECD Europe,1.0561174259375279,Europe,0.8559805724873452,-0.6285914982925414
2253,1998,OECD Europe,1.0274769533697306,Europe,0.8582328135475409,-0.6260503481577088
2254,1999,OECD Europe,0.9880963035890094,Europe,0.8604775474216871,-0.6235012269670037
2255,2000,OECD Europe,0.9558757719502373,Europe,0.8627147461787065,-0.6209441567737705
2256,2001,OECD Europe,0.9487156538082879,Europe,0.8649443819518793,-0.6183791597284237
2257,2002,OECD Europe,0.937975476595364,Europe,0.8671664269391818,-0.6158062580782584
2258,2003,OECD Europe,0.9487156538082879,Europe,0.869380853403617,-0.613225474167267
2259,2004,OECD Europe,0.9272352993824398,Europe,0.871587633673551,-0.610636830435949
2260,2005,OECD Europe,0.9021748858856171,Europe,0.8737867401430446,-0.6080403494211191
2261,2006,OECD Europe,0.8771144723887945,Europe,0.8759781452721886,-0.6054360537557197
2262,2007,OECD Europe,0.8448939407500223,Europe,0.8781618215874335,-0.602823966168626
2263,2008,OECD Europe,0.8234135863241744,Europe,0.8803377416819231,-0.6002041094844544
2264,2009,OECD Europe,0.805513290969301,Europe,0.8825058782158244,-0.597576506623368
2265,2010,OECD Europe,0.8090933500402757,Europe,0.8846662039166602,-0.5949411806008787
2266,2011,OECD Europe,0.7661326411885796,Europe,0.8868186915796364,-0.5922981545276549
2267,2012,OECD Europe,0.7625525821176049,Europe,0.8889633140679734,-0.58964745160932
2268,2013,OECD Europe,0.7410722276917568,Europe,0.8911000443132351,-0.5869890951462555
2269,2014,OECD Europe,0.6945314597690861,Europe,0.8932288553156552,-0.5843231085333996
2270,2015,OECD Europe,0.6873713416271368,Europe,0.8953497201444687,-0.5816495152600478
2271,2016,OECD Europe,0.6766311644142129,Europe,0.8974626119382345,-0.578968338909648
2272,2017,OECD Europe,0.6658909872012888,Europe,0.899567503905166,-0.5762796031596001
2273,2018,OECD Europe,0.6372505146334915,Europe,0.9016643693234543,-0.5735833317810494
2274,2019,OECD Europe,0.5978698648527702,Europe,0.9037531815415962,-0.5708795486386798
2275,2020,OECD Europe,0.5799695694978967,Europe,0.9058339139787163,-0.5681682776905108
2276,2021,OECD Europe,0.5835496285688714,Europe,0.9079065401248921,-0.5654495429876862
2277,2022,OECD Europe,0.5513290969300993,Europe,0.9099710335414796,-0.5627233686742673
2278,2023,OECD Europe,0.5047883290074285,Europe,0.9120273678614323,-0.5599897789870203
2279,1971,Albania,4.743578269041439,Europe,0.9140755167896281,-0.5572487982552073
2280,1972,Albania,5.012082699364539,Europe,0.9161154541031872,-0.5545004509003729
2281,1973,Albania,3.9846057459948088,Europe,0.918147153651795,-0.5517447614361312
2282,1974,Albania,4.263850353530834,Europe,0.9201705893580236,-0.5489817544679488
2283,1975,Albania,4.249530117246935,Europe,0.922185735217649,-0.5462114546929332
2284,1976,Albania,4.278170589814732,Europe,0.9241925652999728,-0.5434338868996135
2285,1977,Albania,4.263850353530834,Europe,0.9261910537481386,-0.540649075967722
2286,1978,Albania,4.5323547838539335,Europe,0.9281811747794525,-0.5378570468679772
2287,1979,Albania,5.101584176138907,Europe,0.9301629026856972,-0.5350578246618611
2288,1980,Albania,5.055043408216235,Europe,0.9321362118334524,-0.5322514345014006
2289,1981,Albania,4.102747695336973,Europe,0.934101076664407,-0.5294379016289438
2290,1982,Albania,4.167188758614516,Europe,0.9360574716956779,-0.5266172513769347
2291,1983,Albania,4.4965541931441875,Europe,0.938005371520122,-0.523789509167693
2292,1984,Albania,4.775798800680212,Europe,0.9399447508066509,-0.5209547005131854
2293,1985,Albania,4.6576568513380465,Europe,0.9418755843005459,-0.5181128510147999
2294,1986,Albania,4.424953011724694,Europe,0.9437978468237673,-0.5152639863631171
2295,1987,Albania,4.6397565559831735,Europe,0.9457115132752706,-0.512408132337683
2296,1988,Albania,4.6576568513380465,Europe,0.9476165586313141,-0.5095453148067778
2297,1989,Albania,4.052626868343328,Europe,0.9495129579457711,-0.5066755597271855
2298,1990,Albania,3.7375816700975566,Europe,0.9514006863504408,-0.5037988931439594
2299,1991,Albania,3.4833974760583546,Europe,0.9532797190553555,-0.5009153411901938
2300,1992,Albania,2.1050747337331064,Europe,0.9551500313490909,-0.49802493008678567
2301,1993,Albania,1.7757092992034367,Europe,0.9570115985990719,-0.4951276861422005
2302,1994,Albania,1.6718875861451714,Europe,0.9588643962518827,-0.4922236357522367
2303,1995,Albania,1.392642978609147,Europe,0.96070839983357,-0.4893128053997865
2304,1996,Albania,1.2888212655508815,Europe,0.9625435849499517,-0.4863952216545992
2305,1997,Albania,1.109818312002148,Europe,0.9643699272869196,-0.48347091117304014
2306,1998,Albania,1.2566007339121095,Europe,0.9661874026107443,-0.4805399006978519
2307,1999,Albania,1.8508905396939048,Europe,0.967995986768381,-0.4776022170579086
2308,2000,Albania,1.8294101852680569,Europe,0.9697956556877679,-0.4746578871679782
2309,2001,Albania,1.7649691219905128,Europe,0.9715863853781331,-0.47170693802847596
2310,2002,Albania,1.9654524299650946,Europe,0.9733681519302919,-0.46874939672521926
2311,2003,Albania,1.8974313076165759,Europe,0.9751409315169506,-0.465785290429183
2312,2004,Albania,1.8866911304036518,Europe,0.9769047003930047,-0.4628146463962514
2313,2005,Albania,1.7041081177839434,Europe,0.9786594348958383,-0.4598374919669709
2314,2006,Albania,1.5967063456547035,Europe,0.9804051114456226,-0.4568538545663013
2315,2007,Albania,1.5000447507383872,Europe,0.9821417065456147,-0.45386376170336246
2316,2008,Albania,1.3711626241832993,Europe,0.983869196782453,-0.4508672409711886
2317,2009,Albania,1.3461022106864764,Europe,0.9855875588264529,-0.44786432004647175
2318,2010,Albania,1.3568423878994005,Europe,0.987296769431905,-0.44485502668931093
2319,2011,Albania,1.392642978609147,Europe,0.9889968054373662,-0.44183938874295586
2320,2012,Albania,1.156359079924819,Europe,0.9906876437659567,-0.43881743413355373
2321,2013,Albania,1.1993197887765148,Europe,0.9923692614256509,-0.4357891908698914
2322,2014,Albania,1.3317819744025776,Europe,0.9940416355095704,-0.4327546870431394
2323,2015,Albania,1.2064799069184642,Europe,0.9957047431962768,-0.4297139508265904
2324,2016,Albania,1.1241385482860469,Europe,0.9973585617500601,-0.4266670104754045
2325,2017,Albania,1.2888212655508815,Europe,0.9990030685212312,-0.4236138943263459
2326,2018,Albania,1.2351203794862613,Europe,1.0006382409464079,-0.4205546307975214
2327,2019,Albania,1.120558489215072,Europe,1.0022640565488075,-0.41748924838811957
2328,2020,Albania,0.970196008234136,Europe,1.00388049293853,-0.4144177756781452
2329,2021,Albania,1.0203168352277812,Europe,1.0054875278128488,-0.4113402413281568
2330,2022,Albania,0.9021748858856171,Europe,1.0070851389564934,-0.4082566740789999
2331,2023,Albania,0.8305737044661238,Europe,1.0086733042419371,-0.4051671027515419
2332,1971,Armenia,0.0,Asia,1.0102520016296803,-0.402071556246401
2333,1972,Armenia,0.0,Asia,1.0118212091685335,-0.3989700635436828
2334,1973,Armenia,0.0,Asia,1.0133809049959017,-0.3958626537027081
2335,1974,Armenia,0.0,Asia,1.0149310673380636,-0.3927493558617419
2336,1975,Armenia,0.0,Asia,1.0164716745104565,-0.3896301992377236
2337,1976,Armenia,0.0,Asia,1.0180027049179527,-0.38650521312599284
2338,1977,Armenia,0.0,Asia,1.0195241370551422,-0.3833744269000177
2339,1978,Armenia,0.0,Asia,1.0210359495066081,-0.3802378700111199
2340,1979,Armenia,0.0,Asia,1.0225381209472078,-0.3770955719881965
2341,1980,Armenia,0.0,Asia,1.0240306301423476,-0.37394756243744864
2342,1981,Armenia,0.0,Asia,1.0255134559482586,-0.3707938710421006
2343,1982,Armenia,0.0,Asia,1.0269865773122742,-0.3676345275621226
2344,1983,Armenia,0.0,Asia,1.0284499732731012,-0.3644695618339511
2345,1984,Armenia,0.0,Asia,1.029903622961097,-0.3612990037702087
2346,1985,Armenia,0.0,Asia,1.031347505598539,-0.3581228833594231
2347,1986,Armenia,0.0,Asia,1.0327816004998984,-0.3549412306657455
2348,1987,Armenia,0.0,Asia,1.0342058870721107,-0.3517540758286639
2349,1988,Armenia,0.0,Asia,1.035620344814845,-0.3485614490627244
2350,1989,Armenia,0.0,Asia,1.037024953320775,-0.3453633806572427
2351,1990,Armenia,11.57433097646111,Asia,1.0384196922758442,-0.34215990097601834
2352,1991,Armenia,13.66508547391032,Asia,1.0398045414595367,-0.33895104045704877
2353,1992,Armenia,12.097019600823414,Asia,1.0411794807451424,-0.3357368296122403
2354,1993,Armenia,6.494227154748053,Asia,1.0425444901000216,-0.33251729902711996
2355,1994,Armenia,3.354515349503267,Asia,1.0438995495858716,-0.32929247936054523
2356,1995,Armenia,3.905844446433366,Asia,1.045244639358989,-0.32606240134441455
2357,1996,Armenia,2.6492437125212565,Asia,1.046579739670535,-0.3228270957833719
2358,1997,Armenia,3.3688355857871652,Asia,1.0479048308667942,-0.31958659355451907
2359,1998,Armenia,3.2936543452966975,Asia,1.0492198933894388,-0.3163409256071195
2360,1999,Armenia,2.853307079566813,Asia,1.0505249077757866,-0.3130901229623037
2361,2000,Armenia,3.146871923386736,Asia,1.0518198546590627,-0.30983421671277445
2362,2001,Armenia,2.9034279065604585,Asia,1.0531047147686556,-0.3065732380225101
2363,2002,Armenia,2.1265550881589546,Asia,1.0543794689303763,-0.3033072181264674
2364,2003,Armenia,2.1014946746621317,Asia,1.0556440980667146,-0.3000361883302845
2365,2004,Armenia,2.011993197887765,Asia,1.0568985831970943,-0.2967601800099778
2366,2005,Armenia,2.1014946746621317,Asia,1.0581429054381297,-0.29347922461164766
2367,2006,Armenia,1.8652107759778036,Asia,1.0593770460038763,-0.2901933536511735
2368,2007,Armenia,1.8938512485456012,Asia,1.0606009862060868,-0.28690259871391366
2369,2008,Armenia,1.9475521346102211,Asia,1.0618147074544615,-0.2836069914544017
2370,2009,Armenia,1.8365703034100065,Asia,1.0630181912569001,-0.28030656359604333
2371,2010,Armenia,1.7041081177839434,Asia,1.064211419219751,-0.27700134693081185
2372,2011,Armenia,1.8795310122617024,Asia,1.0653943730480608,-0.27369137331894355
2373,2012,Armenia,2.0406336704555623,Asia,1.0665670345458238,-0.27037667468862775
2374,2013,Armenia,1.9010113666875506,Asia,1.067729385616227,-0.26705728303570503
2375,2014,Armenia,1.8329902443390318,Asia,1.0688814082618983,-0.2637332304233557
2376,2015,Armenia,1.7327485903517406,Asia,1.0700230845851502,-0.26040454898179144
2377,2016,Armenia,1.664727468003222,Asia,1.0711543967882262,-0.2570712709079457
2378,2017,Armenia,1.6253468182225006,Asia,1.0722753271735426,-0.2537334284651628
2379,2018,Armenia,1.6146066410095767,Asia,1.0733858581439317,-0.2503910539828864
2380,2019,Armenia,1.6289268772934753,Asia,1.074485972202883,-0.24704417985634813
2381,2020,Armenia,1.8974313076165759,Asia,1.0755756519547843,-0.24369283854625012
2382,2021,Armenia,1.9439720755392464,Asia,1.0766548801051612,-0.24033706257845686
2383,2022,Armenia,1.772129240132462,Asia,1.0777236394609135,-0.23697688454367583
2384,2023,Armenia,0.0,Asia,1.0787819129305574,-0.23361233709714335
2438,1971,Belarus,0.0,Europe,1.0798296835244567,-0.2302434529583068
2439,1972,Belarus,0.0,Europe,1.0808669343550632,-0.2268702649105078
2440,1973,Belarus,0.0,Europe,1.081893648637148,-0.22349280580066333
2441,1974,Belarus,0.0,Europe,1.082909809688037,-0.22011110853894642
2442,1975,Belarus,0.0,Europe,1.083915400927842,-0.21672520609846707
2443,1976,Belarus,0.0,Europe,1.0849104058796948,-0.21333513151494726
2444,1977,Belarus,0.0,Europe,1.0858948081699755,-0.2099409178864051
2445,1978,Belarus,0.0,Europe,1.0868685915285423,-0.20654259837282785
2446,1979,Belarus,0.0,Europe,1.0878317397889623,-0.20314020619584994
2447,1980,Belarus,0.0,Europe,1.0887842368887364,-0.19973377463842812
2448,1981,Belarus,0.0,Europe,1.0897260668695277,-0.19632333704451668
2449,1982,Belarus,0.0,Europe,1.0906572138773862,-0.1929089268187412
2450,1983,Belarus,0.0,Europe,1.0915776621629736,-0.18949057742607273
2451,1984,Belarus,0.0,Europe,1.0924873960817885,-0.18606832239149662
2452,1985,Belarus,0.0,Europe,1.0933864000943845,-0.18264219529968936
2453,1986,Belarus,0.0,Europe,1.0942746587665972,-0.179212229794686
2454,1987,Belarus,0.0,Europe,1.0951521567697602,-0.17577845957955057
2455,1988,Belarus,0.0,Europe,1.096018878880928,-0.17234091841604576
2456,1989,Belarus,0.0,Europe,1.096874809983091,-0.1688996401243008
2457,1990,Belarus,12.046898773829769,Europe,1.0977199350653957,-0.16545465858247932
2458,1991,Belarus,11.749753870938871,Europe,1.0985542392233596,-0.1620060077264469
2459,1992,Belarus,11.731853575583997,Europe,1.0993777076590865,-0.15855372154943323
2460,1993,Belarus,11.015841761389062,Europe,1.1001903256814818,-0.15509783410170339
2461,1994,Belarus,10.600554909156001,Europe,1.100992078706463,-0.15163837949021766
2462,1995,Belarus,10.604134968226976,Europe,1.1017829522571756,-0.148175391878297
2463,1996,Belarus,10.475252841671887,Europe,1.1025629319642012,-0.1447089054852853
2464,1997,Belarus,9.462096124586054,Europe,1.1033320035657683,-0.14123895458621166
2465,1998,Belarus,8.4381992302873,Europe,1.1040901529079616,-0.13776557351145163
2466,1999,Belarus,7.8439094245055045,Europe,1.1048373659449293,-0.13428879664638785
2467,2000,Belarus,7.145797905665443,Europe,1.105573628739091,-0.13080865843107087
2468,2001,Belarus,6.666069990154838,Europe,1.1062989274613413,-0.1273251933598739
2469,2002,Belarus,6.329544437483219,Europe,1.1070132483912576,-0.12383843598115754
2470,2003,Belarus,5.982278707598675,Europe,1.1077165779172995,-0.12034842089692267
2471,2004,Belarus,5.692293922849727,Europe,1.1084089025370156,-0.11685518276246884
2472,2005,Belarus,5.251946657119842,Europe,1.1090902088572416,-0.11335875628604994
2473,2006,Belarus,4.969121990512843,Europe,1.109760483594303,-0.1098591762285295
2474,2007,Belarus,4.45359348429249,Europe,1.110419713574212,-0.10635647740303535
2475,2008,Belarus,4.235209880963036,Europe,1.1110678857328677,-0.10285069467461429
2476,2009,Belarus,4.002506041349683,Europe,1.1117049871162528,-0.09934186295988134
2477,2010,Belarus,3.991765864136758,Europe,1.1123310048806274,-0.09583001722667782
2478,2011,Belarus,3.59437930725857,Europe,1.1129459262927277,-0.09231519249371928
2479,2012,Belarus,3.6122796026134427,Europe,1.1135497387299556,-0.0887974238302471
2480,2013,Belarus,3.5764790119036967,Europe,1.1141424296805746,-0.08527674635567888
2481,2014,Belarus,3.4690772397744563,Europe,1.1147239867438998,-0.08175319523925784
2482,2015,Belarus,3.343775172290343,Europe,1.1152943976304885,-0.07822680569970149
2483,2016,Belarus,3.454757003490557,Europe,1.1158536501623297,-0.07469761300485085
2484,2017,Belarus,3.4368567081356844,Europe,1.1164017322730315,-0.0711656524713136
2485,2018,Belarus,3.5227781258390762,Europe,1.116938632008011,-0.0676309594641169
2486,2019,Belarus,3.3688355857871652,Europe,1.1174643375246758,-0.06409356939634916
2487,2020,Belarus,3.2113129866642796,Europe,1.1179788370926127,-0.060553517728806475
2488,2021,Belarus,3.1755123959545335,Europe,1.1184821190937697,-0.05701083996963699
2489,2022,Belarus,3.168352277812584,Europe,1.118974172022639,-0.05346557167398495
2490,2023,Belarus,0.0,Europe,1.1194549844864377,-0.04991774844363379
2491,1971,Bosnia and Herzegovina,0.0,Europe,1.1199245452052895,-0.046367405926649646
2492,1972,Bosnia and Herzegovina,0.0,Europe,1.1203828430124034,-0.04281457981701931
2493,1973,Bosnia and Herzegovina,0.0,Europe,1.120829866854251,-0.0392593058542972
2494,1974,Bosnia and Herzegovina,0.0,Europe,1.1212656057907444,-0.03570161982324205
2495,1975,Bosnia and Herzegovina,0.0,Europe,1.1216900489954111,-0.03214155755345761
2496,1976,Bosnia and Herzegovina,0.0,Europe,1.1221031857555699,-0.028579154919031877
2497,1977,Bosnia and Herzegovina,0.0,Europe,1.1225050054725032,-0.025014447838175614
2498,1978,Bosnia and Herzegovina,0.0,Europe,1.12289549766163,-0.02144747227286017
2499,1979,Bosnia and Herzegovina,0.0,Europe,1.1232746519526768,-0.01787826422845473
2500,1980,Bosnia and Herzegovina,0.0,Europe,1.1236424580898474,-0.01430685975336384
2501,1981,Bosnia and Herzegovina,0.0,Europe,1.1239989059319935,-0.010733294938659389
2502,1982,Bosnia and Herzegovina,0.0,Europe,1.1243439854527788,-0.007157605917721811
2503,1983,Bosnia and Herzegovina,0.0,Europe,1.1246776867408503,-0.003579828865870799
2504,1984,Bosnia and Herzegovina,0.0,Europe,1.125,-2.755455298081545e-16
2505,1985,Bosnia and Herzegovina,0.0,Europe,1.1253109155493304,0.0035818444217881975
2506,1986,Bosnia and Herzegovina,0.0,Europe,1.1256104238234175,0.007165668100552667
2507,1987,Bosnia and Herzegovina,0.0,Europe,1.125898515372473,0.01075143469687864
2508,1988,Bosnia and Herzegovina,0.0,Europe,1.1261751808625058,0.014339107831246577
2509,1989,Bosnia and Herzegovina,0.0,Europe,1.1264404110754789,0.017928651084404952
2510,1990,Bosnia and Herzegovina,24.80980936185447,Europe,1.1266941969094706,0.02152002799773398
2511,1991,Bosnia and Herzegovina,26.01270920970196,Europe,1.1269365293788296,0.025113202073619893
2512,1992,Bosnia and Herzegovina,20.803723261433813,Europe,1.1271673996143337,0.028708136775824882
2513,1993,Bosnia and Herzegovina,17.76425311017632,Europe,1.127386798863341,0.032304795529858564
2514,1994,Bosnia and Herzegovina,3.905844446433366,Europe,1.127594718489947,0.035903141723350115
2515,1995,Bosnia and Herzegovina,3.461917121632507,Europe,1.1277911499751347,0.039503138706420915
2516,1996,Bosnia and Herzegovina,2.3055580417076884,Europe,1.1279760849169267,0.04310474979205684
2517,1997,Bosnia and Herzegovina,3.8235030878009493,Europe,1.1281495150305363,0.04670793825648621
2518,1998,Bosnia and Herzegovina,4.253110176317909,Europe,1.1283114321485137,0.05031266733954805
2519,1999,Bosnia and Herzegovina,3.751901906381456,Europe,1.1284618282208976,0.05391890024507126
2520,2000,Bosnia and Herzegovina,4.73641815089949,Europe,1.1286006953153578,0.05752660014124913
2521,2001,Bosnia and Herzegovina,4.553835138279782,Europe,1.1287280256173424,0.06113573016101547
2522,2002,Bosnia and Herzegovina,4.564575315492705,Europe,1.1288438114302226,0.06474625340242142
2523,2003,Bosnia and Herzegovina,4.4965541931441875,Europe,1.1289480451754332,0.06835813292901262
2524,2004,Bosnia and Herzegovina,4.417792893582744,Europe,1.129040719392618,0.07197133177020713
2525,2005,Bosnia and Herzegovina,4.424953011724694,Europe,1.129121826739765,0.0755858129216727
2526,2006,Bosnia and Herzegovina,4.611116083415377,Europe,1.1291913599933516,0.0792015393457099
2527,2007,Bosnia and Herzegovina,4.589635728989529,Europe,1.1292493120484772,0.08281847397162535
2528,2008,Bosnia and Herzegovina,4.775798800680212,Europe,1.1292956759190047,0.08643657969611598
2529,2009,Bosnia and Herzegovina,4.808019332318983,Europe,1.1293304447376926,0.09005581938364839
2530,2010,Bosnia and Herzegovina,4.83665980488678,Europe,1.129353611756331,0.09367615586684001
2531,2011,Bosnia and Herzegovina,5.477490378591247,Europe,1.1293651703458745,0.0972975519468408
2532,2012,Bosnia and Herzegovina,5.101584176138907,Europe,1.1293651139965744,0.10091997039371525
2533,2013,Bosnia and Herzegovina,4.954801754228945,Europe,1.129353436318109,0.10454337394682421
2534,2014,Bosnia and Herzegovina,4.3676720665890985,Europe,1.1293301310397128,0.10816772531521182
2535,2015,Bosnia and Herzegovina,4.217309585608162,Europe,1.1292951920103065,0.11179298717798351
2536,2016,Bosnia and Herzegovina,4.6576568513380465,Europe,1.1292486131986206,0.11541912218469394
2537,2017,Bosnia and Herzegovina,4.57531549270563,Europe,1.1291903886933259,0.11904609295573088
2538,2018,Bosnia and Herzegovina,4.385572361943972,Europe,1.1291205127031534,0.12267386208270036
2539,2019,Bosnia and Herzegovina,3.97744562785286,Europe,1.1290389795570208,0.1263023921288123
2540,2020,Bosnia and Herzegovina,4.052626868343328,Europe,1.1289457837041532,0.12993164562926693
2541,2021,Bosnia and Herzegovina,3.80918285151705,Europe,1.1288409197142042,0.13356158509164015
2542,2022,Bosnia and Herzegovina,3.637340016110266,Europe,1.1287243822773758,0.1371921729962751
2543,2023,Bosnia and Herzegovina,0.0,Europe,1.1285961662045358,0.1408233717966634
2544,1971,Bulgaria,10.450192428175065,Europe,1.1284562664273365,0.1444551439198377
2545,1972,Bulgaria,9.99552492616128,Europe,1.1283046779983295,0.14808745176675886
2546,1973,Bulgaria,9.515797010650676,Europe,1.1281413960910796,0.1517202577127055
2547,1974,Bulgaria,8.98236820907545,Europe,1.12796641600028,0.15535352410766304
2548,1975,Bulgaria,8.803365255526716,Europe,1.1277797331418629,0.15898721327671414
2549,1976,Bulgaria,8.241295981383693,Europe,1.1275813430531116,0.16262128752042795
2550,1977,Bulgaria,8.055132909693011,Europe,1.1273712413927681,0.16625570911525495
2551,1978,Bulgaria,7.936990960350846,Europe,1.127149423941144,0.16989044031391257
2552,1979,Bulgaria,7.743667770518213,Europe,1.1269158866002247,0.1735254433457806
2553,1980,Bulgaria,7.575404994182405,Europe,1.1266706253937784,0.17716068041729302
2554,1981,Bulgaria,6.855813120916495,Europe,1.1264136364674586,0.1807961137123301
2555,1982,Bulgaria,6.716190817148483,Europe,1.1261449160889068,0.1844317053926119
2556,1983,Bulgaria,6.408305737044662,Europe,1.1258644606478567,0.1880674175980916
2557,1984,Bulgaria,5.982278707598675,Europe,1.1255722666562324,0.1917032124473496
2558,1985,Bulgaria,6.0861004206569405,Europe,1.1252683307482512,0.19533905203798707
2559,1986,Bulgaria,5.846236462901638,Europe,1.1249526496805171,0.19897489844702415
2560,1987,Bulgaria,5.656493332139981,Europe,1.1246252203321228,0.20261071373129008
2561,1988,Bulgaria,5.452429965094424,Europe,1.1242860397047414,0.206246459927822
2562,1989,Bulgaria,5.4416897878815,Europe,1.123935104922723,0.2098820990542605
2563,1990,Bulgaria,5.180345475700349,Europe,1.123572413233187,0.21351759310924587
2564,1991,Bulgaria,4.67555714669292,Europe,1.1231979620061134,0.21715290407281482
2565,1992,Bulgaria,4.815179450460932,Europe,1.1228117487344351,0.22078799390679818
2566,1993,Bulgaria,5.498970733017094,Europe,1.1224137710341244,0.22442282455521673
2567,1994,Bulgaria,5.448849906023449,Europe,1.122004026644284,0.22805735794468404
2568,1995,Bulgaria,5.5992123870043855,Europe,1.1215825134272304,0.23169155598479807
2569,1996,Bulgaria,5.370088606462007,Europe,1.1211492293685825,0.23532538056854466
2570,1997,Bulgaria,6.025239416450372,Europe,1.1207041725773441,0.23895879357269503
2571,1998,Bulgaria,5.574151973507563,Europe,1.120247341285986,0.2425917568582056
2572,1999,Bulgaria,5.3271278976103105,Europe,1.1197787338505283,0.2462242322706178
2573,2000,Bulgaria,4.976282108654793,Europe,1.1192983487506212,0.2498561816404581
2574,2001,Bulgaria,5.10516423520988,Europe,1.1188061845896236,0.2534875667836381
2575,2002,Bulgaria,4.543094961066857,Europe,1.1183022400946785,0.2571183495018584
2576,2003,Bulgaria,4.754318446254364,Europe,1.1177865141167933,0.2607484915830052
2577,2004,Bulgaria,4.381992302872997,Europe,1.1172590056309122,0.2643779548015549
2578,2005,Bulgaria,4.142128345117694,Europe,1.1167197137359894,0.26800670091897527
2579,2006,Bulgaria,3.9667054506399357,Europe,1.1161686376550637,0.27163469168412796
2580,2007,Bulgaria,3.9702855097109104,Europe,1.1156057767353276,0.275261888833671
2581,2008,Bulgaria,3.558578716548823,Europe,1.1150311304481988,0.2788882540924615
2582,2009,Bulgaria,3.2077329275933053,Europe,1.1144446983893865,0.2825137491739592
2583,2010,Bulgaria,3.307974581580596,Europe,1.1138464802789616,0.2861383357806291
2584,2011,Bulgaria,3.601539425400519,Europe,1.1132364759614186,0.28976197560434863
2585,2012,Bulgaria,3.225633222948179,Europe,1.1126146854057448,0.2933846303268068
2586,2013,Bulgaria,2.853307079566813,Europe,1.1119811087054792,0.29700626161991217
2587,2014,Bulgaria,3.0000895014767743,Europe,1.1113357460787774,0.30062683114619654
2588,2015,Bulgaria,3.0645305647543184,Europe,1.110678597868471,0.3042463005592202
2589,2016,Bulgaria,2.7638056027924462,Europe,1.1100096645421265,0.30786463150397736
2590,2017,Bulgaria,2.842566902353889,Europe,1.1093289466921052,0.311481785617302
2591,2018,Bulgaria,2.5740624720307888,Europe,1.1086364450356168,0.315097724528272
2592,2019,Bulgaria,2.373579164056207,Europe,1.1079321604147776,0.31871240985862037
2593,2020,Bulgaria,2.1444553835138276,Europe,1.1072160937966622,0.3223258032231349
2594,2021,Bulgaria,2.3341985142754855,Europe,1.1064882462733592,0.3259378662300698
2595,2022,Bulgaria,2.4845609952564214,Europe,1.105748619062019,0.3295485604815508
2596,2023,Bulgaria,1.8294101852680569,Europe,1.1049972135049067,0.3331578475739831
2597,1971,Croatia,0.0,Europe,1.1042340310694485,0.3367656890984584
2598,1972,Croatia,0.0,Europe,1.1034590733482814,0.3403720466411632
2599,1973,Croatia,0.0,Europe,1.1026723420592985,0.3439768817837858
2600,1974,Croatia,0.0,Europe,1.101873839045691,0.34758015610392795
2601,1975,Croatia,0.0,Europe,1.1010635662759964,0.3511818311755081
2602,1976,Croatia,0.0,Europe,1.1002415258441376,0.354781868569174
2603,1977,Croatia,0.0,Europe,1.0994077199694636,0.35838022985271023
2604,1978,Croatia,0.0,Europe,1.0985621509967898,0.3619768765914481
2605,1979,Croatia,0.0,Europe,1.0977048213964358,0.36557177034867444
2606,1980,Croatia,0.0,Europe,1.0968357337642627,0.3691648726860421
2607,1981,Croatia,0.0,Europe,1.0959548908217065,0.3727561451639786
2608,1982,Croatia,0.0,Europe,1.0950622954158153,0.3763455493420966
2609,1983,Croatia,0.0,Europe,1.0941579505192784,0.3799330467796067
2610,1984,Croatia,0.0,Europe,1.0932418592304614,0.38351859903572344
2611,1985,Croatia,0.0,Europe,1.0923140247734333,0.3871021676700789
2612,1986,Croatia,0.0,Europe,1.0913744504979968,0.3906837142431329
2613,1987,Croatia,0.0,Europe,1.0904231398797148,0.39426320031658413
2614,1988,Croatia,0.0,Europe,1.089460096519937,0.3978405874537813
2615,1989,Croatia,0.0,Europe,1.0884853241458254,0.4014158372201348
2616,1990,Croatia,1.7864494764163608,Europe,1.0874988266103747,0.40498891118352653
2617,1991,Croatia,1.5251051642352098,Europe,1.0865006078924373,0.4085597709147268
2618,1992,Croatia,1.5644858140159312,Europe,1.0854906720967428,0.4121283779877993
2619,1993,Croatia,1.7613890629195381,Europe,1.084469023453917,0.4156946939805176
2620,1994,Croatia,1.5609057549449565,Europe,1.0834356663205005,0.4192586804747765
2621,1995,Croatia,1.5465855186610578,Europe,1.0823906051789645,0.422820299057004
2622,1996,Croatia,1.5143649870222857,Europe,1.0813338446377274,0.42637951131857443
2623,1997,Croatia,1.5072048688803363,Europe,1.0802653894311665,0.4299362788562202
2624,1998,Croatia,1.5609057549449565,Europe,1.0791852444196335,0.4334905632724451
2625,1999,Croatia,1.6289268772934753,Europe,1.0780934145894612,0.4370423261759395
2626,2000,Croatia,1.5072048688803363,Europe,1.0769899050529792,0.4405915291819888
2627,2001,Croatia,1.5537456368030074,Europe,1.0758747210485176,0.4441381339128901
2628,2002,Croatia,1.557325695873982,Europe,1.0747478679404163,0.44768210199836445
2629,2003,Croatia,1.57880605029983,Europe,1.0736093512190301,0.4512233950759704
2630,2004,Croatia,1.4714042781705896,Europe,1.0724591765007334,0.45476197479151775
2631,2005,Croatia,1.4356036874608433,Europe,1.0712973495279239,0.4582978027994811
2632,2006,Croatia,1.3675825651123243,Europe,1.0701238761690226,0.4618308407634122
2633,2007,Croatia,1.3854828604671978,Europe,1.0689387624184752,0.4653610503563586
2634,2008,Croatia,1.2888212655508815,Europe,1.0677420143967509,0.46888839326127074
2635,2009,Croatia,1.3138816790477041,Europe,1.0665336383503414,0.472412831171421
2636,2010,Croatia,1.274501029266983,Europe,1.0653136406517547,0.47593432579081585
2637,2011,Croatia,1.2530206748411348,Europe,1.0640820277995113,0.4794528388346108
2638,2012,Croatia,1.1706793162087175,Europe,1.0628388064181384,0.4829683320295242
2639,2013,Croatia,1.1384587845699454,Europe,1.0615839832581602,0.4864807671142518
2640,2014,Croatia,1.0847578985053254,Europe,1.0603175651960914,0.4899901058398816
2641,2015,Croatia,1.0847578985053254,Europe,1.0590395592344237,0.4934963099703062
2642,2016,Croatia,1.0740177212924014,Europe,1.057749972501616,0.4969993412826426
2643,2017,Croatia,1.0596974850085026,Europe,1.0564488122520803,0.5004991615676404
2644,2018,Croatia,0.9737760673051106,Europe,1.0551360858661676,0.5039957326300999
2645,2019,Croatia,0.9487156538082879,Europe,1.0538118008501511,0.5074890162892864
2646,2020,Croatia,0.9737760673051106,Europe,1.0524759648362094,0.5109789743793451
2647,2021,Croatia,0.8985948268146425,Europe,1.0511285855824084,0.5144655687497154
2648,2022,Croatia,0.8771144723887945,Europe,1.0497696709726794,0.5179487612655455
2649,2023,Croatia,0.8627942361048957,Europe,1.0483992290168,0.5214285138081073
2703,1971,Georgia,0.0,Asia,1.047017267850368,0.5249047882752138
2704,1972,Georgia,0.0,Asia,1.0456237957347814,0.5283775465816294
2705,1973,Georgia,0.0,Asia,1.0442188210572096,0.5318467506594878
2706,1974,Georgia,0.0,Asia,1.0428023523305683,0.5353123624587065
2707,1975,Georgia,0.0,Asia,1.0413743981934898,0.5387743439474012
2708,1976,Georgia,0.0,Asia,1.0399349674102942,0.5422326571123006
2709,1977,Georgia,0.0,Asia,1.0384840688709587,0.5456872639591628
2710,1978,Georgia,0.0,Asia,1.0370217115910847,0.5491381265131867
2711,1979,Georgia,0.0,Asia,1.035547904711863,0.552585206819433
2712,1980,Georgia,0.0,Asia,1.0340626575000411,0.5560284669432322
2713,1981,Georgia,0.0,Asia,1.032565979347885,0.559467868970603
2714,1982,Georgia,0.0,Asia,1.0310578797731413,0.5629033750086672
2715,1983,Georgia,0.0,Asia,1.0295383684189992,0.5663349471860635
2716,1984,Georgia,0.0,Asia,1.0280074550540483,0.5697625476533632
2717,1985,Georgia,0.0,Asia,1.0264651495722377,0.5731861385834833
2718,1986,Georgia,0.0,Asia,1.024911461992833,0.5766056821721035
2719,1987,Georgia,0.0,Asia,1.0233464024603702,0.5800211406380772
2720,1988,Georgia,0.0,Asia,1.02176998124461,0.583432476223852
2721,1989,Georgia,0.0,Asia,1.020182208740492,0.5868396511958778
2722,1990,Georgia,7.109997314955697,Asia,1.0185830954680837,0.5902426278450241
2723,1991,Georgia,6.866553298129419,Asia,1.0169726520725315,0.5936413684869953
2724,1992,Georgia,9.705540141412333,Asia,1.015350889324009,0.5970358354627429
2725,1993,Georgia,11.033742056743936,Asia,1.0137178181176643,0.6004259911388815
2726,1994,Georgia,8.022912378054238,Asia,1.0120734494735641,0.6038117979081015
2727,1995,Georgia,6.114740893224738,Asia,1.0104177945366415,0.6071932181895835
2728,1996,Georgia,4.303231003311555,Asia,1.0087508645766337,0.6105702144294148
2729,1997,Georgia,3.37241564485814,Asia,1.0070726709880289,0.6139427491009987
2730,1998,Georgia,2.932068379128255,Asia,1.0053832252900037,0.6173107847054712
2731,1999,Georgia,2.541841940392016,Asia,1.003682539126362,0.6206742837721138
2732,2000,Georgia,2.6385035353083324,Asia,1.001970624265474,0.6240332088587681
2733,2001,Georgia,1.8365703034100065,Asia,1.0002474926002098,0.6273875225522476
2734,2002,Georgia,1.4535039828157164,Asia,0.9985131561478774,0.6307371874687524
2735,2003,Georgia,1.392642978609147,Asia,0.9967676270501528,0.6340821662542803
2736,2004,Georgia,1.396223037680122,Asia,0.9950109175730134,0.6374224215850447
2737,2005,Georgia,1.6181867000805514,Asia,0.9932430401066696,0.6407579161678811
2738,2006,Georgia,1.6468271726483488,Asia,0.9914640071654931,0.6440886127406644
2739,2007,Georgia,1.7613890629195381,Asia,0.9896738313879441,0.6474144740727198
2740,2008,Georgia,1.4714042781705896,Asia,0.9878725255364991,0.6507354629652358
2741,2009,Georgia,1.7327485903517406,Asia,0.9860601024975757,0.6540515422516767
2742,2010,Georgia,1.5286852233061845,Asia,0.9842365752814553,0.6573626747981941
2743,2011,Georgia,1.68620782242907,Asia,0.9824019570222081,0.6606688235040395
2744,2012,Georgia,1.7578090038485636,Asia,0.9805562609776095,0.6639699513019776
2745,2013,Georgia,1.872370894119753,Asia,0.9786995005290658,0.6672660211586945
2746,2014,Georgia,1.9511321936811958,Asia,0.9768316891815275,0.6705569960752127
2747,2015,Georgia,2.0513738476684864,Asia,0.9749528405634091,0.6738428390873002
2748,2016,Georgia,2.0728542020943346,Asia,0.9730629684265032,0.6771235132658833
2749,2017,Georgia,1.972612548107044,Asia,0.9711620866458954,0.6803989817174562
2750,2018,Georgia,1.8294101852680569,Asia,0.9692502092198774,0.6836692075844935
2751,2019,Georgia,1.8437304215519557,Asia,0.9673273502698568,0.6869341540458586
2752,2020,Georgia,1.9224917211133985,Asia,0.9653935240402706,0.6901937843172156
2753,2021,Georgia,1.8437304215519557,Asia,0.963448744898489,0.6934480616514413
2754,2022,Georgia,1.8508905396939048,Asia,0.9614930273347276,0.6966969493390309
2755,2023,Georgia,1.6396670545063994,Asia,0.9595263859619506,0.6999404107085109
2756,1971,Gibraltar,0.5370088606462007,Europe,0.9575488355157763,0.7031784091268475
2757,1972,Gibraltar,0.44750738387183386,Europe,0.9555603908543809,0.7064109079998572
2758,1973,Gibraltar,0.4152868522330619,Europe,0.9535610669583986,0.7096378707726139
2759,1974,Gibraltar,0.42244697037501117,Europe,0.9515508789308245,0.7128592609298603
2760,1975,Gibraltar,0.44750738387183386,Europe,0.9495298419969123,0.7160750419964133
2761,1976,Gibraltar,0.43676720665890983,Europe,0.9474979715040716,0.7192851775375776
2762,1977,Gibraltar,0.40454667502013786,Europe,0.9454552829217664,0.7224896311595481
2763,1978,Gibraltar,0.37232614338136577,Europe,0.9434017918414085,0.7256883665098206
2764,1979,Gibraltar,0.5012082699364541,Europe,0.941337513976252,0.7288813472776002
2765,1980,Gibraltar,0.6193502192786181,Europe,0.9392624651612854,0.7320685371942071
2766,1981,Gibraltar,0.5835496285688714,Europe,0.9371766613531233,0.7352499000334849
2767,1982,Gibraltar,0.6300903964915421,Europe,0.9350801186298939,0.7384253996122065
2768,1983,Gibraltar,0.5477490378591247,Europe,0.9329728531911313,0.7415949997904815
2769,1984,Gibraltar,0.5155285062203526,Europe,0.930854881357657,0.7447586644721637
2770,1985,Gibraltar,0.533428801575226,Europe,0.928726219571471,0.7479163576052535
2771,1986,Gibraltar,0.6587308690593395,Europe,0.9265868843956325,0.7510680431823078
2772,1987,Gibraltar,0.6945314597690861,Europe,0.9244368925141443,0.754213685240842
2773,1988,Gibraltar,0.7410722276917568,Europe,0.9222762607318338,0.7573532478637386
2774,1989,Gibraltar,0.6909514006981116,Europe,0.9201050059742324,0.7604866951796486
2775,1990,Gibraltar,0.7195918732659089,Europe,0.917923145287457,0.7636139913633996
2776,1991,Gibraltar,1.0346370715116797,Europe,0.9157306958380834,0.7667351006363967
2777,1992,Gibraltar,1.220800143202363,Europe,0.9135276749130271,0.7698499872670286
2778,1993,Gibraltar,1.2100599659894389,Europe,0.9113140999194128,0.7729586155710721
2779,1994,Gibraltar,1.3711626241832993,Europe,0.9090899883844527,0.7760609499120926
2780,1995,Gibraltar,1.3031415018347803,Europe,0.9068553579553159,0.7791569547018488
2781,1996,Gibraltar,1.2959813836928307,Europe,0.9046102263989996,0.782246594400695
2782,1997,Gibraltar,1.2924013246218564,Europe,0.902354611602199,0.7853298335179845
2783,1998,Gibraltar,1.3138816790477041,Europe,0.900088531571174,0.7884066366124693
2784,1999,Gibraltar,1.3210417971896535,Europe,0.8978120044316178,0.7914769682927048
2785,2000,Gibraltar,1.3317819744025776,Europe,0.895525048428521,0.7945407932174475
2786,2001,Gibraltar,1.3353620334735523,Europe,0.8932276819260341,0.7975980760960607
2787,2002,Gibraltar,1.3317819744025776,Europe,0.8909199234073337,0.8006487816889097
2788,2003,Gibraltar,1.317461738118679,Europe,0.8886017914744814,0.8036928748077661
2789,2004,Gibraltar,1.3890629195381723,Europe,0.8862733048482839,0.8067303203162055
2790,2005,Gibraltar,1.403383155822071,Europe,0.8839344823681523,0.8097610831300082
2791,2006,Gibraltar,1.4284435693188937,Europe,0.881585342991959,0.8127851282175578
2792,2007,Gibraltar,1.3819028013962231,Europe,0.8792259057958929,0.8158024206002396
2793,2008,Gibraltar,1.4141233330349952,Europe,0.8768561899743165,0.8188129253528393
2794,2009,Gibraltar,1.6253468182225006,Europe,0.8744762148396144,0.8218166076039428
2795,2010,Gibraltar,1.6181867000805514,Europe,0.8720859998220509,0.8248134325363299
2796,2011,Gibraltar,1.535845341448134,Europe,0.8696855644696169,0.8278033653873744
2797,2012,Gibraltar,1.5322652823771592,Europe,0.8672749284478799,0.8307863714494397
2798,2013,Gibraltar,1.6038664637966527,Europe,0.8648541115398328,0.8337624160702765
2799,2014,Gibraltar,1.6897878815000447,Europe,0.862423133645739,0.8367314646534163
2800,2015,Gibraltar,1.8115098899131834,Europe,0.8599820147829791,0.8396934826585701
2801,2016,Gibraltar,1.7220084131388167,Europe,0.8575307750858943,0.8426484356020196
2802,2017,Gibraltar,1.6683075270741967,Europe,0.8550694348056274,0.8455962890570179
2803,2018,Gibraltar,1.6718875861451714,Europe,0.8525980143099672,0.8485370086541764
2804,2019,Gibraltar,1.6754676452161463,Europe,0.8501165340831863,0.8514705600818638
2805,2020,Gibraltar,1.6074465228676273,Europe,0.84762501472588,0.8543969090865979
2806,2021,Gibraltar,1.6181867000805514,Europe,0.8451234769548036,0.8573160214734384
2807,2022,Gibraltar,0.0,Europe,0.8426119416027095,0.8602278631063802
2808,2023,Gibraltar,0.0,Europe,0.8400904296181793,0.8631323999087439
2809,1971,Kazakhstan,0.0,Asia,0.8375589620654599,0.8660295978635691
2810,1972,Kazakhstan,0.0,Asia,0.8350175601242947,0.8689194230140042
2811,1973,Kazakhstan,0.0,Asia,0.8324662450897514,0.8718018414636995
2812,1974,Kazakhstan,0.0,Asia,0.8299050383720565,0.8746768193771935
2813,1975,Kazakhstan,0.0,Asia,0.8273339614964195,0.8775443229803057
2814,1976,Kazakhstan,0.0,Asia,0.8247530361028611,0.8804043185605248
2815,1977,Kazakhstan,0.0,Asia,0.8221622839460381,0.8832567724673972
2816,1978,Kazakhstan,0.0,Asia,0.819561726895068,0.8861016511129167
2817,1979,Kazakhstan,0.0,Asia,0.8169513869333512,0.8889389209719097
2818,1980,Kazakhstan,0.0,Asia,0.8143312861583941,0.8917685485824249
2819,1981,Kazakhstan,0.0,Asia,0.8117014467816254,0.8945905005461204
2820,1982,Kazakhstan,0.0,Asia,0.8090618911282197,0.8974047435286471
2821,1983,Kazakhstan,0.0,Asia,0.8064126416369125,0.9002112442600371
2822,1984,Kazakhstan,0.0,Asia,0.8037537208598167,0.9030099695350874
2823,1985,Kazakhstan,0.0,Asia,0.8010851514622381,0.9058008862137465
2824,1986,Kazakhstan,0.0,Asia,0.7984069562224884,0.9085839612214963
2825,1987,Kazakhstan,0.0,Asia,0.7957191580316982,0.9113591615497381
2826,1988,Kazakhstan,0.0,Asia,0.7930217798936283,0.914126454256173
2827,1989,Kazakhstan,0.0,Asia,0.7903148449244766,0.916885806465189
2828,1990,Kazakhstan,8.921507204868881,Asia,0.7875983763526916,0.9196371853682382
2829,1991,Kazakhstan,10.407231719323368,Asia,0.7848723975187754,0.9223805582242206
2830,1992,Kazakhstan,11.25928577821534,Asia,0.7821369318750921,0.925115892359866
2831,1993,Kazakhstan,10.62203526358185,Asia,0.7793920029856705,0.9278431551701123
2832,1994,Kazakhstan,10.926340284614698,Asia,0.7766376345260088,0.9305623141184877
2833,1995,Kazakhstan,10.439452250962141,Asia,0.7738738502828757,0.9332733367374875
2834,1996,Kazakhstan,9.032489036069096,Asia,0.7711006741541119,0.9359761906289557
2835,1997,Kazakhstan,7.525284167188758,Asia,0.7683181301484299,0.9386708434644602
2836,1998,Kazakhstan,7.829589188221605,Asia,0.7655262423852089,0.9413572629856743
2837,1999,Kazakhstan,6.891613711626242,Asia,0.7627250350942968,0.9440354170047496
2838,2000,Kazakhstan,6.064620066231092,Asia,0.7599145326158024,0.9467052734046943
2839,2001,Kazakhstan,5.212566007339121,Asia,0.757094759399891,0.9493668001397503
2840,2002,Kazakhstan,5.194665711984248,Asia,0.7542657400065762,0.9520199652357658
2841,2003,Kazakhstan,5.359348429249083,Asia,0.7514274991055134,0.954664736790573
2842,2004,Kazakhstan,5.309227602255437,Asia,0.7485800614757885,0.957301082974359
2843,2005,Kazakhstan,5.187505593842299,Asia,0.74572345200571,0.9599289720300417
2844,2006,Kazakhstan,5.1660252394164505,Asia,0.7428576956925917,0.9625483722736432
2845,2007,Kazakhstan,5.133804707777678,Asia,0.7399828176425456,0.9651592520946591
2846,2008,Kazakhstan,5.817595990333841,Asia,0.7370988430702636,0.9677615799564325
2847,2009,Kazakhstan,5.137384766848653,Asia,0.7342057972988025,0.9703553243965238
2848,2010,Kazakhstan,5.216146066410095,Asia,0.7313037057593672,0.9729404540270827
2849,2011,Kazakhstan,5.287747247829589,Asia,0.7283925939910912,0.9755169375352156
2850,2012,Kazakhstan,4.961961872370893,Asia,0.7254724876408195,0.9780847436833574
2851,2013,Kazakhstan,4.969121990512843,Asia,0.7225434124628856,0.9806438413096372
2852,2014,Kazakhstan,3.909424505504341,Asia,0.7196053943188878,0.9831941993282499
2853,2015,Kazakhstan,3.4368567081356844,Asia,0.7166584591774708,0.9857357867298189
2854,2016,Kazakhstan,3.719681374742683,Asia,0.7137026331140968,0.9882685725817654
2855,2017,Kazakhstan,3.762642083594379,Asia,0.7107379423108217,0.9907925260286748
2856,2018,Kazakhstan,3.6982010203168345,Asia,0.7077644130560664,0.9933076162926593
2857,2019,Kazakhstan,3.37241564485814,Asia,0.7047820717443906,0.9958138126737256
2858,2020,Kazakhstan,3.5657388346907726,Asia,0.7017909448762607,0.9983110845501361
2859,2021,Kazakhstan,3.7053611384587843,Asia,0.698791059057821,1.0007994013787742
2860,2022,Kazakhstan,3.673140606820013,Asia,0.6957824410006613,1.0032787326955048
2861,2023,Kazakhstan,3.461917121632507,Asia,0.692765117521581,1.0057490481155393
2862,1971,Kosovo,0.0,Europe,0.6897391155423583,1.0082103173337933
2863,1972,Kosovo,0.0,Europe,0.6867044620895124,1.0106625101252487
2864,1973,Kosovo,0.0,Europe,0.6836611842940672,1.0131055963453144
2865,1974,Kosovo,0.0,Europe,0.6806093093913116,1.0155395459301828
2866,1975,Kosovo,0.0,Europe,0.677548864720562,1.0179643288971918
2867,1976,Kosovo,0.0,Europe,0.6744798777249199,1.0203799153451791
2868,1977,Kosovo,0.0,Europe,0.6714023759510322,1.0227862754548407
2869,1978,Kosovo,0.0,Europe,0.6683163870488436,1.0251833794890888
2870,1979,Kosovo,0.0,Europe,0.6652219387713574,1.0275711977934032
2871,1980,Kosovo,0.0,Europe,0.6621190589743877,1.0299497007961906
2872,1981,Kosovo,0.0,Europe,0.6590077756163117,1.0323188590091354
2873,1982,Kosovo,0.0,Europe,0.6558881167578233,1.0346786430275554
2874,1983,Kosovo,0.0,Europe,0.6527601105616823,1.037029023530752
2875,1984,Kosovo,0.0,Europe,0.6496237852924653,1.0393699712823652
2876,1985,Kosovo,0.0,Europe,0.6464791693163146,1.0417014571307213
2877,1986,Kosovo,0.0,Europe,0.6433262911006808,1.044023452009187
2878,1987,Kosovo,0.0,Europe,0.6401651792140759,1.0463359269365158
2879,1988,Kosovo,0.0,Europe,0.6369958623258127,1.048638853017198
2880,1989,Kosovo,0.0,Europe,0.6338183692057506,1.0509322014418108
2881,1990,Kosovo,0.0,Europe,0.6306327287240368,1.0532159434873611
2882,1991,Kosovo,0.0,Europe,0.6274389698508487,1.0554900505176381
2883,1992,Kosovo,0.0,Europe,0.6242371216561328,1.0577544939835535
2884,1993,Kosovo,0.0,Europe,0.6210272133093447,1.0600092454234895
2885,1994,Kosovo,0.0,Europe,0.6178092740791838,1.0622542764636445
2886,1995,Kosovo,0.0,Europe,0.6145833333333339,1.064489558818372
2887,1996,Kosovo,0.0,Europe,0.6113494205381959,1.0667150642905283
2888,1997,Kosovo,0.0,Europe,0.6081075652586216,1.06893076477181
2889,1998,Kosovo,0.0,Europe,0.6048577971576485,1.071136632243099
2890,1999,Kosovo,0.0,Europe,0.6016001459962291,1.0733326387748
2891,2000,Kosovo,5.119484471493779,Europe,0.5983346416329633,1.0755187565271813
2892,2001,Kosovo,6.211402488141054,Europe,0.595061314023827,1.0776949577507136
2893,2002,Kosovo,6.20066231092813,Europe,0.5917801932219012,1.0798612147864064
2894,2003,Kosovo,6.365345028192966,Europe,0.5884913093770956,1.082017500066148
2895,2004,Kosovo,6.390405441689787,Europe,0.5851946927358793,1.0841637861130389
2896,2005,Kosovo,5.93215788060503,Europe,0.5818903736410034,1.0863000455417282
2897,2006,Kosovo,5.781795399624094,Europe,0.5785783825312233,1.0884262510587481
2898,2007,Kosovo,5.59563232793341,Europe,0.5752587499410232,1.090542375462849
2899,2008,Kosovo,5.917837644321131,Europe,0.5719315065003358,1.0926483916453293
2900,2009,Kosovo,6.257943256063725,Europe,0.5685966829342635,1.0947442725903715
2901,2010,Kosovo,6.182762015573258,Europe,0.565254310062797,1.0968299913753696
2902,2011,Kosovo,5.735254631701423,Europe,0.5619044188005311,1.0989055211712637
2903,2012,Kosovo,5.319967779468361,Europe,0.5585470401563852,1.1009708352428644
2904,2013,Kosovo,5.1588651212745,Europe,0.5551822052333161,1.1030259069491857
2905,2014,Kosovo,4.4607536024344405,Europe,0.5518099452280336,1.1050707097437715
2906,2015,Kosovo,4.901100868164325,Europe,0.5484302914307125,1.1071052171750213
2907,2016,Kosovo,4.901100868164325,Europe,0.5450432752247062,1.1091294028865184
2908,2017,Kosovo,4.188669113040365,Europe,0.5416489280862563,1.111143240617354
2909,2018,Kosovo,4.102747695336973,Europe,0.5382472815842047,1.1131467042024505
2910,2019,Kosovo,4.081267340911125,Europe,0.5348383673796974,1.1151397675728887
2911,2020,Kosovo,4.263850353530834,Europe,0.5314222172258987,1.117122404756225
2912,2021,Kosovo,3.959545332497987,Europe,0.5279988629676935,1.1190945898768179
2913,2022,Kosovo,3.6695605477490374,Europe,0.5245683365413933,1.121056297156145
2914,2023,Kosovo,3.1719323368835584,Europe,0.5211306699744417,1.1230075009131266
2915,1971,Kyrgyzstan,0.0,Asia,0.5176858953851156,1.1249481755644413
2916,1972,Kyrgyzstan,0.0,Asia,0.5142340449822292,1.1268782956248469
2917,1973,Kyrgyzstan,0.0,Asia,0.510775151064834,1.1287978357074953
2918,1974,Kyrgyzstan,0.0,Asia,0.5073092460219194,1.13070677052425
2919,1975,Kyrgyzstan,0.0,Asia,0.5038363623321079,1.1326050748860021
2920,1976,Kyrgyzstan,0.0,Asia,0.5003565325633591,1.1344927237029832
2921,1977,Kyrgyzstan,0.0,Asia,0.4968697893726614,1.13636969198508
2922,1978,Kyrgyzstan,0.0,Asia,0.4933761655057287,1.1382359548421461
2923,1979,Kyrgyzstan,0.0,Asia,0.4898756937966956,1.1400914874843149
2924,1980,Kyrgyzstan,0.0,Asia,0.4863684071678093,1.1419362652223093
2925,1981,Kyrgyzstan,0.0,Asia,0.4828543386291233,1.1437702634677516
2926,1982,Kyrgyzstan,0.0,Asia,0.4793335212781882,1.1455934577334725
2927,1983,Kyrgyzstan,0.0,Asia,0.47580598829973847,1.1474058236338205
2928,1984,Kyrgyzstan,0.0,Asia,0.47227177296538775,1.149207336884966
2929,1985,Kyrgyzstan,0.0,Asia,0.46873090863331146,1.150997973305209
2930,1986,Kyrgyzstan,0.0,Asia,0.46518342874793644,1.152777708815285
2931,1987,Kyrgyzstan,0.0,Asia,0.4616293668396249,1.1545465194386668
2932,1988,Kyrgyzstan,0.0,Asia,0.4580687565243607,1.1563043813018703
2933,1989,Kyrgyzstan,0.0,Asia,0.45450163150343187,1.158051270634754
2934,1990,Kyrgyzstan,15.802380739282198,Asia,0.45092802556311495,1.1597871637708228
2935,1991,Kyrgyzstan,15.397834064262062,Asia,0.4473479725743519,1.1615120371475263
2936,1992,Kyrgyzstan,11.635191980667681,Asia,0.44376150649243706,1.163225867306559
2937,1993,Kyrgyzstan,9.852322563322295,Asia,0.44016866135669275,1.1649286308941589
2938,1994,Kyrgyzstan,7.983531728273516,Asia,0.43656947129014784,1.1666203046614025
2939,1995,Kyrgyzstan,5.914257585250157,Asia,0.4329639704992162,1.168300865464505
2940,1996,Kyrgyzstan,6.8486530027745465,Asia,0.4293521932733718,1.1699702902651117
2941,1997,Kyrgyzstan,6.082520361585967,Asia,0.4257341739848255,1.1716285561305952
2942,1998,Kyrgyzstan,6.311644142128344,Asia,0.42210994708819877,1.1732756402343472
2943,1999,Kyrgyzstan,4.919001163519198,Asia,0.418479547120194,1.1749115198560711
2944,2000,Kyrgyzstan,4.4929741340732114,Asia,0.4148430086992721,1.1765361723820742
2945,2001,Kyrgyzstan,3.6051194844714933,Asia,0.41120036652532,1.1781495753055558
2946,2002,Kyrgyzstan,4.543094961066857,Asia,0.40755165537932186,1.1797517062268994
2947,2003,Kyrgyzstan,4.711357737402667,Asia,0.4038969101230275,1.1813425428539581
2948,2004,Kyrgyzstan,4.342611653092277,Asia,0.40023616569862175,1.1829220630023447
2949,2005,Kyrgyzstan,4.102747695336973,Asia,0.39656945712839053,1.1844902445957153
2950,2006,Kyrgyzstan,3.9667054506399357,Asia,0.3928968195143874,1.186047065666056
2951,2007,Kyrgyzstan,4.46791372057639,Asia,0.38921828803809944,1.1875925043539666
2952,2008,Kyrgyzstan,4.879620513738477,Asia,0.38553389796010745,1.1891265389089447
2953,2009,Kyrgyzstan,4.41421283451177,Asia,0.3818436846197556,1.1906491476896661
2954,2010,Kyrgyzstan,4.109907813478922,Asia,0.3781476834348083,1.1921603091642663
2955,2011,Kyrgyzstan,4.629016378770249,Asia,0.3744459299011138,1.193660001910622
2956,2012,Kyrgyzstan,6.143381365792536,Asia,0.3707384595922629,1.1951482046166282
2957,2013,Kyrgyzstan,5.051463349145261,Asia,0.36702530815924944,1.1966248960804775
2958,2014,Kyrgyzstan,5.029982994719413,Asia,0.36330651133012715,1.1980900552109355
2959,2015,Kyrgyzstan,5.137384766848653,Asia,0.35958210490966896,1.1995436610276176
2960,2016,Kyrgyzstan,4.661236910409022,Asia,0.35585212477901845,1.2009856926612643
2961,2017,Kyrgyzstan,4.2960708851696054,Asia,0.35211660689535146,1.2024161293540132
2962,2018,Kyrgyzstan,4.926161281661147,Asia,0.3483755872915266,1.2038349504596735
2963,2019,Kyrgyzstan,4.120647990691847,Asia,0.34462910207573866,1.2052421354439946
2964,2020,Kyrgyzstan,4.031146513917479,Asia,0.34087718743117196,1.206637663884941
2965,2021,Kyrgyzstan,4.2602702944598585,Asia,0.3371198796156512,1.208021515472957
2966,2022,Kyrgyzstan,3.9667054506399357,Asia,0.3333572149612919,1.2093936700112382
2967,2023,Kyrgyzstan,0.0,Asia,0.3295892298741512,1.210754107415997
2968,1971,Malta,2.4129598138369284,Europe,0.3258159608338717,1.2121028077167302
2969,1972,Malta,2.8819475521346103,Europe,0.3220374443933361,1.2134397510564827
2970,1973,Malta,2.6528237715922316,Europe,0.31825371717830886,1.214764917692111
2971,1974,Malta,2.2053163877203974,Europe,0.3144648158870836,1.2160782879945482
2972,1975,Malta,1.653987290790298,Europe,0.3106707772901271,1.217379842449063
2973,1976,Malta,1.6074465228676273,Europe,0.3068716382297242,1.218669561655523
2974,1977,Malta,1.510784927951311,Europe,0.30306743561961974,1.2199474263286523
2975,1978,Malta,1.5967063456547035,Europe,0.29925820644466106,1.2212134172982902
2976,1979,Malta,1.403383155822071,Europe,0.29544398776043995,1.2224675155096492
2977,1980,Malta,1.4606641009576657,Europe,0.29162481669292856,1.2237097020235705
2978,1981,Malta,1.6038664637966527,Europe,0.2878007304381254,1.2249399580167797
2979,1982,Malta,1.8007697127002595,Europe,0.2839717662616884,1.226158264782139
2980,1983,Malta,1.360422446970375,Europe,0.28013796149857473,1.2273646037289028
2981,1984,Malta,1.840150362480981,Europe,0.2762993535526763,1.2285589563829669
2982,1985,Malta,1.568065873086906,Europe,0.27245597989645576,1.2297413043871195
2983,1986,Malta,2.441600286404726,Europe,0.2686078780705811,1.230911629501292
2984,1987,Malta,2.4559205226886247,Europe,0.2647550856835608,1.2320699136028048
2985,1988,Malta,2.466660699901548,Europe,0.26089764041137226,1.233216138686618
2986,1989,Malta,2.4738208180434977,Europe,0.2570355799971,1.2343502868655725
2987,1990,Malta,2.3234583370625614,Europe,0.25316894225056347,1.2354723403706394
2988,1991,Malta,2.0871744383782334,Europe,0.2492977650479471,1.2365822815511598
2989,1992,Malta,1.9547122527521705,Europe,0.24542208633143098,1.237680092875091
2990,1993,Malta,2.4236999910498525,Europe,0.24154194410881855,1.238765756929245
2991,1994,Malta,2.0477937885975117,Europe,0.23765737645316456,1.2398392564195293
2992,1995,Malta,1.8258301261970822,Europe,0.23376842150240315,1.2409005741711863
2993,1996,Malta,1.7220084131388167,Europe,0.229875117458969,1.2419496931290315
2994,1997,Malta,1.7363286494227155,Europe,0.22597750258942956,1.2429865963576896
2995,1998,Malta,1.5895462275127539,Europe,0.2220756152241042,1.244011267041829
2996,1999,Malta,1.5394254005191086,Europe,0.21816949375668954,1.2450236884863985
2997,2000,Malta,1.1384587845699454,Europe,0.21425917664388106,1.2460238441168576
2998,2001,Malta,1.3461022106864764,Europe,0.21034470240499573,1.247011717479411
2999,2002,Malta,1.220800143202363,Europe,0.20642610962159225,1.2479872922412376
3000,2003,Malta,1.3210417971896535,Europe,0.20250343693709225,1.2489505521907203
3001,2004,Malta,1.3138816790477041,Europe,0.19857672305639543,1.2499014812376752
3002,2005,Malta,1.2852412064799068,Europe,0.19464600674550414,1.250840063413578
3003,2006,Malta,1.2637608520540589,Europe,0.19071132683113687,1.2517662828717908
3004,2007,Malta,1.2351203794862613,Europe,0.1867727222003457,1.2526801238877847
3005,2008,Malta,1.1957397297055403,Europe,0.18283023180013266,1.2535815708593665
3006,2009,Malta,1.1133983710731226,Europe,0.17888389463706444,1.2544706083068984
3007,2010,Malta,1.0883379575763,Europe,0.17493374977688697,1.2553472208735208
3008,2011,Malta,1.077597780363376,Europe,0.17097983634413866,1.2562113933253707
3009,2012,Malta,1.0919180166472746,Europe,0.16702219352176442,1.2570631105518022
3010,2013,Malta,0.9021748858856171,Europe,0.16306086055072305,1.2579023575656028
3011,2014,Malta,0.8341537635370984,Europe,0.15909587672960493,1.2587291195032095
3012,2015,Malta,0.533428801575226,Europe,0.15512728141423793,1.259543381624925
3013,2016,Malta,0.42244697037501117,Europe,0.151155114017298,1.2603451293151293
3014,2017,Malta,0.42960708851696056,Europe,0.14717941400791817,1.2611343480824952
3015,2018,Malta,0.40812673409111255,Europe,0.14320022091129617,1.261911023560198
3016,2019,Malta,0.40454667502013786,Europe,0.13921757430830176,1.2626751415061246
3017,2020,Malta,0.42960708851696056,Europe,0.1352315138350844,1.2634266878030844
3018,2021,Malta,0.3830663205942898,Europe,0.13124207918267422,1.264165648459016
3019,2022,Malta,0.39022643873623913,Europe,0.12724931009659385,1.264892009607194
3020,2023,Malta,0.36516602523941644,Europe,0.12325324637645783,1.2656057575064323
3021,1971,Republic of Moldova,0.0,Europe,0.11925392787557743,1.266306878541291
3022,1972,Republic of Moldova,0.0,Europe,0.11525139450056299,1.266995359222276
3023,1973,Republic of Moldova,0.0,Europe,0.11124568621092602,1.2676711861860432
3024,1974,Republic of Moldova,0.0,Europe,0.1072368430186802,1.2683343461955965
3025,1975,Republic of Moldova,0.0,Europe,0.10322490498794298,1.2689848261404868
3026,1976,Republic of Moldova,0.0,Europe,0.09920991223453092,1.2696226130370114
3027,1977,Republic of Moldova,0.0,Europe,0.09519190492556498,1.270247694028408
3028,1978,Republic of Moldova,0.0,Europe,0.09117092327906473,1.2708600563850514
3029,1979,Republic of Moldova,0.0,Europe,0.08714700756354656,1.271459687504646
3030,1980,Republic of Moldova,0.0,Europe,0.08312019809762071,1.27204657491242
3031,1981,Republic of Moldova,0.0,Europe,0.07909053524958731,1.2726207062613144
3032,1982,Republic of Moldova,0.0,Europe,0.07505805943703163,1.2731820693321751
3033,1983,Republic of Moldova,0.0,Europe,0.0710228111264188,1.2737306520339402
3034,1984,Republic of Moldova,0.0,Europe,0.06698483083268891,1.2742664424038275
3035,1985,Republic of Moldova,0.0,Europe,0.06294415911884574,1.2747894286075219
3036,1986,Republic of Moldova,0.0,Europe,0.058900836595556005,1.2752995989393574
3037,1987,Republic of Moldova,0.0,Europe,0.05485490392073686,1.2757969418225044
3038,1988,Republic of Moldova,0.0,Europe,0.05080640179914809,1.2762814458091485
3039,1989,Republic of Moldova,0.0,Europe,0.04675537098198268,1.276753099580673
3040,1990,Republic of Moldova,13.385840866374295,Europe,0.04270185226645659,1.2772118919478388
3041,1991,Republic of Moldova,11.463349145260898,Europe,0.03864588649539797,1.2776578118509616
3042,1992,Republic of Moldova,10.801038217130582,Europe,0.034587514556836715,1.27809084836009
3043,1993,Republic of Moldova,9.369014588740715,Europe,0.030526777383587795,1.2785109906751801
3044,1994,Republic of Moldova,11.008681643247114,Europe,0.026463715952845218,1.278918228126272
3045,1995,Republic of Moldova,9.616038664637966,Europe,0.022398371285763947,1.2793125501736593
3046,1996,Republic of Moldova,8.77472478295892,Europe,0.01833078444704694,1.2796939464080648
3047,1997,Republic of Moldova,7.876129956144276,Europe,0.01426099654453033,1.2800624065508075
3048,1998,Republic of Moldova,7.629105880247024,Europe,0.010189048728767976,1.2804179204539747
3049,1999,Republic of Moldova,6.687550344580686,Europe,0.006114982192615397,1.280760478100588
3050,2000,Republic of Moldova,5.996598943882574,Europe,0.0020388381708141877,1.2810900696047691
3051,2001,Republic of Moldova,5.917837644321131,Europe,-0.002039342060429885,1.2814066852119081
3052,2002,Republic of Moldova,5.584892150720488,Europe,-0.006119517183858023,1.2817103152988232
3053,2003,Republic of Moldova,5.656493332139981,Europe,-0.010201645841581553,1.282000950373927
3054,2004,Republic of Moldova,5.248366598048868,Europe,-0.014285686635499992,1.2822785810773845
3055,2005,Republic of Moldova,5.090843998925982,Europe,-0.018371598127720892,1.2825431981812754
3056,2006,Republic of Moldova,4.67555714669292,Europe,-0.022459338840980274,1.2827947925897514
3057,2007,Republic of Moldova,4.489394075002238,Europe,-0.026548867259063677,1.2830333553391926
3058,2008,Republic of Moldova,4.120647990691847,Europe,-0.03064014182722779,1.283258877598365
3059,2009,Republic of Moldova,4.34619171216325,Europe,-0.03473312095262158,1.2834713506685742
3060,2010,Republic of Moldova,4.421372952653719,Europe,-0.03882776300471368,1.283670765983818
3061,2011,Republic of Moldova,4.160028640472567,Europe,-0.042924026315708956,1.2838571151109388
3062,2012,Republic of Moldova,4.066947104627226,Europe,-0.04702186918097713,1.2840303897497738
3063,2013,Republic of Moldova,3.250693636445001,Europe,-0.05112124985947617,1.2841905817333041
3064,2014,Republic of Moldova,3.3473552313613175,Europe,-0.05522212657417749,1.2843376830278024
3065,2015,Republic of Moldova,3.512037948626152,Europe,-0.059324457512491664,1.2844716857329792
3066,2016,Republic of Moldova,3.4225364718517852,Europe,-0.06342820082669477,1.284592582082128
3067,2017,Republic of Moldova,3.204152868522331,Europe,-0.0675333146343541,1.284700364442269
3068,2018,Republic of Moldova,3.2578537545869506,Europe,-0.07163975701876008,1.2847950253142904
3069,2019,Republic of Moldova,3.27217399087085,Europe,-0.07574748602934755,1.2848765573330914
3070,2020,Republic of Moldova,3.458337062561532,Europe,-0.07985645968212872,1.2849449532677186
3071,2021,Republic of Moldova,3.340195113219368,Europe,-0.08396663596012116,1.2850002060215076
3072,2022,Republic of Moldova,3.0000895014767743,Europe,-0.08807797281377742,1.2850423086322174
3073,2023,Republic of Moldova,2.831826725140965,Europe,-0.09219042816141518,1.285071254272166
3074,1971,Montenegro,0.0,Europe,-0.0963039598896479,1.2850870362483662
3075,1972,Montenegro,0.0,Europe,-0.10041852585381494,1.2850896480026555
3076,1973,Montenegro,0.0,Europe,-0.10453408387841784,1.2850790831118302
3077,1974,Montenegro,0.0,Europe,-0.10865059175754563,1.2850553352877727
3078,1975,Montenegro,0.0,Europe,-0.1127680072553124,1.285018398377582
3079,1976,Montenegro,0.0,Europe,-0.11688628810628916,1.2849682663637
3080,1977,Montenegro,0.0,Europe,-0.12100539201593787,1.2849049333640372
3081,1978,Montenegro,0.0,Europe,-0.12512527666104545,1.2848283936320966
3082,1979,Montenegro,0.0,Europe,-0.12924589969015882,1.2847386415570974
3083,1980,Montenegro,0.0,Europe,-0.13336721872401897,1.2846356716640976
3084,1981,Montenegro,0.0,Europe,-0.13748919135600107,1.2845194786141099
3085,1982,Montenegro,0.0,Europe,-0.14161177515254425,1.2843900572042262
3086,1983,Montenegro,0.0,Europe,-0.14573492765359244,1.2842474023677304
3087,1984,Montenegro,0.0,Europe,-0.14985860637303086,1.284091509174217
3088,1985,Montenegro,0.0,Europe,-0.15398276879912334,1.2839223728297045
3089,1986,Montenegro,0.0,Europe,-0.15810737239495073,1.2837399886767484
3090,1987,Montenegro,0.0,Europe,-0.1622323745988492,1.2835443521945538
3091,1988,Montenegro,0.0,Europe,-0.16635773282484953,1.2833354589990844
3092,1989,Montenegro,0.0,Europe,-0.17048340446311538,1.2831133048431738
3093,1990,Montenegro,0.0,Europe,-0.17460934688038773,1.2828778856166292
3094,1991,Montenegro,0.0,Europe,-0.17873551742041865,1.2826291973463417
3095,1992,Montenegro,0.0,Europe,-0.1828618734044163,1.2823672361963878
3096,1993,Montenegro,0.0,Europe,-0.1869883721314855,1.2820919984681345
3097,1994,Montenegro,0.0,Europe,-0.19111497087906787,1.2818034806003404
3098,1995,Montenegro,0.0,Europe,-0.19524162690339,1.2815016791692555
3099,1996,Montenegro,0.0,Europe,-0.19936829743989318,1.2811865908887214
3100,1997,Montenegro,0.0,Europe,-0.2034949397036935,1.2808582126102683
3101,1998,Montenegro,0.0,Europe,-0.2076215108900072,1.280516541323212
3102,1999,Montenegro,0.0,Europe,-0.2117479681746122,1.2801615741547456
3103,2000,Montenegro,0.0,Europe,-0.21587426871427456,1.279793308370037
3104,2001,Montenegro,0.0,Europe,-0.22000036964720862,1.2794117413723183
3105,2002,Montenegro,0.0,Europe,-0.22412622809351532,1.2790168707029752
3106,2003,Montenegro,0.0,Europe,-0.22825180115562052,1.27860869404164
3107,2004,Montenegro,0.0,Europe,-0.2323770459187369,1.2781872092062734
3108,2005,Montenegro,2.327038396133536,Europe,-0.23650191945129176,1.277752414153257
3109,2006,Montenegro,2.330618455204511,Europe,-0.24062637880539142,1.2773043069774719
3110,2007,Montenegro,2.1014946746621317,Europe,-0.24475038101725052,1.2768428859123877
3111,2008,Montenegro,2.5167815268951936,Europe,-0.24887388310765662,1.2763681493301375
3112,2009,Montenegro,1.7327485903517406,Europe,-0.2529968420824003,1.2758800957416065
3113,2010,Montenegro,2.4953011724693455,Europe,-0.2571192149327385,1.275378723796503
3114,2011,Montenegro,2.373579164056207,Europe,-0.2612409586358362,1.274864032283441
3115,2012,Montenegro,2.244697037501119,Europe,-0.2653620301552082,1.2743360201300147
3116,2013,Montenegro,2.1050747337331064,Europe,-0.269482386441184,1.2737946864028713
3117,2014,Montenegro,2.026313434171664,Europe,-0.2736019844313389,1.2732400303077884
3118,2015,Montenegro,2.083594379307258,Europe,-0.27772078105096154,1.2726720511897402
3119,2016,Montenegro,1.8437304215519557,Europe,-0.28183873321348635,1.2720907485329733
3120,2017,Montenegro,1.8580506578358544,Europe,-0.28595579782096137,1.2714961219610699
3121,2018,Montenegro,1.9475521346102211,Europe,-0.2900719317644809,1.2708881712370204
3122,2019,Montenegro,1.9475521346102211,Europe,-0.29418709192465226,1.2702668962632842
3123,2020,Montenegro,2.233956860288195,Europe,-0.2983012351720403,1.2696322970818574
3124,2021,Montenegro,2.0012530206748416,Europe,-0.30241431836761223,1.2689843738743374
3125,2022,Montenegro,1.9439720755392464,Europe,-0.3065262983632047,1.2683231269619772
3126,2023,Montenegro,1.9547122527521705,Europe,-0.3106371320019588,1.2676485568057547
3127,1971,Republic of North Macedonia,0.0,Europe,-0.3147467761187893,1.2669606640064224
3128,1972,Republic of North Macedonia,0.0,Europe,-0.3188551875408207,1.2662594493045725
3129,1973,Republic of North Macedonia,0.0,Europe,-0.32296232308785466,1.2655449135806855
3130,1974,Republic of North Macedonia,0.0,Europe,-0.3270681395728174,1.2648170578551887
3131,1975,Republic of North Macedonia,0.0,Europe,-0.3311725938022059,1.2640758832885086
3132,1976,Republic of North Macedonia,0.0,Europe,-0.3352756425765578,1.2633213911811187
3133,1977,Republic of North Macedonia,0.0,Europe,-0.33937724269088737,1.2625535829735952
3134,1978,Republic of North Macedonia,0.0,Europe,-0.3434773509351574,1.2617724602466573
3135,1979,Republic of North Macedonia,0.0,Europe,-0.34757592409471655,1.2609780247212226
3136,1980,Republic of North Macedonia,0.0,Europe,-0.3516729189507713,1.260170278258445
3137,1981,Republic of North Macedonia,0.0,Europe,-0.35576829228082346,1.2593492228597645
3138,1982,Republic of North Macedonia,0.0,Europe,-0.3598620008591411,1.2585148606669443
3139,1983,Republic of North Macedonia,0.0,Europe,-0.36395400145720713,1.2576671939621145
3140,1984,Republic of North Macedonia,0.0,Europe,-0.368044250844169,1.2568062251678138
3141,1985,Republic of North Macedonia,0.0,Europe,-0.372132705787309,1.2559319568470206
3142,1986,Republic of North Macedonia,0.0,Europe,-0.376219323052484,1.2550443917031981
3143,1987,Republic of North Macedonia,0.0,Europe,-0.38030405940459855,1.2541435325803205
3144,1988,Republic of North Macedonia,0.0,Europe,-0.3843868716080444,1.2532293824629146
3145,1989,Republic of North Macedonia,0.0,Europe,-0.3884677164271749,1.2523019444760846
3146,1990,Republic of North Macedonia,4.210149467466213,Europe,-0.39254655062674393,1.2513612218855485
3147,1991,Republic of North Macedonia,4.378412243802023,Europe,-0.3966233309723788,1.2504072180976635
3148,1992,Republic of North Macedonia,4.6576568513380465,Europe,-0.400698014231031,1.2494399366594535
3149,1993,Republic of North Macedonia,5.2197261254810705,Europe,-0.4047705571714275,1.2484593812586395
3150,1994,Republic of North Macedonia,5.140964825919627,Europe,-0.4088409165645431,1.2474655557236565
3151,1995,Republic of North Macedonia,5.169605298487426,Europe,-0.4129090491840415,1.2464584640236858
3152,1996,Republic of North Macedonia,6.064620066231092,Europe,-0.4169749118067502,1.2454381102686671
3153,1997,Republic of North Macedonia,5.330707956681286,Europe,-0.4210384612131024,1.2444044987093275
3154,1998,Republic of North Macedonia,5.66365345028193,Europe,-0.4250996541876095,1.243357633737193
3155,1999,Republic of North Macedonia,4.994182404009666,Europe,-0.4291584475193135,1.242297519884609
3156,2000,Republic of North Macedonia,4.5860556699185535,Europe,-0.4332147980022396,1.2412241618247568
3157,2001,Republic of North Macedonia,4.811599391389958,Europe,-0.4372686624358697,1.2401375643716641
3158,2002,Republic of North Macedonia,4.446433366150541,Europe,-0.44131999762558455,1.2390377324802229
3159,2003,Republic of North Macedonia,4.722097914615591,Europe,-0.44536876038313966,1.2379246712461935
3160,2004,Republic of North Macedonia,4.364092007518124,Europe,-0.4494149075271077,1.236798385906223
3161,2005,Republic of North Macedonia,4.335451534950327,Europe,-0.45345839588335524,1.235658881837844
3162,2006,Republic of North Macedonia,4.109907813478922,Europe,-0.4574991822854842,1.2345061645594901
3163,2007,Republic of North Macedonia,4.066947104627226,Europe,-0.4615372235753078,1.2333402397304938
3164,2008,Republic of North Macedonia,3.7698022017363284,Europe,-0.46557247660330264,1.2321611131510932
3165,2009,Republic of North Macedonia,3.5299382439810256,Europe,-0.4696048982290632,1.2309687907624376
3166,2010,Republic of North Macedonia,3.343775172290343,Europe,-0.4736344453217756,1.22976327864658
3167,2011,Republic of North Macedonia,3.5907992481875946,Europe,-0.47766107476066183,1.2285445830264852
3168,2012,Republic of North Macedonia,3.465497180703481,Europe,-0.48168474343545564,1.227312710266019
3169,2013,Republic of North Macedonia,3.0108296786896984,Europe,-0.48570540824684694,1.2260676668699535
3170,2014,Republic of North Macedonia,2.749485366508547,Europe,-0.48972302610695617,1.2248094594839523
3171,2015,Republic of North Macedonia,2.538261881321042,Europe,-0.4937375539397885,1.2235380948945689
3172,2016,Republic of North Macedonia,2.405799695694979,Europe,-0.49774894868168806,1.2222535800292407
3173,2017,Republic of North Macedonia,2.545421999462991,Europe,-0.5017571672818131,1.2209559219562716
3174,2018,Republic of North Macedonia,2.312718159849638,Europe,-0.5057621667025802,1.2196451278848293
3175,2019,Republic of North Macedonia,2.545421999462991,Europe,-0.5097639039201406,1.2183212051649233
3176,2020,Republic of North Macedonia,2.276917569139891,Europe,-0.5137623359248253,1.2169841612874004
3177,2021,Republic of North Macedonia,2.198156269578448,Europe,-0.5177574197216221,1.2156340038839193
3178,2022,Republic of North Macedonia,2.3986395775530296,Europe,-0.5217491123306194,1.2142707407269415
3179,2023,Republic of North Macedonia,2.330618455204511,Europe,-0.5257373707874818,1.2128943797297056
3180,1971,Romania,7.911930546854022,Europe,-0.5297221521439052,1.2115049289462094
3181,1972,Romania,7.382081804349772,Europe,-0.5337034134680703,1.2101023965711928
3182,1973,Romania,7.292580327575404,Europe,-0.5376811118451191,1.2086867909401038
3183,1974,Romania,6.530027745457801,Europe,-0.5416552043775991,1.207258120529086
3184,1975,Romania,6.408305737044662,Europe,-0.54562564818594,1.20581639395494
3185,1976,Romania,6.308064083057371,Europe,-0.5495924004088988,1.2043616199751064
3186,1977,Romania,5.950058175959903,Europe,-0.5535554182040375,1.2028938074876268
3187,1978,Romania,5.985858766669649,Europe,-0.5575146587481666,1.2014129655311219
3188,1979,Romania,5.839076344759688,Europe,-0.5614700792378213,1.1999191032847503
3189,1980,Romania,5.60995256421731,Europe,-0.5654216368897158,1.1984122300681792
3190,1981,Romania,5.645753154927055,Europe,-0.5693692889411984,1.1968923553415525
3191,1982,Romania,5.366508547391033,Europe,-0.573312992650726,1.1953594887054428
3192,1983,Romania,5.126644589635728,Europe,-0.5772527052983096,1.1938136399008263
3193,1984,Romania,4.732838091828516,Europe,-0.581188384185991,1.192254818809031
3194,1985,Romania,4.73641815089949,Europe,-0.5851199866382868,1.190683035451704
3195,1986,Romania,4.761478564396312,Europe,-0.589047470002664,1.1890982999907622
3196,1987,Romania,4.95838181329992,Europe,-0.5929707916499948,1.1875006227283502
3197,1988,Romania,5.1123243533518306,Europe,-0.59688990897501,1.185890014106797
3198,1989,Romania,5.316387720397387,Europe,-0.6008047793967757,1.1842664847085616
3199,1990,Romania,4.990602344938691,Europe,-0.6047153603591353,1.1826300452561924
3200,1991,Romania,4.754318446254364,Europe,-0.6086216093311881,1.1809807066122673
3201,1992,Romania,4.6039559652734265,Europe,-0.6125234838077326,1.1793184797793514
3202,1993,Romania,4.2244697037501115,Europe,-0.6164209413097431,1.1776433758999336
3203,1994,Romania,3.973865568781885,Europe,-0.6203139393848137,1.1759554062563802
3204,1995,Romania,3.8843640920075178,Europe,-0.6242024356076331,1.1742545822708719
3205,1996,Romania,3.841403383155822,Europe,-0.6280863875804378,1.1725409155053466
3206,1997,Romania,3.7340016110265815,Europe,-0.6319657529334667,1.1708144176614455
3207,1998,Romania,3.4296965899937346,Europe,-0.6358404893254345,1.1690751005804418
3208,1999,Romania,2.9535487335541033,Europe,-0.6397105544439758,1.1673229762431898
3209,2000,Romania,3.0108296786896984,Europe,-0.6435759060061208,1.1655580567700476
3210,2001,Romania,3.0645305647543184,Europe,-0.6474365017587383,1.1637803544208252
3211,2002,Romania,2.8568871386377874,Europe,-0.651292299479012,1.1619898815947036
3212,2003,Romania,2.9249082609863057,Europe,-0.6551432569748825,1.1601866508301788
3213,2004,Romania,2.563322294817864,Europe,-0.6589893320855218,1.158370674804981
3214,2005,Romania,2.427280050120827,Europe,-0.6628304826817853,1.156541966336007
3215,2006,Romania,2.3449386914884096,Europe,-0.6666666666666657,1.1547005383792524
3216,2007,Romania,2.12297502908798,Europe,-0.670497841975764,1.152846404029724
3217,2008,Romania,1.9117515439004746,Europe,-0.6743239665777344,1.1509795765213777
3218,2009,Romania,1.7220084131388167,Europe,-0.6781449984747566,1.1491000692270288
3219,2010,Romania,1.729168531280766,Europe,-0.6819608957029794,1.147207895658282
3220,2011,Romania,1.7864494764163608,Europe,-0.6857716163329923,1.1453030694654434
3221,2012,Romania,1.7041081177839434,Europe,-0.689577118470277,1.14338560443744
3222,2013,Romania,1.5000447507383872,Europe,-0.6933773602556608,1.1414555145017418
3223,2014,Romania,1.4212834511769445,Europe,-0.6971722998657855,1.1395128137242652
3224,2015,Romania,1.4069632148930458,Europe,-0.7009618955135513,1.1375575163092986
3225,2016,Romania,1.338942092544527,Europe,-0.7047461054485884,1.1355896365994014
3226,2017,Romania,1.281661147408932,Europe,-0.708524887957699,1.1336091890753266
3227,2018,Romania,1.220800143202363,Europe,-0.7122982013653294,1.1316161883559175
3228,2019,Romania,1.1527790208538442,Europe,-0.7160660040340108,1.1296106491980256
3229,2020,Romania,1.1026581938601987,Europe,-0.7198282543648298,1.1275925864964076
3230,2021,Romania,1.1241385482860469,Europe,-0.7235849107978782,1.125562015283632
3231,2022,Romania,1.0274769533697306,Europe,-0.727335931812704,1.1235189507299879
3232,2023,Romania,0.9129150630985411,Europe,-0.7310812759287791,1.1214634081433732
3233,1971,Russian Federation,0.0,Europe,-0.7348209017059415,1.1193954029692088
3234,1972,Russian Federation,0.0,Europe,-0.7385547677448636,1.117314950790323
3235,1973,Russian Federation,0.0,Europe,-0.7422828326874938,1.1152220673268602
3236,1974,Russian Federation,0.0,Europe,-0.7460050552175257,1.113116768436165
3237,1975,Russian Federation,0.0,Europe,-0.7497213940608367,1.1109990701126846
3238,1976,Russian Federation,0.0,Europe,-0.7534318079859577,1.108868988487856
3239,1977,Russian Federation,0.0,Europe,-0.7571362558045184,1.106726539829994
3240,1978,Russian Federation,0.0,Europe,-0.7608346963716984,1.1045717405441906
3241,1979,Russian Federation,0.0,Europe,-0.7645270885866915,1.1024046071721887
3242,1980,Russian Federation,0.0,Europe,-0.7682133913931454,1.1002251563922811
3243,1981,Russian Federation,0.0,Europe,-0.7718935637796288,1.0980334050191831
3244,1982,Russian Federation,0.0,Europe,-0.775567564780069,1.0958293700039272
3245,1983,Russian Federation,0.0,Europe,-0.779235353474218,1.0936130684337344
3246,1984,Russian Federation,0.0,Europe,-0.7828968889880983,1.091384517531898
3247,1985,Russian Federation,0.0,Europe,-0.7865521304944495,1.0891437346576678
3248,1986,Russian Federation,0.0,Europe,-0.7902010372131919,1.0868907373061152
3249,1987,Russian Federation,0.0,Europe,-0.7938435684118644,1.0846255431080223
3250,1988,Russian Federation,0.0,Europe,-0.7974796834060881,1.0823481698297421
3251,1989,Russian Federation,0.0,Europe,-0.8011093415600037,1.0800586353730846
3252,1990,Russian Federation,6.680390226438736,Europe,-0.8047325022867355,1.0777569577751749
3253,1991,Russian Federation,6.945314597690862,Europe,-0.8083491250488267,1.075443155208335
3254,1992,Russian Federation,7.453682985769264,Europe,-0.8119591693587023,1.0731172459799414
3255,1993,Russian Federation,7.500223753691937,Europe,-0.8155625947791114,1.070779248532296
3256,1994,Russian Federation,7.6183657030341,Europe,-0.8191593609235726,1.0684291814424958
3257,1995,Russian Federation,7.704287120737493,Europe,-0.8227494274568325,1.0660670634222857
3258,1996,Russian Federation,7.854649601718428,Europe,-0.8263327540953024,1.063692913317933
3259,1997,Russian Federation,7.203078850801038,Europe,-0.8299093006075182,1.0613067501100752
3260,1998,Russian Federation,7.564664816969479,Europe,-0.833479026814574,1.0589085929135926
3261,1999,Russian Federation,7.2961603866463784,Europe,-0.8370418925905837,1.0564984609774521
3262,2000,Russian Federation,6.7734717622840765,Europe,-0.8405978578631135,1.0540763736845762
3263,2001,Russian Federation,6.4476863868253815,Europe,-0.8441468826136405,1.0516423505516874
3264,2002,Russian Federation,6.118320952295713,Europe,-0.8476889268779925,1.0491964112291652
3265,2003,Russian Federation,5.810435872191891,Europe,-0.8512239507467894,1.046738575500903
3266,2004,Russian Federation,5.402309138100778,Europe,-0.8547519143658998,1.044268863284147
3267,2005,Russian Federation,5.055043408216235,Europe,-0.858272777936872,1.0417872946293578
3268,2006,Russian Federation,4.847399982099705,Europe,-0.8617865017173925,1.039293889720044
3269,2007,Russian Federation,4.457173543363465,Europe,-0.8652930460217152,1.036788668872623
3270,2008,Russian Federation,4.288910767027655,Europe,-0.8687923712211177,1.0342716525362508
3271,2009,Russian Federation,4.313971180524479,Europe,-0.8722844377443391,1.0317428612926722
3272,2010,Russian Federation,4.381992302872997,Europe,-0.8757692060780172,1.0292023158560664
3273,2011,Russian Federation,4.424953011724694,Europe,-0.8792466367671429,1.026650037072874
3274,2012,Russian Federation,4.263850353530834,Europe,-0.8827166904154881,1.0240860459216508
3275,2013,Russian Federation,4.088427459053074,Europe,-0.8861793276860611,1.0215103635128902
3276,2014,Russian Federation,4.013246218562606,Europe,-0.8896345093015333,1.0189230110888707
3277,2015,Russian Federation,4.045466750201378,Europe,-0.8930821960446937,1.0163240100234798
3278,2016,Russian Federation,3.97744562785286,Europe,-0.8965223487588749,1.0137133818220563
3279,2017,Russian Federation,3.97744562785286,Europe,-0.8999549283484058,1.011091148121212
3280,2018,Russian Federation,4.006086100420657,Europe,-0.9033798957790429,1.008457330688665
3281,2019,Russian Federation,3.9165846236462905,Europe,-0.9067972120784067,1.0058119514230741
3282,2020,Russian Federation,3.8378233240848476,Europe,-0.9102068383364299,1.0031550323538516
3283,2021,Russian Federation,3.959545332497987,Europe,-0.9136087357057822,1.000486595641004
3284,2022,Russian Federation,3.9201646827172647,Europe,-0.9170028654023211,0.9978066635749415
3285,2023,Russian Federation,0.0,Europe,-0.9203891887055146,0.995115258576313
3286,1971,Serbia,0.0,Europe,-0.9237676669588911,0.9924124031958145
3287,1972,Serbia,0.0,Europe,-0.9271382615704613,0.9896981201140207
3288,1973,Serbia,0.0,Europe,-0.9305009340131669,0.9869724321411928
3289,1974,Serbia,0.0,Europe,-0.933855645825307,0.9842353622170977
3290,1975,Serbia,0.0,Europe,-0.9372023586109707,0.9814869334108305
3291,1976,Serbia,0.0,Europe,-0.9405410340404797,0.9787271689206141
3292,1977,Serbia,0.0,Europe,-0.9438716338508102,0.9759560920736255
3293,1978,Serbia,0.0,Europe,-0.9471941198460375,0.9731737263257935
3294,1979,Serbia,0.0,Europe,-0.9505084538977548,0.9703800952616202
3295,1980,Serbia,0.0,Europe,-0.953814597945518,0.9675752225939784
3296,1981,Serbia,0.0,Europe,-0.957112513997269,0.9647591321639213
3297,1982,Serbia,0.0,Europe,-0.9604021641297642,0.9619318479404936
3298,1983,Serbia,0.0,Europe,-0.9636835104890132,0.9590933940205217
3299,1984,Serbia,0.0,Europe,-0.966956515290697,0.9562437946284315
3300,1985,Serbia,0.0,Europe,-0.9702211408206091,0.9533830741160326
3301,1986,Serbia,0.0,Europe,-0.9734773494350706,0.9505112569623333
3302,1987,Serbia,0.0,Europe,-0.9767251035613712,0.9476283677733224
3303,1988,Serbia,0.0,Europe,-0.979964365698183,0.9447344312817811
3304,1989,Serbia,0.0,Europe,-0.9831950984159993,0.941829472347065
3305,1990,Serbia,10.235388883916585,Europe,-0.9864172643575534,0.9389135159549012
3306,1991,Serbia,9.766401145618904,Europe,-0.9896308262382418,0.9359865872171884
3307,1992,Serbia,9.179271457979057,Europe,-0.9928357468465586,0.9330487113717717
3308,1993,Serbia,7.8439094245055045,Europe,-0.9960319890445075,0.9300999137822488
3309,1994,Serbia,6.966794952116709,Europe,-0.9992195157680372,0.9271402199377411
3310,1995,Serbia,7.521704108117784,Europe,-1.0023982900274533,0.9241696554526957
3311,1996,Serbia,8.205495390673946,Europe,-1.0055682749078498,0.9211882460666572
3312,1997,Serbia,8.345117694441958,Europe,-1.0087294335695274,0.9181960176440553
3313,1998,Serbia,8.058712968763984,Europe,-1.0118817292484092,0.9151929961739949
3314,1999,Serbia,6.333124496554193,Europe,-1.0150251252564726,0.9121792077700203
3315,2000,Serbia,6.404725677973686,Europe,-1.0181595849821565,0.9091546786699123
3316,2001,Serbia,6.279423610489573,Europe,-1.0212850718907929,0.9061194352354489
3317,2002,Serbia,6.372505146334914,Europe,-1.0244015495250123,0.9030735039521974
3318,2003,Serbia,6.551508099883648,Europe,-1.027508981505176,0.9000169114292745
3319,2004,Serbia,6.494227154748053,Europe,-1.030607331529778,0.896949684399134
3320,2005,Serbia,5.405889197171754,Europe,-1.0336965633758757,0.8938718497173266
3321,2006,Serbia,5.370088606462007,Europe,-1.0367766408994987,0.8907834343622751
3322,2007,Serbia,4.8903606909514,Europe,-1.0398475280360613,0.8876844654350511
3323,2008,Serbia,4.500134252215161,Europe,-1.0429091888007855,0.884574970159127
3324,2009,Serbia,4.349771771234225,Europe,-1.045961587289106,0.8814549758801608
3325,2010,Serbia,4.342611653092277,Europe,-1.049004687677092,0.8783245100657432
3326,2011,Serbia,4.6397565559831735,Europe,-1.0520384542218508,0.8751836003051783
3327,2012,Serbia,4.177928935827441,Europe,-1.0550628512619498,0.8720322743092292
3328,2013,Serbia,4.1349682269757455,Europe,-1.0580778432178162,0.868870559909896
3329,2014,Serbia,3.5227781258390762,Europe,-1.0610833945921587,0.8656984850601604
3330,2015,Serbia,4.038306632059428,Europe,-1.0640794699703715,0.8625160778337497
3331,2016,Serbia,4.0096661594916325,Europe,-1.0670660340209401,0.8593233664249003
3332,2017,Serbia,3.9846057459948088,Europe,-1.0700430514958592,0.8561203791480987
3333,2018,Serbia,3.7125212566007337,Europe,-1.0730104872310293,0.8529071444378511
3334,2019,Serbia,3.5514185984068734,Europe,-1.0759683061466752,0.8496836908484205
3335,2020,Serbia,3.59437930725857,Europe,-1.0789164732477392,0.8464500470535941
3336,2021,Serbia,3.250693636445001,Europe,-1.0818549536242998,0.8432062418464189
3337,2022,Serbia,3.225633222948179,Europe,-1.0847837124519688,0.8399523041389553
3338,2023,Serbia,3.089590978251141,Europe,-1.087702714992293,0.8366882629620321
3339,1971,Tajikistan,0.0,Asia,-1.0906119265931666,0.8334141474649766
3340,1972,Tajikistan,0.0,Asia,-1.0935113126892235,0.8301299869153759
3341,1973,Tajikistan,0.0,Asia,-1.0964008388022486,0.8268358106988037
3342,1974,Tajikistan,0.0,Asia,-1.0992804705415693,0.8235316483185775
3343,1975,Tajikistan,0.0,Asia,-1.1021501736044657,0.8202175293954839
3344,1976,Tajikistan,0.0,Asia,-1.1050099137765592,0.8168934836675322
3345,1977,Tajikistan,0.0,Asia,-1.1078596569322223,0.81355954098968
3346,1978,Tajikistan,0.0,Asia,-1.11069936903497,0.8102157313335728
3347,1979,Tajikistan,0.0,Asia,-1.113529016137855,0.8068620847872875
3348,1980,Tajikistan,0.0,Asia,-1.1163485643838724,0.8034986315550501
3349,1981,Tajikistan,0.0,Asia,-1.1191579800063443,0.8001254019569851
3350,1982,Tajikistan,0.0,Asia,-1.1219572293293267,0.7967424264288293
3351,1983,Tajikistan,0.0,Asia,-1.1247462787679912,0.7933497355216786
3352,1984,Tajikistan,0.0,Asia,-1.12752509482903,0.7899473599016987
3353,1985,Tajikistan,0.0,Asia,-1.1302936441110372,0.7865353303498697
3354,1986,Tajikistan,0.0,Asia,-1.1330518933049096,0.7831136777616959
3355,1987,Tajikistan,0.0,Asia,-1.1357998091942334,0.7796824331469372
3356,1988,Tajikistan,0.0,Asia,-1.1385373586556709,0.7762416276293375
3357,1989,Tajikistan,0.0,Asia,-1.1412645086593574,0.772791292446332
3358,1990,Tajikistan,7.031236015394255,Asia,-1.1439812262692806,0.7693314589487844
3359,1991,Tajikistan,6.988275306542557,Asia,-1.1466874786436776,0.7658621586006886
3360,1992,Tajikistan,7.246039559652734,Asia,-1.1493832330354108,0.762383422978903
3361,1993,Tajikistan,5.463170142307349,Asia,-1.152068456792364,0.7588952837728526
3362,1994,Tajikistan,4.066947104627226,Asia,-1.1547431173578218,0.7553977727842498
3363,1995,Tajikistan,3.891524210149467,Asia,-1.1574071822708514,0.7518909219268145
3364,1996,Tajikistan,3.6659804886780636,Asia,-1.1600606191666931,0.7483747632259719
3365,1997,Tajikistan,4.0597869864852765,Asia,-1.1627033957771347,0.7448493288185797
3366,1998,Tajikistan,4.2602702944598585,Asia,-1.1653354799309001,0.7413146509526222
3367,1999,Tajikistan,3.7698022017363284,Asia,-1.167956839554023,0.7377707619869345
3368,2000,Tajikistan,2.9929293833348245,Asia,-1.1705674426702342,0.734217694390893
3369,2001,Tajikistan,2.642083594379307,Asia,-1.1731672574013317,0.7306554807441386
3370,2002,Tajikistan,2.387899400340106,Asia,-1.175756251967568,0.727084153736266
3371,2003,Tajikistan,2.173095856081625,Asia,-1.1783343946880205,0.7235037461665331
3372,2004,Tajikistan,2.3485187505593843,Asia,-1.1809016539809685,0.7199142909435706
3373,2005,Tajikistan,2.065694083952385,Asia,-1.1834579983642732,0.7163158210850659
3374,2006,Tajikistan,2.0943345565201823,Asia,-1.1860033964557442,0.7127083697174807
3375,2007,Tajikistan,2.377159223127182,Asia,-1.1885378169735226,0.7090919700757327
3376,2008,Tajikistan,2.083594379307258,Asia,-1.1910612287364424,0.7054666555029077
3377,2009,Tajikistan,1.5716459321578808,Asia,-1.1935736006644153,0.7018324594499399
3378,2010,Tajikistan,1.4714042781705896,Asia,-1.1960749017787873,0.698189415475322
3379,2011,Tajikistan,1.4391837465318178,Asia,-1.1985651012027205,0.6945375572447842
3380,2012,Tajikistan,1.600286404725678,Asia,-1.2010441681615567,0.6908769185309918
3381,2013,Tajikistan,1.5501655777320325,Asia,-1.2035120719831827,0.6872075332132426
3382,2014,Tajikistan,1.9439720755392464,Asia,-1.2059687820984042,0.6835294352771404
3383,2015,Tajikistan,1.9189116620424238,Asia,-1.2084142680413044,0.6798426588143013
3384,2016,Tajikistan,2.058533965810436,Asia,-1.2108484994496167,0.6761472380220221
3385,2017,Tajikistan,2.083594379307258,Asia,-1.2132714460650813,0.672443207202984
3386,2018,Tajikistan,2.298397923565739,Asia,-1.2156830777338152,0.6687306007649211
3387,2019,Tajikistan,2.380739282198156,Asia,-1.2180833644066713,0.6650094532203096
3388,2020,Tajikistan,2.395059518482055,Asia,-1.220472276139597,0.6612797991860574
3389,2021,Tajikistan,2.2303768012172203,Asia,-1.2228497830940022,0.6575416733831682
3390,2022,Tajikistan,2.119394970017005,Asia,-1.2252158555371089,0.6537951106364384
3391,2023,Tajikistan,0.0,Asia,-1.2275704638423197,0.650040145874118
3392,1971,Turkmenistan,0.0,Asia,-1.2299135784895658,0.6462768141276046
3393,1972,Turkmenistan,0.0,Asia,-1.2322451700656727,0.6425051505311024
3394,1973,Turkmenistan,0.0,Asia,-1.2345652092647053,0.638725190321312
3395,1974,Turkmenistan,0.0,Asia,-1.2368736668883336,0.6349369688370912
3396,1975,Turkmenistan,0.0,Asia,-1.2391705138461784,0.6311405215191304
3397,1976,Turkmenistan,0.0,Asia,-1.2414557211561639,0.6273358839096322
3398,1977,Turkmenistan,0.0,Asia,-1.243729259944876,0.6235230916519645
3399,1978,Turkmenistan,0.0,Asia,-1.245991101447903,0.6197021804903466
3400,1979,Turkmenistan,0.0,Asia,-1.2482412170101953,0.6158731862694985
3401,1980,Turkmenistan,0.0,Asia,-1.2504795780864035,0.6120361449343248
3402,1981,Turkmenistan,0.0,Asia,-1.2527061562412367,0.6081910925295613
3403,1982,Turkmenistan,0.0,Asia,-1.2549209231497978,0.6043380651994564
3404,1983,Turkmenistan,0.0,Asia,-1.2571238505979387,0.6004770991874181
3405,1984,Turkmenistan,0.0,Asia,-1.2593149104825996,0.596608230835681
3406,1985,Turkmenistan,0.0,Asia,-1.2614940748121508,0.5927314965849741
3407,1986,Turkmenistan,0.0,Asia,-1.2636613157067405,0.5888469329741627
3408,1987,Turkmenistan,0.0,Asia,-1.2658166053986295,0.5849545766399245
3409,1988,Turkmenistan,0.0,Asia,-1.2679599162325386,0.5810544643163877
3410,1989,Turkmenistan,0.0,Asia,-1.2700912206659793,0.5771466328348047
3411,1990,Turkmenistan,11.248545601002416,Asia,-1.272210491269601,0.5732311191231904
3412,1991,Turkmenistan,9.981204689877382,Asia,-1.274317700727522,0.56930796020598
3413,1992,Turkmenistan,8.588561711268236,Asia,-1.276412821837664,0.5653771932036904
3414,1993,Turkmenistan,9.03606909514007,Asia,-1.2784958275120955,0.561438855332553
3415,1994,Turkmenistan,13.597064351561801,Asia,-1.2805666907773543,0.5574929839041811
3416,1995,Turkmenistan,14.9539067394612,Asia,-1.282625384774791,0.5535396163252011
3417,1996,Turkmenistan,14.219994629911394,Asia,-1.2846718827608912,0.5495787900969166
3418,1997,Turkmenistan,16.17112682359259,Asia,-1.2867061581076156,0.5456105428149371
3419,1998,Turkmenistan,15.487335541036426,Asia,-1.2887281843027187,0.54163491216884
3420,1999,Turkmenistan,15.555356663384945,Asia,-1.290737934950088,0.5376519359417993
3421,2000,Turkmenistan,13.514722992929382,Asia,-1.2927353837700641,0.5336616520102336
3422,2001,Turkmenistan,11.420388436409201,Asia,-1.2947205045997685,0.5296640983434562
3423,2002,Turkmenistan,10.371431128613622,Asia,-1.2966932713934316,0.5256593130032973
3424,2003,Turkmenistan,9.83442226796742,Asia,-1.2986536582227106,0.5216473341437626
3425,2004,Turkmenistan,9.175691398908082,Asia,-1.3006016392770205,0.517628200010653
3426,2005,Turkmenistan,8.388078403293655,Asia,-1.3025371888638473,0.5136019489412188
3427,2006,Turkmenistan,7.7329275933052894,Asia,-1.304460281409077,0.5095686193637806
3428,2007,Turkmenistan,7.915510605924997,Asia,-1.3063708914573084,0.5055282497973698
3429,2008,Turkmenistan,6.9560547749037855,Asia,-1.3082689936721745,0.5014808788513696
3430,2009,Turkmenistan,5.799695694978968,Asia,-1.3101545628366604,0.49742654522513097
3431,2010,Turkmenistan,5.695873981920702,Asia,-1.3120275738534166,0.49336528770762256
3432,2011,Turkmenistan,5.423789492526626,Asia,-1.3138880017450782,0.48929714517704226
3433,2012,Turkmenistan,5.076523762642084,Asia,-1.3157358216545734,0.4852221566004649
3434,2013,Turkmenistan,4.9046809272353,Asia,-1.317571008845443,0.48114036103345187
3435,2014,Turkmenistan,4.611116083415377,Asia,-1.3193935387021436,0.4770517976196959
3436,2015,Turkmenistan,4.8581401593126285,Asia,-1.3212033867303667,0.47295650559063174
3437,2016,Turkmenistan,4.83665980488678,Asia,-1.323000528557342,0.4688545242650666
3438,2017,Turkmenistan,5.123064530564755,Asia,-1.3247849399321463,0.4647458930488118
3439,2018,Turkmenistan,5.255526716190817,Asia,-1.3265565967260136,0.4606306514342886
3440,2019,Turkmenistan,5.337868074823236,Asia,-1.3283154749326362,0.45650883900016836
3441,2020,Turkmenistan,5.660073391210955,Asia,-1.3300615506684745,0.4523804954109744
3442,2021,Turkmenistan,7.321220800143202,Asia,-1.3317948001730544,0.44824566041672
3443,2022,Turkmenistan,7.389241922491721,Asia,-1.333515199809277,0.44410437385250795
3444,2023,Turkmenistan,0.0,Asia,-1.33522272606371,0.4399566756381667
3445,1971,Ukraine,0.0,Europe,-1.3369173555468974,0.43580260577785
3446,1972,Ukraine,0.0,Europe,-1.3385990649936534,0.43164220435965917
3447,1973,Ukraine,0.0,Europe,-1.340267831263357,0.42747551155526414
3448,1974,Ukraine,0.0,Europe,-1.3419236313402552,0.4233025676195001
3449,1975,Ukraine,0.0,Europe,-1.343566442333751,0.4191234128899983
3450,1976,Ukraine,0.0,Europe,-1.3451962414787042,0.41493808778677854
3451,1977,Ukraine,0.0,Europe,-1.3468130061357166,0.41074663281187723
3452,1978,Ukraine,0.0,Europe,-1.348416713791431,0.4065490885489408
3453,1979,Ukraine,0.0,Europe,-1.3500073420588152,0.4023454956628393
3454,1980,Ukraine,0.0,Europe,-1.3515848686774543,0.398135894899282
3455,1981,Ukraine,0.0,Europe,-1.3531492715138385,0.39392032708440544
3456,1982,Ukraine,0.0,Europe,-1.3547005285616471,0.38969883312439774
3457,1983,Ukraine,0.0,Europe,-1.3562386179420385,0.3854714540050832
3458,1984,Ukraine,0.0,Europe,-1.3577635179039276,0.3812382307915447
3459,1985,Ukraine,0.0,Europe,-1.3592752068242768,0.37699920462770575
3460,1986,Ukraine,0.0,Europe,-1.360773663208369,0.3727544167359507
3461,1987,Ukraine,0.0,Europe,-1.3622588656900956,0.36850390841670827
3462,1988,Ukraine,0.0,Europe,-1.363730793032231,0.36424772104805664
3463,1989,Ukraine,0.0,Europe,-1.3651894241267115,0.3599858960853295
3464,1990,Ukraine,15.884722097914617,Europe,-1.3666347379949133,0.3557184750606955
3465,1991,Ukraine,16.47185178555446,Europe,-1.368066713787925,0.3514454995827735
3466,1992,Ukraine,15.870401861630716,Europe,-1.3694853307868255,0.3471670113362083
3467,1993,Ukraine,16.110265819386022,Europe,-1.3708905684029526,0.34288305208128395
3468,1994,Ukraine,17.406247203078852,Europe,-1.37228240617818,0.33859366365349736
3469,1995,Ukraine,19.110355320862794,Europe,-1.3736608237851797,0.33429888796316937
3470,1996,Ukraine,18.451624451803454,Europe,-1.3750258010277001,0.3299987669950195
3471,1997,Ukraine,18.01843730421552,Europe,-1.3763773178408278,0.3256933428077627
3472,1998,Ukraine,17.27736507652376,Europe,-1.3777153542912541,0.32138265753370615
3473,1999,Ukraine,17.127002595542827,Europe,-1.3790398905775445,0.3170667533783204
3474,2000,Ukraine,15.741519735075629,Europe,-1.3803509070303963,0.3127456726198461
3475,2001,Ukraine,14.613801127718606,Europe,-1.3816483841129088,0.3084194576088607
3476,2002,Ukraine,14.019511321936811,Europe,-1.382932302420836,0.30408815076788354
3477,2003,Ukraine,13.88704913631075,Europe,-1.3842026426828546,0.2997517945909433
3478,2004,Ukraine,11.517050031325518,Europe,-1.3854593857608177,0.2954104316431684
3479,2005,Ukraine,10.718696858498166,Europe,-1.3867025126500137,0.2910641045603777
3480,2006,Ukraine,10.23180882484561,Europe,-1.3879320044794228,0.2867128560486443
3481,2007,Ukraine,9.69479996419941,Europe,-1.3891478425119699,0.28235672888389657
3482,2008,Ukraine,9.14347086726931,Europe,-1.3903500081447822,0.27799576591147784
3483,2009,Ukraine,9.093350040275665,Europe,-1.391538482909435,0.2736300100457455
3484,2010,Ukraine,9.333213998030969,Europe,-1.3927132484722102,0.2692595042696291
3485,2011,Ukraine,9.293833348250246,Europe,-1.393874286634338,0.26488429163422716
3486,2012,Ukraine,9.086189922133714,Europe,-1.3950215793322518,0.2605044152583667
3487,2013,Ukraine,8.842745905307439,Europe,-1.3961551086378305,0.2561199183281853
3488,2014,Ukraine,8.312897162803187,Europe,-1.3972748567586455,0.25173084409671354
3489,2015,Ukraine,7.378501745278797,Europe,-1.3983808060382061,0.24733723588343107
3490,2016,Ukraine,7.596885348608252,Europe,-1.3994729389561993,0.2429391370738592
3491,2017,Ukraine,6.426206032399534,Europe,-1.400551238128736,0.23853659111911318
3492,2018,Ukraine,6.5944688087353445,Europe,-1.4016156863085845,0.2341296415354925
3493,2019,Ukraine,5.993018884811599,Europe,-1.4026662663854172,0.22971833190403193
3494,2020,Ukraine,5.896357289895283,Europe,-1.4037029613860406,0.22530270587008983
3495,2021,Ukraine,5.6350129777141325,Europe,-1.4047257544746368,0.22088280714289987
3496,2022,Ukraine,5.044303231003312,Europe,-1.405734628952996,0.21645867949514572
3497,2023,Ukraine,0.0,Europe,-1.4067295682607481,0.21203036676253523
3498,1971,Uzbekistan,0.0,Asia,-1.4077105559755996,0.20759791284334908
3499,1972,Uzbekistan,0.0,Asia,-1.4086775758135583,0.20316136169802548
3500,1973,Uzbekistan,0.0,Asia,-1.4096306116291686,0.19872075734870479
3501,1974,Uzbekistan,0.0,Asia,-1.4105696474157328,0.19427614387881245
3502,1975,Uzbekistan,0.0,Asia,-1.4114946673055444,0.18982756543260443
3503,1976,Uzbekistan,0.0,Asia,-1.412405655570108,0.18537506621473615
3504,1977,Uzbekistan,0.0,Asia,-1.4133025966203658,0.1809186904898311
3505,1978,Uzbekistan,0.0,Asia,-1.4141854750069196,0.1764584825820234
3506,1979,Uzbekistan,0.0,Asia,-1.4150542754202493,0.17199448687453703
3507,1980,Uzbekistan,0.0,Asia,-1.4159089826909377,0.16752674780922433
3508,1981,Uzbekistan,0.0,Asia,-1.4167495817898823,0.16305530988614375
3509,1982,Uzbekistan,0.0,Asia,-1.4175760578285186,0.15858021766309677
3510,1983,Uzbekistan,0.0,Asia,-1.4183883960590289,0.1541015157552039
3511,1984,Uzbekistan,0.0,Asia,-1.4191865818745628,0.14961924883444255
3512,1985,Uzbekistan,0.0,Asia,-1.4199706008094448,0.14513346162920907
3513,1986,Uzbekistan,0.0,Asia,-1.4207404385393874,0.14064419892388005
3514,1987,Uzbekistan,0.0,Asia,-1.4214960808817017,0.1361515055583477
3515,1988,Uzbekistan,0.0,Asia,-1.4222375137955032,0.13165542642759223
3516,1989,Uzbekistan,0.0,Asia,-1.4229647233819231,0.1271560064812132
3517,1990,Uzbekistan,13.160297144902891,Asia,-1.4236776958843083,0.1226532907230001
3518,1991,Uzbekistan,13.317819744025776,Asia,-1.4243764176884304,0.11814732421046262
3519,1992,Uzbekistan,13.98729079029804,Asia,-1.4250608753226846,0.1136381520543995
3520,1993,Uzbekistan,14.416897878815,Asia,-1.4257310554582938,0.10912581941842969
3521,1994,Uzbekistan,14.348876756466481,Asia,-1.426386944909508,0.10461037151854741
3522,1995,Uzbekistan,13.031415018347802,Asia,-1.4270285306337995,0.10009185362267682
3523,1996,Uzbekistan,12.963393895999285,Asia,-1.427655799732065,0.09557031105020045
3524,1997,Uzbekistan,12.487246039559652,Asia,-1.4282687394488163,0.09104578917152506
3525,1998,Uzbekistan,13.869148840955877,Asia,-1.4288673371723783,0.0865183334076061
3526,1999,Uzbekistan,13.407321220800144,Asia,-1.4294515804350783,0.081987989229512
3527,2000,Uzbekistan,13.682985769265192,Asia,-1.4300214569134397,0.07745480215794992
3528,2001,Uzbekistan,13.196097735612637,Asia,-1.4305769544283709,0.07291881776281588
3529,2002,Uzbekistan,12.988454309496106,Asia,-1.4311180609453522,0.06838008166274429
3530,2003,Uzbekistan,11.713953280229124,Asia,-1.4316447645746253,0.06383863952463151
3531,2004,Uzbekistan,11.187684596795846,Asia,-1.4321570535713763,0.05929453706319669
3532,2005,Uzbekistan,9.859482681464245,Asia,-1.4326549163359217,0.05474782004050123
3533,2006,Uzbekistan,9.80220173632865,Asia,-1.4331383414138879,0.050198534265508306
3534,2007,Uzbekistan,8.728184015036248,Asia,-1.4336073174963961,0.045646725593601056
3535,2008,Uzbekistan,8.327217399087086,Asia,-1.4340618334202377,0.04109243992614066
3536,2009,Uzbekistan,7.031236015394255,Asia,-1.4345018781680565,0.036535723209985736
3537,2010,Uzbekistan,7.113577374026672,Asia,-1.4349274408685218,0.03197662143703635
3538,2011,Uzbekistan,6.780631880426027,Asia,-1.435338510796505,0.02741518064377755
3539,2012,Uzbekistan,5.531191264655867,Asia,-1.435735077373254,0.022851446910796602
3540,2013,Uzbekistan,5.126644589635728,Asia,-1.436117130166563,0.0182854663623379
3541,2014,Uzbekistan,4.478653897789313,Asia,-1.436484658890947,0.013717285165816424
3542,2015,Uzbekistan,3.938064978072138,Asia,-1.4368376534078062,0.009146949531371297
3543,2016,Uzbekistan,3.955965273427011,Asia,-1.437176103725598,0.004574505711377968
3544,2017,Uzbekistan,3.959545332497987,Asia,-1.4375,5.28128932132296e-16
3545,2018,Uzbekistan,3.4941376532712787,Asia,-1.4378093325340777,-0.004576521267294862
3546,2019,Uzbekistan,3.418956412780811,Asia,-1.4381040917784447,-0.009155011714201647
3547,2020,Uzbekistan,3.6480801933231892,Asia,-1.4383842683314267,-0.01373542492403517
3548,2021,Uzbekistan,3.673140606820013,Asia,-1.4386498529392215,-0.018317714440221133
3549,2022,Uzbekistan,3.3008144634386474,Asia,-1.438900836496056,-0.022901833766746316
3550,2023,Uzbekistan,0.0,Asia,-1.4391372100443456,-0.027487736368650855
3551,1971,Former Soviet Union (if no detail),7.604045466750202,Europe,-1.4393589647748481,-0.03207537567248013
3552,1972,Former Soviet Union (if no detail),7.686386825382618,Europe,-1.4395660920268203,-0.03666470506677568
3553,1973,Former Soviet Union (if no detail),7.521704108117784,Europe,-1.4397585832881679,-0.041255677902541116
3554,1974,Former Soviet Union (if no detail),7.525284167188758,Europe,-1.4399364301955986,-0.0458482474937086
3555,1975,Former Soviet Union (if no detail),7.7687281840150355,Europe,-1.4400996245347715,-0.050442367117631504
3556,1976,Former Soviet Union (if no detail),7.582565112324353,Europe,-1.4402481582404447,-0.05503799001553926
3557,1977,Former Soviet Union (if no detail),7.407142217846594,Europe,-1.4403820233966231,-0.05963506939303376
3558,1978,Former Soviet Union (if no detail),7.4250425132014675,Europe,-1.4405012122367016,-0.06423355842054528
3559,1979,Former Soviet Union (if no detail),7.389241922491721,Europe,-1.440605717143611,-0.0688334102338301
3560,1980,Former Soviet Union (if no detail),7.525284167188758,Europe,-1.4406955306499587,-0.0734345779344275
3561,1981,Former Soviet Union (if no detail),7.339121095498075,Europe,-1.4407706454381697,-0.07803701459015587
3562,1982,Former Soviet Union (if no detail),7.217399087084937,Europe,-1.440831054340625,-0.08264067323558374
3563,1983,Former Soviet Union (if no detail),7.059876487962051,Europe,-1.440876750339801,-0.08724550687250131
3564,1984,Former Soviet Union (if no detail),7.067036606104001,Europe,-1.4409077265684025,-0.09185146847041809
3565,1985,Former Soviet Union (if no detail),7.088516960529848,Europe,-1.4409239763095003,-0.09645851096702282
3566,1986,Former Soviet Union (if no detail),6.988275306542557,Europe,-1.4409254929966626,-0.10106658726868474
3567,1987,Former Soviet Union (if no detail),7.124317551239595,Europe,-1.4409122702140853,-0.10567565025091445
3568,1988,Former Soviet Union (if no detail),7.077776783316924,Europe,-1.4408843016967243,-0.11028565275886373
3569,1989,Former Soviet Union (if no detail),6.91309406605209,Europe,-1.4408415813304216,-0.11489654760780028
3570,1990,Former Soviet Union (if no detail),0.0,Europe,-1.4407841031520336,-0.11950828758358281
3571,1991,Former Soviet Union (if no detail),0.0,Europe,-1.4407118613495553,-0.12412082544316258
3572,1992,Former Soviet Union (if no detail),0.0,Europe,-1.4406248502622447,-0.12873411391504658
3573,1993,Former Soviet Union (if no detail),0.0,Europe,-1.4405230643807445,-0.13334810569980268
3574,1994,Former Soviet Union (if no detail),0.0,Europe,-1.4404064983472022,-0.13796275347052367
3575,1995,Former Soviet Union (if no detail),0.0,Europe,-1.440275146955391,-0.14257800987333358
3576,1996,Former Soviet Union (if no detail),0.0,Europe,-1.4401290051508238,-0.14719382752785257
3577,1997,Former Soviet Union (if no detail),0.0,Europe,-1.4399680680308735,-0.15181015902770154
3578,1998,Former Soviet Union (if no detail),0.0,Europe,-1.439792330844883,-0.15642695694098108
3579,1999,Former Soviet Union (if no detail),0.0,Europe,-1.4396017889942818,-0.16104417381075103
3580,2000,Former Soviet Union (if no detail),0.0,Europe,-1.439396438032694,-0.16566176215553624
3581,2001,Former Soviet Union (if no detail),0.0,Europe,-1.4391762736660507,-0.17027967446979408
3582,2002,Former Soviet Union (if no detail),0.0,Europe,-1.4389412917526958,-0.17489786322442377
3583,2003,Former Soviet Union (if no detail),0.0,Europe,-1.4386914883034938,-0.17951628086723467
3584,2004,Former Soviet Union (if no detail),0.0,Europe,-1.4384268594819343,-0.1841348798234567
3585,2005,Former Soviet Union (if no detail),0.0,Europe,-1.4381474016042364,-0.18875361249620923
3586,2006,Former Soviet Union (if no detail),0.0,Europe,-1.4378531111394486,-0.19337243126700987
3587,2007,Former Soviet Union (if no detail),0.0,Europe,-1.43754398470955,-0.19799128849625736
3588,2008,Former Soviet Union (if no detail),0.0,Europe,-1.4372200190895499,-0.20261013652371504
3589,2009,Former Soviet Union (if no detail),0.0,Europe,-1.4368812112075835,-0.20722892766902068
3590,2010,Former Soviet Union (if no detail),0.0,Europe,-1.4365275581450079,-0.21184761423215756
3591,2011,Former Soviet Union (if no detail),0.0,Europe,-1.4361590571364964,-0.216466148493968
3592,2012,Former Soviet Union (if no detail),0.0,Europe,-1.4357757055701297,-0.221084482716625
3593,2013,Former Soviet Union (if no detail),0.0,Europe,-1.435377500987488,-0.2257025691441441
3594,2014,Former Soviet Union (if no detail),0.0,Europe,-1.434964441083739,-0.23032036000286885
3595,2015,Former Soviet Union (if no detail),0.0,Europe,-1.434536523707727,-0.23493780750195728
3596,2016,Former Soviet Union (if no detail),0.0,Europe,-1.4340937468620567,-0.23955486383389424
3597,2017,Former Soviet Union (if no detail),0.0,Europe,-1.43363610870318,-0.24417148117496562
3598,2018,Former Soviet Union (if no detail),0.0,Europe,-1.4331636075414766,-0.24878761168577404
3599,2019,Former Soviet Union (if no detail),0.0,Europe,-1.432676241841337,-0.2534032075117135
3600,2020,Former Soviet Union (if no detail),0.0,Europe,-1.4321740102212406,-0.25801822078348646
3601,2021,Former Soviet Union (if no detail),0.0,Europe,-1.4316569114538356,-0.26263260361757873
3602,2022,Former Soviet Union (if no detail),0.0,Europe,-1.431124944466013,-0.2672463081167743
3603,2023,Former Soviet Union (if no detail),0.0,Europe,-1.4305781083389826,-0.2718592863706447
3604,1971,Former Yugoslavia (if no detail),3.232793341090128,Europe,-1.4300164023083484,-0.27647149045603836
3605,1972,Former Yugoslavia (if no detail),3.078850801038217,Europe,-1.4294398257641754,-0.2810828724375959
3606,1973,Former Yugoslavia (if no detail),3.2650138727289004,Europe,-1.4288483782510641,-0.285693384368228
3607,1974,Former Yugoslavia (if no detail),3.0645305647543184,Europe,-1.428242059468217,-0.2903029782896337
3608,1975,Former Yugoslavia (if no detail),3.1289716280318625,Europe,-1.4276208692695052,-0.29491160623277857
3609,1976,Former Yugoslavia (if no detail),3.025149914973597,Europe,-1.4269848076635332,-0.2995192202184141
3610,1977,Former Yugoslavia (if no detail),2.928488320057281,Europe,-1.4263338748137053,-0.3041257722575561
3611,1978,Former Yugoslavia (if no detail),2.8926877293475344,Europe,-1.4256680710382839,-0.30873121435200257
3612,1979,Former Yugoslavia (if no detail),2.842566902353889,Europe,-1.4249873968104507,-0.313335498494825
3613,1980,Former Yugoslavia (if no detail),2.6635639488051552,Europe,-1.424291852758369,-0.3179385766708615
3614,1981,Former Yugoslavia (if no detail),3.0108296786896984,Europe,-1.4235814396652355,-0.32254040085723457
3615,1982,Former Yugoslavia (if no detail),3.1790924550255077,Europe,-1.4228561584693398,-0.3271409230238312
3616,1983,Former Yugoslavia (if no detail),3.4762373579164056,Europe,-1.4221160102641164,-0.3317400951338246
3617,1984,Former Yugoslavia (if no detail),3.5191980667681015,Europe,-1.4213609962981975,-0.3363378691441543
3618,1985,Former Yugoslavia (if no detail),3.716101315671709,Europe,-1.4205911179754642,-0.3409341970060461
3619,1986,Former Yugoslavia (if no detail),3.7733822608073035,Europe,-1.4198063768550933,-0.3455290306655054
3620,1987,Former Yugoslavia (if no detail),3.5872191891166203,Europe,-1.4190067746516093,-0.35012232206381205
3621,1988,Former Yugoslavia (if no detail),3.8664637966526447,Europe,-1.4181923132349246,-0.3547140231380399
3622,1989,Former Yugoslavia (if no detail),3.8736239147945946,Europe,-1.4173629946303883,-0.3593040858215393
3623,1990,Former Yugoslavia (if no detail),0.0,Europe,-1.4165188210188255,-0.3638924620444595
3624,1991,Former Yugoslavia (if no detail),0.0,Europe,-1.4156597947365812,-0.36847910373423176
3625,1992,Former Yugoslavia (if no detail),0.0,Europe,-1.4147859182755562,-0.3730639628160926
3626,1993,Former Yugoslavia (if no detail),0.0,Europe,-1.4138971942832488,-0.3776469912135666
3627,1994,Former Yugoslavia (if no detail),0.0,Europe,-1.4129936255627868,-0.38222814084898804
3628,1995,Former Yugoslavia (if no detail),0.0,Europe,-1.4120752150729639,-0.38680736364399687
3629,1996,Former Yugoslavia (if no detail),0.0,Europe,-1.4111419659282738,-0.39138461152003495
3630,1997,Former Yugoslavia (if no detail),0.0,Europe,-1.4101938813989385,-0.3959598363988684
3631,1998,Former Yugoslavia (if no detail),0.0,Europe,-1.4092309649109407,-0.4005329902030711
3632,1999,Former Yugoslavia (if no detail),0.0,Europe,-1.4082532200460487,-0.4051040248565502
3633,2000,Former Yugoslavia (if no detail),0.0,Europe,-1.4072606505418455,-0.40967289228502984
3634,2001,Former Yugoslavia (if no detail),0.0,Europe,-1.4062532602917508,-0.41423954441657695
3635,2002,Former Yugoslavia (if no detail),0.0,Europe,-1.4052310533450478,-0.4188039331820859
3636,2003,Former Yugoslavia (if no detail),0.0,Europe,-1.4041940339068995,-0.42336601051580136
3637,2004,Former Yugoslavia (if no detail),0.0,Europe,-1.4031422063383712,-0.42792572835581616
3638,2005,Former Yugoslavia (if no detail),0.0,Europe,-1.4020755751564509,-0.43248303864456933
3639,2006,Former Yugoslavia (if no detail),0.0,Europe,-1.4009941450340604,-0.43703789332937004
3640,2007,Former Yugoslavia (if no detail),0.0,Europe,-1.3998979208000746,-0.4415902443628823
3641,2008,Former Yugoslavia (if no detail),0.0,Europe,-1.398786907439332,-0.44614004370365196
3642,2009,Former Yugoslavia (if no detail),0.0,Europe,-1.3976611100926488,-0.45068724331659243
3643,2010,Former Yugoslavia (if no detail),0.0,Europe,-1.3965205340568252,-0.4552317951735086
3644,2011,Former Yugoslavia (if no detail),0.0,Europe,-1.3953651847846558,-0.459773651253596
3645,2012,Former Yugoslavia (if no detail),0.0,Europe,-1.394195067884938,-0.46431276354393924
3646,2013,Former Yugoslavia (if no detail),0.0,Europe,-1.3930101891224722,-0.46884908404003717
3647,2014,Former Yugoslavia (if no detail),0.0,Europe,-1.3918105544180706,-0.4733825647462886
3648,2015,Former Yugoslavia (if no detail),0.0,Europe,-1.3905961698485532,-0.47791315767651993
3649,2016,Former Yugoslavia (if no detail),0.0,Europe,-1.3893670416467532,-0.4824408148544717
3650,2017,Former Yugoslavia (if no detail),0.0,Europe,-1.388123176201511,-0.4869654883143261
3651,2018,Former Yugoslavia (if no detail),0.0,Europe,-1.3868645800576742,-0.4914871301011939
3652,2019,Former Yugoslavia (if no detail),0.0,Europe,-1.3855912599160904,-0.49600569227163915
3653,2020,Former Yugoslavia (if no detail),0.0,Europe,-1.3843032226336,-0.500521126894179
3654,2021,Former Yugoslavia (if no detail),0.0,Europe,-1.3830004752230327,-0.5050333860497841
3655,2022,Former Yugoslavia (if no detail),0.0,Europe,-1.3816830248531913,-0.5095424218324027
3656,2023,Former Yugoslavia (if no detail),0.0,Europe,-1.3803508788488446,-0.5140481863494493
3657,1971,Non-OECD Europe and Eurasia,7.367761568065872,Europe,-1.3790040446907121,-0.5185506317223312
3658,1972,Non-OECD Europe and Eurasia,7.399982099704646,Europe,-1.3776425300154505,-0.5230497100869368
3659,1973,Non-OECD Europe and Eurasia,7.2639398550076075,Europe,-1.3762663426156352,-0.5275453735941632
3660,1974,Non-OECD Europe and Eurasia,7.185178555446166,Europe,-1.3748754904397456,-0.5320375744104039
3661,1975,Non-OECD Europe and Eurasia,7.389241922491721,Europe,-1.3734699815921412,-0.5365262647180737
3662,1976,Non-OECD Europe and Eurasia,7.203078850801038,Europe,-1.3720498243330417,-0.5410113967161099
3663,1977,Non-OECD Europe and Eurasia,7.0097556609684055,Europe,-1.370615027078507,-0.5454929226204717
3664,1978,Non-OECD Europe and Eurasia,7.0097556609684055,Europe,-1.3691655984004067,-0.5499707946646664
3665,1979,Non-OECD Europe and Eurasia,6.952474715832811,Europe,-1.3677015470263996,-0.5544449651002364
3666,1980,Non-OECD Europe and Eurasia,7.031236015394255,Europe,-1.3662228818398994,-0.5589153861972879
3667,1981,Non-OECD Europe and Eurasia,6.888033652555267,Europe,-1.364729611880052,-0.5633820102449781
3668,1982,Non-OECD Europe and Eurasia,6.777051821355053,Europe,-1.3632217463416978,-0.5678447895520413
3669,1983,Non-OECD Europe and Eurasia,6.6481696947999644,Europe,-1.361699294575341,-0.5723036764472885
3670,1984,Non-OECD Europe and Eurasia,6.6123691040902175,Europe,-1.360162266087118,-0.5767586232801085
3671,1985,Non-OECD Europe and Eurasia,6.65174975387094,Europe,-1.358610670538755,-0.5812095824209927
3672,1986,Non-OECD Europe and Eurasia,6.569408395238522,Europe,-1.3570445177475363,-0.5856565062620233
3673,1987,Non-OECD Europe and Eurasia,6.6839702855097105,Europe,-1.3554638176862588,-0.5900993472174009
3674,1988,Non-OECD Europe and Eurasia,6.673230108296787,Europe,-1.3538685804831958,-0.594538057723932
3675,1989,Non-OECD Europe and Eurasia,6.5586682180255975,Europe,-1.352258816422049,-0.5989725902415574
3676,1990,Non-OECD Europe and Eurasia,7.682806766311644,Europe,-1.3506345359419103,-0.6034028972538394
3677,1991,Non-OECD Europe and Eurasia,7.9298308422088954,Europe,-1.3489957496372087,-0.6078289312684874
3678,1992,Non-OECD Europe and Eurasia,8.241295981383693,Europe,-1.347342468257665,-0.6122506448178567
3679,1993,Non-OECD Europe and Eurasia,8.151794504609327,Europe,-1.345674702708246,-0.6166679904594505
3680,1994,Non-OECD Europe and Eurasia,8.094513559473732,Europe,-1.343992464049106,-0.6210809207764431
3681,1995,Non-OECD Europe and Eurasia,8.062293027834958,Europe,-1.3422957634955415,-0.6254893883781679
3682,1996,Non-OECD Europe and Eurasia,7.8868701333572,Europe,-1.3405846124179286,-0.6298933459006455
3683,1997,Non-OECD Europe and Eurasia,7.367761568065872,Europe,-1.3388590223416756,-0.6342927460070695
3684,1998,Non-OECD Europe and Eurasia,7.525284167188758,Europe,-1.3371190049471557,-0.6386875413883345
3685,1999,Non-OECD Europe and Eurasia,7.18875861451714,Europe,-1.3353645720696572,-0.6430776847635232
3686,2000,Non-OECD Europe and Eurasia,6.730511053432381,Europe,-1.3335957356993133,-0.64746312888043
3687,2001,Non-OECD Europe and Eurasia,6.397565559831737,Europe,-1.3318125079810443,-0.6518438265160615
3688,2002,Non-OECD Europe and Eurasia,6.096840597869865,Europe,-1.330014901214494,-0.6562197304771349
3689,2003,Non-OECD Europe and Eurasia,5.907097467108207,Europe,-1.3282029278539584,-0.6605907936006025
3690,2004,Non-OECD Europe and Eurasia,5.459590083236373,Europe,-1.3263766005083246,-0.6649569687541378
3691,2005,Non-OECD Europe and Eurasia,5.087263939855008,Europe,-1.3245359319409937,-0.6693182088366622
3692,2006,Non-OECD Europe and Eurasia,4.886780631880426,Europe,-1.322680935069818,-0.6736744667788314
3693,2007,Non-OECD Europe and Eurasia,4.543094961066857,Europe,-1.3208116229670206,-0.6780256955435583
3694,2008,Non-OECD Europe and Eurasia,4.381992302872997,Europe,-1.3189280088591235,-0.6823718481265123
3695,2009,Non-OECD Europe and Eurasia,4.23878994003401,Europe,-1.317030106126876,-0.6867128775566168
3696,2010,Non-OECD Europe and Eurasia,4.317551239595453,Europe,-1.3151179283051693,-0.6910487368965732
3697,2011,Non-OECD Europe and Eurasia,4.364092007518124,Europe,-1.3131914890829635,-0.6953793792433456
3698,2012,Non-OECD Europe and Eurasia,4.174348876756467,Europe,-1.3112508023032008,-0.6997047577286865
3699,2013,Non-OECD Europe and Eurasia,4.0096661594916325,Europe,-1.3092958819627294,-0.7040248255196222
3700,2014,Non-OECD Europe and Eurasia,3.7948626152331517,Europe,-1.3073267422122117,-0.708339535818977
3701,2015,Non-OECD Europe and Eurasia,3.6946209612458607,Europe,-1.3053433973560455,-0.7126488418658592
3702,2016,Non-OECD Europe and Eurasia,3.673140606820013,Europe,-1.30334586185227,-0.716952696936182
3703,2017,Non-OECD Europe and Eurasia,3.6122796026134427,Europe,-1.301334150312479,-0.7212510543431614
3704,2018,Non-OECD Europe and Eurasia,3.5907992481875946,Europe,-1.2993082775017328,-0.7255438674378121
3705,2019,Non-OECD Europe and Eurasia,3.461917121632507,Europe,-1.2972682583384596,-0.7298310896094696
3706,2020,Non-OECD Europe and Eurasia,3.4404367672066587,Europe,-1.295214107894367,-0.7341126742862741
3707,2021,Non-OECD Europe and Eurasia,3.5191980667681015,Europe,-1.2931458413943404,-0.7383885749356935
3708,2022,Non-OECD Europe and Eurasia,3.4117962946388616,Europe,-1.2910634742163516,-0.742658745065008
3709,2023,Non-OECD Europe and Eurasia,0.0,Europe,-1.2889670218913531,-0.7469231382218287
3710,1971,Algeria,0.8377338226080732,Africa,-1.2868565001031802,-0.7511817079945947
3711,1972,Algeria,0.7374921686207823,Africa,-1.2847319246884519,-0.7554344080130687
3712,1973,Algeria,0.8090933500402757,Africa,-1.282593311636458,-0.7596811919488555
3713,1974,Algeria,0.8198335272531997,Africa,-1.2804406770890633,-0.7639220135158848
3714,1975,Algeria,0.8842745905307438,Africa,-1.2782740373405908,-0.7681568264709336
3715,1976,Algeria,0.9594558310212119,Africa,-1.27609340883772,-0.7723855846141073
3716,1977,Algeria,1.013156717085832,Africa,-1.2738988081793696,-0.7766082417893615
3717,1978,Algeria,1.1277186073570213,Africa,-1.2716902521165923,-0.7808247518849837
3718,1979,Algeria,1.3138816790477041,Africa,-1.2694677575524522,-0.78503506883411
3719,1980,Algeria,1.4284435693188937,Africa,-1.267231341541914,-0.78923914661522
3720,1981,Algeria,1.6038664637966527,Africa,-1.2649810212917283,-0.7934369392526295
3721,1982,Algeria,1.797189653629285,Africa,-1.2627168141603042,-0.7976284008170066
3722,1983,Algeria,1.8652107759778036,Africa,-1.2604387376575985,-0.8018134854258535
3723,1984,Algeria,1.7220084131388167,Africa,-1.2581468094449821,-0.805992147244024
3724,1985,Algeria,1.6826277633580953,Africa,-1.2558410473351287,-0.8101643404842044
3725,1986,Algeria,1.8938512485456012,Africa,-1.2535214692918761,-0.8143300194074309
3726,1987,Algeria,1.9010113666875506,Africa,-1.2511880934301107,-0.8184891383235695
3727,1988,Algeria,2.0370536113845876,Africa,-1.2488409380156296,-0.8226416515918303
3728,1989,Algeria,1.9439720755392464,Africa,-1.2464800214650131,-0.8267875136212594
3729,1990,Algeria,1.9905128434619175,Africa,-1.2441053623454965,-0.8309266788712275
3730,1991,Algeria,2.155195560726752,Africa,-1.2417169793748282,-0.8350591018519457
3731,1992,Algeria,2.1301351472299292,Africa,-1.2393148914211423,-0.8391847371249419
3732,1993,Algeria,2.244697037501119,Africa,-1.2368991175028137,-0.8433035393035773
3733,1994,Algeria,2.1838360332945492,Africa,-1.2344696767883279,-0.8474154630535234
3734,1995,Algeria,2.1301351472299292,Africa,-1.232026588596132,-0.851520463093274
3735,1996,Algeria,2.033473552313613,Africa,-1.229569872394496,-0.8556184941946335
3736,1997,Algeria,2.0513738476684864,Africa,-1.2270995478013749,-0.8597095111832057
3737,1998,Algeria,2.0084131388167905,Africa,-1.2246156345842518,-0.8637934689389044
3738,1999,Algeria,2.058533965810436,Africa,-1.222118152660002,-0.867870322396429
3739,2000,Algeria,2.0048330797458163,Africa,-1.2196071220947353,-0.8719400265457774
3740,2001,Algeria,1.9940929025328917,Africa,-1.2170825631036553,-0.8760025364327206
3741,2002,Algeria,2.044213729526537,Africa,-1.2145444960508958,-0.8800578071593145
3742,2003,Algeria,2.026313434171664,Africa,-1.2119929414493802,-0.8841057938843745
3743,2004,Algeria,1.9761926071780187,Africa,-1.2094279199606555,-0.8881464518239838
3744,2005,Algeria,1.9797726662489934,Africa,-1.2068494523947397,-0.8921797362519776
3745,2006,Algeria,2.0084131388167905,Africa,-1.2042575597099683,-0.8962056025004296
3746,2007,Algeria,2.0477937885975117,Africa,-1.2016522630128237,-0.9002240059601573
3747,2008,Algeria,2.0728542020943346,Africa,-1.1990335835577859,-0.9042349020811957
3748,2009,Algeria,2.198156269578448,Africa,-1.196401542747156,-0.9082382463733044
3749,2010,Algeria,2.12297502908798,Africa,-1.1937561621309045,-0.9122339944064412
3750,2011,Algeria,2.2160565649333215,Africa,-1.1910974634064935,-0.9162221018112668
3751,2012,Algeria,2.366419045914258,Africa,-1.188425468418718,-0.920202524279619
3752,2013,Algeria,2.373579164056207,Africa,-1.1857401991595289,-0.9241752175650139
3753,2014,Algeria,2.427280050120827,Africa,-1.1830416777678625,-0.9281401374831283
3754,2015,Algeria,2.4845609952564214,Africa,-1.1803299265294762,-0.932097239912282
3755,2016,Algeria,2.3449386914884096,Africa,-1.17760496787676,-0.9360464807939375
3756,2017,Algeria,2.3592589277723084,Africa,-1.1748668243885738,-0.9399878161331711
3757,2018,Algeria,2.4451803454757,Africa,-1.1721155187900572,-0.9439212019991756
3758,2019,Algeria,2.513201467824219,Africa,-1.1693510739524626,-0.9478465945257292
3759,2020,Algeria,2.49888123154032,Africa,-1.166573512892963,-0.9517639499116947
3760,2021,Algeria,2.5812225901727377,Africa,-1.163782858774474,-0.9556732244214986
3761,2022,Algeria,2.61344312181151,Africa,-1.1609791349054752,-0.9595743743856083
3762,2023,Algeria,0.0,Africa,-1.1581623647398114,-0.9634673562010306
3763,1971,Angola,0.39022643873623913,Africa,-1.1553325718765204,-0.9673521263317785
3764,1972,Angola,0.5728094513559474,Africa,-1.152489780059628,-0.9712286413093694
3765,1973,Angola,0.49046809272353,Africa,-1.1496340131779739,-0.9750968577332914
3766,1974,Angola,0.5298487425042513,Africa,-1.1467652952650025,-0.9789567322715012
3767,1975,Angola,0.468987738297682,Africa,-1.143883650498586,-0.982808221660888
3768,1976,Angola,0.5155285062203526,Africa,-1.140989103200815,-0.9866512827077696
3769,1977,Angola,0.3938064978072138,Africa,-1.1380816778378062,-0.9904858722883645
3770,1978,Angola,0.6444106327754408,Africa,-1.1351613990195104,-0.9943119473492662
3771,1979,Angola,0.6193502192786181,Africa,-1.1322282914994997,-0.9981294649079365
3772,1980,Angola,0.6336704555625168,Africa,-1.1292823801747789,-1.0019383820531664
3773,1981,Angola,0.6300903964915421,Africa,-1.1263236900855689,-1.00573865594557
3774,1982,Angola,0.5477490378591247,Africa,-1.1233522464151153,-1.0095302438180473
3775,1983,Angola,0.554909156001074,Africa,-1.1203680744894673,-1.013313102976274
3776,1984,Angola,0.5047883290074285,Africa,-1.1173711997772855,-1.0170871907991639
3777,1985,Angola,0.6157701602076434,Africa,-1.1143616478896174,-1.0208524647393564
3778,1986,Angola,0.5871296876398461,Africa,-1.1113394445796922,-1.0246088823236859
3779,1987,Angola,0.5799695694978967,Africa,-1.1083046157427145,-1.0283564011536508
3780,1988,Angola,0.6157701602076434,Africa,-1.1052571874156358,-1.0320949789058995
3781,1989,Angola,0.6336704555625168,Africa,-1.1021971857769528,-1.0358245733326883
3782,1990,Angola,0.7804528774724783,Africa,-1.0991246371464762,-1.0395451422623694
3783,1991,Angola,0.7124317551239596,Africa,-1.0960395679851256,-1.0432566435998467
3784,1992,Angola,0.6193502192786181,Africa,-1.0929420048946956,-1.046959035327061
3785,1993,Angola,0.6050299829947194,Africa,-1.08983197461764,-1.050652275503454
3786,1994,Angola,0.54416897878815,Africa,-1.0867095040368508,-1.0543363222664321
3787,1995,Angola,0.4618276201557326,Africa,-1.0835746201754242,-1.0580111338318505
3788,1996,Angola,0.44392732480085917,Africa,-1.0804273501964436,-1.0616766684944647
3789,1997,Angola,0.42602702944598586,Africa,-1.0772677214027395,-1.0653328846284147
3790,1998,Angola,0.35084578895551777,Africa,-1.0740957612366724,-1.0689797406876758
3791,1999,Angola,0.43676720665890983,Africa,-1.070911497279887,-1.0726171952065422
3792,2000,Angola,0.4152868522330619,Africa,-1.0677149572530935,-1.0762452068000756
3793,2001,Angola,0.43318714758793514,Africa,-1.06450616901582,-1.0798637341645856
3794,2002,Angola,0.4152868522330619,Africa,-1.0612851605661806,-1.0834727360780871
3795,2003,Angola,0.5191085652913273,Africa,-1.0580519600406457,-1.0870721714007594
3796,2004,Angola,0.5119484471493779,Africa,-1.0548065957137858,-1.0906619990754218
3797,2005,Angola,0.3436856708135684,Africa,-1.051549095998048,-1.0942421781279819
3798,2006,Angola,0.4117067931620872,Africa,-1.0482794894434975,-1.0978126676679112
3799,2007,Angola,0.43676720665890983,Africa,-1.044997804737589,-1.1013734268886923
3800,2008,Angola,0.47614785643963126,Africa,-1.0417040707049052,-1.104924415068294
3801,2009,Angola,0.5584892150720487,Africa,-1.038398316306925,-1.1084655915696155
3802,2010,Angola,0.5477490378591247,Africa,-1.035080570641762,-1.1119969158409586
3803,2011,Angola,0.5620692741430234,Africa,-1.0317508629439196,-1.115518347416481
3804,2012,Angola,0.5871296876398461,Africa,-1.028409222584044,-1.1190298459166466
3805,2013,Angola,0.6587308690593395,Africa,-1.025055679068659,-1.1225313710486973
3806,2014,Angola,0.6730511053432382,Africa,-1.0216902620399249,-1.1260228826070924
3807,2015,Angola,0.6837912825561622,Africa,-1.0183130012753685,-1.1295043404739797
3808,2016,Angola,0.640830573704466,Africa,-1.0149239266876389,-1.1329757046196347
3809,2017,Angola,0.5942898057817955,Africa,-1.0115230683242353,-1.1364369351029278
3810,2018,Angola,0.5978698648527702,Africa,-1.008110456367252,-1.139887992071771
3811,2019,Angola,0.6658909872012888,Africa,-1.0046861211331215,-1.1433288357635656
3812,2020,Angola,0.5155285062203526,Africa,-1.0012500930723365,-1.1467594265056658
3813,2021,Angola,0.6837912825561622,Africa,-0.9978024027692004,-1.1501797247158145
3814,2022,Angola,0.7088516960529849,Africa,-0.9943430809415448,-1.1535896909026093
3815,2023,Angola,0.0,Africa,-0.9908721584404763,-1.1569892856659347
3816,1971,Benin,0.43318714758793514,Africa,-0.987389666250091,-1.1603784696974273
3817,1972,Benin,0.533428801575226,Africa,-0.9838956354872181,-1.1637572037809072
3818,1973,Benin,0.5262686834332766,Africa,-0.9803900974011339,-1.1671254487928384
3819,1974,Benin,0.5262686834332766,Africa,-0.9768730833732923,-1.170483165702769
3820,1975,Benin,0.6050299829947194,Africa,-0.9733446249170559,-1.1738303155737708
3821,1976,Benin,0.36516602523941644,Africa,-0.9698047536774027,-1.1771668595628961
3822,1977,Benin,0.4152868522330619,Africa,-0.9662535014306654,-1.1804927589216072
3823,1978,Benin,0.4654076792267073,Africa,-0.9626909000842322,-1.1838079749962331
3824,1979,Benin,0.44034726572988453,Africa,-0.9591169816762836,-1.1871124692283976
3825,1980,Benin,0.4152868522330619,Africa,-0.9555317783754921,-1.1904062031554716
3826,1981,Benin,0.3078850801038217,Africa,-0.9519353224807454,-1.1936891384110095
3827,1982,Benin,0.36874608431039113,Africa,-0.9483276464208652,-1.1969612367251816
3828,1983,Benin,0.37590620245234047,Africa,-0.9447087827543046,-1.200222459925227
3829,1984,Benin,0.39022643873623913,Africa,-0.9410787641688759,-1.2034727699358743
3830,1985,Benin,0.4654076792267073,Africa,-0.9374376234814426,-1.2067121287797953
3831,1986,Benin,0.3938064978072138,Africa,-0.9337853936376438,-1.2099404985780247
3832,1987,Benin,0.35442584802649246,Africa,-0.9301221077115838,-1.2131578415504105
3833,1988,Benin,0.3365255526716191,Africa,-0.9264477989055535,-1.2163641200160333
3834,1989,Benin,0.2756645484650497,Africa,-0.9227625005497193,-1.2195592963936528
3835,1990,Benin,0.22912378054237897,Africa,-0.9190662461018297,-1.2227433332021331
3836,1991,Benin,0.1718428354067842,Africa,-0.915359069146925,-1.225916193060872
3837,1992,Benin,0.17542289447775888,Africa,-0.9116410033970177,-1.2290778386902403
3838,1993,Benin,0.16468271726483488,Africa,-0.9079120826908095,-1.2322282329120005
3839,1994,Benin,0.16468271726483488,Africa,-0.9041723409933691,-1.235367338649747
3840,1995,Benin,0.1611026581938602,Africa,-0.9004218123958445,-1.2384951189293227
3841,1996,Benin,0.6336704555625168,Africa,-0.8966605311151383,-1.241611536879258
3842,1997,Benin,0.7661326411885796,Africa,-0.8928885314936169,-1.2447165557311834
3843,1998,Benin,0.7732927593305289,Africa,-0.8891058479987854,-1.2478101388202671
3844,1999,Benin,0.8162534681822251,Africa,-0.8853125152229833,-1.2508922495856343
3845,2000,Benin,0.8198335272531997,Africa,-0.8815085678830776,-1.253962851570784
3846,2001,Benin,0.9487156538082879,Africa,-0.8776940408201342,-1.2570219084240246
3847,2002,Benin,1.0561174259375279,Africa,-0.8738689689991193,-1.2600693838988817
3848,2003,Benin,1.1491989617828695,Africa,-0.8700333875085655,-1.2631052418545312
3849,2004,Benin,1.1778394343506668,Africa,-0.8661873315602704,-1.2661294462562063
3850,2005,Benin,1.270920970196008,Africa,-0.8623308364889616,-1.2691419611756265
3851,2006,Benin,1.4857245144544884,Africa,-0.8584639377519825,-1.2721427507914116
3852,2007,Benin,1.6325069363644502,Africa,-0.8545866709289759,-1.2751317793894927
3853,2008,Benin,1.57880605029983,Africa,-0.8506990717215446,-1.2781090113635394
3854,2009,Benin,1.68620782242907,Africa,-0.8468011759529436,-1.2810744112153616
3855,2010,Benin,1.8043497717712342,Africa,-0.8428930195677355,-1.284027943555335
3856,2011,Benin,1.6897878815000447,Africa,-0.8389746386314807,-1.2869695731028032
3857,2012,Benin,1.535845341448134,Africa,-0.8350460693303885,-1.2898992646865004
3858,2013,Benin,1.5179450460932606,Africa,-0.8311073479710058,-1.2928169832449494
3859,2014,Benin,1.5895462275127539,Africa,-0.8271585109798671,-1.2957226938268838
3860,2015,Benin,1.664727468003222,Africa,-0.8231995949031691,-1.2986163615916504
3861,2016,Benin,1.9869327843909426,Africa,-0.8192306364064409,-1.3014979518096135
3862,2017,Benin,1.9189116620424238,Africa,-0.8152516722741929,-1.3043674298625711
3863,2018,Benin,1.9439720755392464,Africa,-0.8112627394095956,-1.3072247612441505
3864,2019,Benin,1.7900295354873355,Africa,-0.807263874834123,-1.3100699115602221
3865,2020,Benin,1.8508905396939048,Africa,-0.80325511568723,-1.3129028465292936
3866,2021,Benin,1.2422804976282107,Africa,-0.7992364992259917,-1.3157235319829232
3867,2022,Benin,1.2351203794862613,Africa,-0.7952080628247786,-1.3185319338661095
3868,2023,Benin,0.0,Africa,-0.7911698439748955,-1.3213280182377025
3922,1971,Cameroon,0.47614785643963126,Africa,-0.7871218802842427,-1.324111751270799
3923,1972,Cameroon,0.4868880336525553,Africa,-0.7830642094769742,-1.326883099253136
3924,1973,Cameroon,0.47972791551060595,Africa,-0.7789968693931343,-1.3296420285874981
3925,1974,Cameroon,0.42960708851696056,Africa,-0.7749198979883241,-1.3323885057921037
3926,1975,Cameroon,0.49762821086547937,Africa,-0.7708333333333331,-1.3351224975010096
3927,1976,Cameroon,0.47972791551060595,Africa,-0.7667372136138035,-1.3378439704644958
3928,1977,Cameroon,0.6050299829947194,Africa,-0.7626315771298603,-1.3405528915494667
3929,1978,Cameroon,0.5298487425042513,Africa,-0.7585164622957622,-1.34324922773984
3930,1979,Cameroon,0.5405889197171753,Africa,-0.7543919076395526,-1.3459329461369338
3931,1980,Cameroon,0.533428801575226,Africa,-0.7502579518026834,-1.3486040139598647
3932,1981,Cameroon,0.47614785643963126,Africa,-0.7461146335396757,-1.3512623985459276
3933,1982,Cameroon,0.47614785643963126,Africa,-0.7419619917177391,-1.3539080673509916
3934,1983,Cameroon,0.4833079745815806,Africa,-0.7378000653164287,-1.3565409879498784
3935,1984,Cameroon,0.47256779736865656,Africa,-0.7336288934272621,-1.359161128036757
3936,1985,Cameroon,0.4833079745815806,Africa,-0.7294485152533745,-1.3617684554255176
3937,1986,Cameroon,0.44034726572988453,Africa,-0.7252589701091341,-1.3643629380501643
3938,1987,Cameroon,0.44392732480085917,Africa,-0.721060297419784,-1.3669445439651935
3939,1988,Cameroon,0.5262686834332766,Africa,-0.7168525367210784,-1.3695132413459705
3940,1989,Cameroon,0.5871296876398461,Africa,-0.7126357276588974,-1.3720689984891181
3941,1990,Cameroon,0.6086100420656941,Africa,-0.7084099099888931,-1.3746117838128864
3942,1991,Cameroon,0.5799695694978967,Africa,-0.7041751235760993,-1.3771415658575392
3943,1992,Cameroon,0.5584892150720487,Africa,-0.6999314083945758,-1.3796583132857212
3944,1993,Cameroon,0.6157701602076434,Africa,-0.6956788045270137,-1.3821619948828425
3945,1994,Cameroon,0.6658909872012888,Africa,-0.6914173521643787,-1.3846525795574445
3946,1995,Cameroon,0.6193502192786181,Africa,-0.6871470916055162,-1.3871300363415793
3947,1996,Cameroon,0.5871296876398461,Africa,-0.6828680632567787,-1.3895943343911796
3948,1997,Cameroon,0.5871296876398461,Africa,-0.6785803076316537,-1.3920454429864246
3949,1998,Cameroon,0.5835496285688714,Africa,-0.6742838653503641,-1.394483331532119
3950,1999,Cameroon,0.5012082699364541,Africa,-0.6699787771395054,-1.396907969558051
3951,2000,Cameroon,0.565649333213998,Africa,-0.6656650838316415,-1.399319326719369
3952,2001,Cameroon,0.5298487425042513,Africa,-0.6613428263649388,-1.4017173727969392
3953,2002,Cameroon,0.5405889197171753,Africa,-0.6570120457827626,-1.4041020776977167
3954,2003,Cameroon,0.5298487425042513,Africa,-0.6526727832332965,-1.4064734114551078
3955,2004,Cameroon,0.5047883290074285,Africa,-0.64832507996916,-1.4088313442293272
3956,2005,Cameroon,0.4833079745815806,Africa,-0.6439689773470012,-1.4111758463077677
3957,2006,Cameroon,0.4940481517945047,Africa,-0.6396045168271249,-1.4135068881053527
3958,2007,Cameroon,0.6300903964915421,Africa,-0.6352317399730792,-1.4158244401649012
3959,2008,Cameroon,0.6372505146334915,Africa,-0.6308506884512823,-1.4181284731574784
3960,2009,Cameroon,0.698111518840061,Africa,-0.6264614040306058,-1.4204189578827613
3961,2010,Cameroon,0.7124317551239596,Africa,-0.622063928581999,-1.4226958652693833
3962,2011,Cameroon,0.6694710462722635,Africa,-0.6176583040780732,-1.424959166375298
3963,2012,Cameroon,0.6587308690593395,Africa,-0.6132445725927098,-1.4272088323881267
3964,2013,Cameroon,0.6873713416271368,Africa,-0.6088227763006683,-1.4294448346255073
3965,2014,Cameroon,0.7231719323368836,Africa,-0.604392957477166,-1.431667144535453
3966,2015,Cameroon,0.6623109281303141,Africa,-0.5999551584974968,-1.4338757336966916
3967,2016,Cameroon,0.6587308690593395,Africa,-0.5955094218366058,-1.436070573819022
3968,2017,Cameroon,0.6479906918464153,Africa,-0.5910557900687052,-1.4382516367436533
3969,2018,Cameroon,0.6766311644142129,Africa,-0.5865943058668472,-1.4404188944435572
3970,2019,Cameroon,0.6372505146334915,Africa,-0.5821250120025372,-1.4425723190238036
3971,2020,Cameroon,0.6551508099883647,Africa,-0.5776479513453072,-1.4447118827219123
3972,2021,Cameroon,0.6157701602076434,Africa,-0.5731631668623131,-1.44683755790819
3973,2022,Cameroon,0.5978698648527702,Africa,-0.5686707016179318,-1.4489493170860674
3974,2023,Cameroon,0.0,Africa,-0.5641705987733308,-1.451047132892446
3975,1971,Congo,1.0740177212924014,Africa,-0.559662901586075,-1.453130978098027
3976,1972,Congo,1.045377248724604,Africa,-0.5551476534096924,-1.455200825607657
3977,1973,Congo,0.9558757719502373,Africa,-0.5506248976932778,-1.457256648460653
3978,1974,Congo,0.8914347086726931,Africa,-0.5460946779810587,-1.4592984198311454
3979,1975,Congo,0.8305737044661238,Africa,-0.5415570379119847,-1.4613261130284065
3980,1976,Congo,1.009576658014857,Africa,-0.5370120212193156,-1.463339701497179
3981,1977,Congo,0.9487156538082879,Africa,-0.5324596717301835,-1.465339158818012
3982,1978,Congo,0.9522957128792625,Africa,-0.5279000333651916,-1.4673244587075835
3983,1979,Congo,0.8341537635370984,Africa,-0.5233331501379709,-1.4692955750190342
3984,1980,Congo,0.784032936543453,Africa,-0.5187590661547775,-1.471252481742286
3985,1981,Congo,0.8019332318983263,Africa,-0.5141778256140459,-1.4731951530043748
3986,1982,Congo,0.8627942361048957,Africa,-0.5095894728059849,-1.4751235630697659
3987,1983,Congo,0.8484739998209969,Africa,-0.5049940521121312,-1.4770376863406833
3988,1984,Congo,0.7518124049046809,Africa,-0.50039160800493,-1.4789374973574265
3989,1985,Congo,0.7661326411885796,Africa,-0.4957821850473117,-1.4808229707986882
3990,1986,Congo,0.6766311644142129,Africa,-0.4911658278922448,-1.482694081481878
3991,1987,Congo,0.6945314597690861,Africa,-0.48654258128232436,-1.4845508043634328
3992,1988,Congo,0.5298487425042513,Africa,-0.4819124900493182,-1.4863931145391382
3993,1989,Congo,0.42960708851696056,Africa,-0.4772755991137542,-1.4882209872444367
3994,1990,Congo,0.4117067931620872,Africa,-0.4726319534844644,-1.490034397854746
3995,1991,Congo,0.42602702944598586,Africa,-0.4679815982581698,-1.4918333218857647
3996,1992,Congo,0.36516602523941644,Africa,-0.4633245786190252,-1.493617734993788
3997,1993,Congo,0.35084578895551777,Africa,-0.45866093983818795,-1.495387612976013
3998,1994,Congo,0.23270383961335364,Africa,-0.4539907272733878,-1.4971429317708445
3999,1995,Congo,0.3078850801038217,Africa,-0.44931398636846714,-1.4988836674582051
4000,1996,Congo,0.23628389868432828,Africa,-0.4446307626529611,-1.5006097962598355
4001,1997,Congo,0.17900295354873358,Africa,-0.43994110174163364,-1.5023212945396023
4002,1998,Congo,0.16826277633580955,Africa,-0.43524504933405533,-1.5040181388037934
4003,1999,Congo,0.20048330797458158,Africa,-0.4305426512141403,-1.5057003057014258
4004,2000,Congo,0.23986395775530298,Africa,-0.4258339532497083,-1.507367772024539
4005,2001,Congo,0.31862525731674574,Africa,-0.4211190013920456,-1.5090205147084934
4006,2002,Congo,0.25060413496822703,Africa,-0.4163978416754395,-1.5106585108322699
4007,2003,Congo,0.37232614338136577,Africa,-0.41167052021675005,-1.5122817376187598
4008,2004,Congo,0.38664637966526444,Africa,-0.40693708321493893,-1.513890172435063
4009,2005,Congo,0.3830663205942898,Africa,-0.40219757695064057,-1.5154837927927756
4010,2006,Congo,0.42960708851696056,Africa,-0.3974520477856878,-1.5170625763482843
4011,2007,Congo,0.4940481517945047,Africa,-0.3927005421626814,-1.5186265009030524
4012,2008,Congo,0.5835496285688714,Africa,-0.38794310660451686,-1.5201755444039098
4013,2009,Congo,0.5978698648527702,Africa,-0.3831797877139373,-1.5217096849433396
4014,2010,Congo,0.6336704555625168,Africa,-0.3784106321730858,-1.5232289007597586
4015,2011,Congo,0.7088516960529849,Africa,-0.3736356867430296,-1.5247331702378077
4016,2012,Congo,0.6873713416271368,Africa,-0.36885499826332374,-1.526222471908628
4017,2013,Congo,0.7804528774724783,Africa,-0.3640686136515302,-1.527696784450145
4018,2014,Congo,0.7625525821176049,Africa,-0.35927657990278,-1.529156086687345
4019,2015,Congo,0.9522957128792625,Africa,-0.3544789440892927,-1.530600357592556
4020,2016,Congo,0.9451355947373131,Africa,-0.3496757533599233,-1.5320295762857226
4021,2017,Congo,0.9558757719502373,Africa,-0.34486705493970676,-1.5334437220346782
4022,2018,Congo,1.0310570124407052,Africa,-0.3400528961293758,-1.5348427742554236
4023,2019,Congo,1.2315403204152868,Africa,-0.3352333243049171,-1.5362267125123932
4024,2020,Congo,1.3138816790477041,Africa,-0.3304083869170843,-1.5375955165187314
4025,2021,Congo,1.360422446970375,Africa,-0.32557813149095255,-1.5389491661365557
4026,2022,Congo,1.5537456368030074,Africa,-0.3207426056254294,-1.54028764137723
4027,2023,Congo,0.0,Africa,-0.31590185699280754,-1.5416109224016246
4028,1971,Côte d'Ivoire,0.7160118141949343,Africa,-0.3110559333382764,-1.5429189895203868
4029,1972,Côte d'Ivoire,0.7589725230466303,Africa,-0.30620488247945943,-1.5442118231942004
4030,1973,Côte d'Ivoire,0.7303320504788329,Africa,-0.30134875230595115,-1.5454894040340474
4031,1974,Côte d'Ivoire,0.7267519914078582,Africa,-0.2964875907788252,-1.54675171280147
4032,1975,Côte d'Ivoire,0.7267519914078582,Africa,-0.29162144593018324,-1.5479987304088274
4033,1976,Côte d'Ivoire,0.7374921686207823,Africa,-0.2867503658626584,-1.5492304379195547
4034,1977,Côte d'Ivoire,0.6730511053432382,Africa,-0.2818743987489623,-1.5504468165484169
4035,1978,Côte d'Ivoire,0.7088516960529849,Africa,-0.27699359283138675,-1.5516478476617646
4036,1979,Côte d'Ivoire,0.6336704555625168,Africa,-0.27210799642134886,-1.5528335127777855
4037,1980,Côte d'Ivoire,0.5584892150720487,Africa,-0.2672176578988938,-1.554003793566757
4038,1981,Côte d'Ivoire,0.47614785643963126,Africa,-0.26232262571222414,-1.5551586718512949
4039,1982,Côte d'Ivoire,0.47256779736865656,Africa,-0.25742294837722846,-1.556298129606601
4040,1983,Côte d'Ivoire,0.6086100420656941,Africa,-0.25251867447698145,-1.557422148960712
4041,1984,Côte d'Ivoire,0.554909156001074,Africa,-0.2476098526612846,-1.5585307121947414
4042,1985,Côte d'Ivoire,0.49046809272353,Africa,-0.24269653164616142,-1.559623801743127
4043,1986,Côte d'Ivoire,0.47256779736865656,Africa,-0.23777876021339647,-1.5607014001938693
4044,1987,Côte d'Ivoire,0.468987738297682,Africa,-0.2328565872100321,-1.5617634902887754
4045,1988,Côte d'Ivoire,0.4654076792267073,Africa,-0.22793006154789125,-1.5628100549236956
4046,1989,Côte d'Ivoire,0.43318714758793514,Africa,-0.22299923220310036,-1.5638410771487623
4047,1990,Côte d'Ivoire,0.40454667502013786,Africa,-0.21806414821558304,-1.5648565401686256
4048,1991,Côte d'Ivoire,0.4188669113040366,Africa,-0.2131248586885948,-1.5658564273426876
4049,1992,Côte d'Ivoire,0.4152868522330619,Africa,-0.20818141278821223,-1.5668407221853362
4050,1993,Côte d'Ivoire,0.44392732480085917,Africa,-0.20323385974286637,-1.5678094083661744
4051,1994,Côte d'Ivoire,0.4654076792267073,Africa,-0.19828224884282988,-1.568762469710254
4052,1995,Côte d'Ivoire,0.4618276201557326,Africa,-0.19332662943974896,-1.5696998901982995
4053,1996,Côte d'Ivoire,0.5083683880784032,Africa,-0.18836705094613157,-1.5706216539669382
4054,1997,Côte d'Ivoire,0.5942898057817955,Africa,-0.18340356283486348,-1.5715277453089236
4055,1998,Côte d'Ivoire,0.5728094513559474,Africa,-0.17843621463872328,-1.5724181486733597
4056,1999,Côte d'Ivoire,0.7804528774724783,Africa,-0.17346505594986864,-1.5732928486659234
4057,2000,Côte d'Ivoire,0.7518124049046809,Africa,-0.16849013641936356,-1.5741518300490838
4058,2001,Côte d'Ivoire,0.7446522867627315,Africa,-0.16351150575666024,-1.574995077742323
4059,2002,Côte d'Ivoire,0.7697127002595543,Africa,-0.15852921372912493,-1.5758225768223513
4060,2003,Côte d'Ivoire,0.6300903964915421,Africa,-0.1535433101615181,-1.5766343125233262
4061,2004,Côte d'Ivoire,0.6551508099883647,Africa,-0.14855384493551863,-1.5774302702370624
4062,2005,Côte d'Ivoire,0.6909514006981116,Africa,-0.1435608679892052,-1.5782104355132487
4063,2006,Côte d'Ivoire,0.6587308690593395,Africa,-0.13856442931656515,-1.5789747940596561
4064,2007,Côte d'Ivoire,0.640830573704466,Africa,-0.1335645789670021,-1.5797233317423487
4065,2008,Côte d'Ivoire,0.7160118141949343,Africa,-0.1285613670448153,-1.5804560345858916
4066,2009,Côte d'Ivoire,0.640830573704466,Africa,-0.12355484370871986,-1.581172888773556
4067,2010,Côte d'Ivoire,0.6623109281303141,Africa,-0.11854505917132155,-1.581873880647527
4068,2011,Côte d'Ivoire,0.6658909872012888,Africa,-0.11353206369863572,-1.582558996709102
4069,2012,Côte d'Ivoire,0.7947731137563769,Africa,-0.10851590760956335,-1.5832282236188975
4070,2013,Côte d'Ivoire,0.7911930546854024,Africa,-0.1034966412753944,-1.5838815481970452
4071,2014,Côte d'Ivoire,0.7697127002595543,Africa,-0.09847431511931048,-1.5845189574233913
4072,2015,Côte d'Ivoire,0.7553924639756555,Africa,-0.09344897961585864,-1.5851404384376953
4073,2016,Côte d'Ivoire,0.6837912825561622,Africa,-0.0884206852904667,-1.5857459785398218
4074,2017,Côte d'Ivoire,0.7088516960529849,Africa,-0.08338948271891271,-1.586335565189937
4075,2018,Côte d'Ivoire,0.6551508099883647,Africa,-0.07835542252683877,-1.5869091860086986
4076,2019,Côte d'Ivoire,0.6515707509173901,Africa,-0.07331855538921923,-1.5874668287774474
4077,2020,Côte d'Ivoire,0.6551508099883647,Africa,-0.06827893202987305,-1.5880084814383955
4078,2021,Côte d'Ivoire,0.8305737044661238,Africa,-0.06323660322093325,-1.5885341320948134
4079,2022,Côte d'Ivoire,0.8413138816790476,Africa,-0.05819161978234392,-1.5890437690112154
4080,2023,Côte d'Ivoire,0.0,Africa,-0.05314403258135653,-1.5895373806135433
4081,1971,Dem. Rep. of Congo,0.31504519824577104,Africa,-0.04809389253199724,-1.5900149554893492
4082,1972,Dem. Rep. of Congo,0.3222053163877204,Africa,-0.04304125059457596,-1.5904764823879758
4083,1973,Dem. Rep. of Congo,0.29356484381992304,Africa,-0.037986157775149555,-1.5909219502207348
4084,1974,Dem. Rep. of Congo,0.29356484381992304,Africa,-0.03292866512502952,-1.5913513480610846
4085,1975,Dem. Rep. of Congo,0.3007249619618724,Africa,-0.027868823740243825,-1.591764665144807
4086,1976,Dem. Rep. of Congo,0.32578537545869507,Africa,-0.02280668476104331,-1.5921618908701793
4087,1977,Dem. Rep. of Congo,0.3365255526716191,Africa,-0.017742299371365,-1.592543014798148
4088,1978,Dem. Rep. of Congo,0.36516602523941644,Africa,-0.012675718798323085,-1.5929080266524993
4089,1979,Dem. Rep. of Congo,0.40454667502013786,Africa,-0.007606994311699228,-1.5932569163200283
4090,1980,Dem. Rep. of Congo,0.39022643873623913,Africa,-0.0025361772234039426,-1.5935896738507056
4091,1981,Dem. Rep. of Congo,0.4152868522330619,Africa,0.002536681113020196,-1.5939062894578444
4092,1982,Dem. Rep. of Congo,0.32578537545869507,Africa,0.0076115293029412725,-1.5942067535182636
4093,1983,Dem. Rep. of Congo,0.43318714758793514,Africa,0.01268831591113608,-1.5944910565724513
4094,1984,Dem. Rep. of Congo,0.40096661594916316,Africa,0.01776698946233125,-1.594759189324725
4095,1985,Dem. Rep. of Congo,0.37590620245234047,Africa,0.022847498441716678,-1.5950111426433902
4096,1986,Dem. Rep. of Congo,0.32936543452966976,Africa,0.027929791295459572,-1.595246907560899
4097,1987,Dem. Rep. of Congo,0.35442584802649246,Africa,0.0330138164312474,-1.5954664752740053
4098,1988,Dem. Rep. of Congo,0.37232614338136577,Africa,0.038099522218788956,-1.5956698371439195
4099,1989,Dem. Rep. of Congo,0.35800590709746716,Africa,0.043186856990361386,-1.59585698469646
4100,1990,Dem. Rep. of Congo,0.3472657298845431,Africa,0.04827576904131236,-1.5960279096222056
4101,1991,Dem. Rep. of Congo,0.20764342611653094,Africa,0.05336620663060833,-1.5961826037766433
4102,1992,Dem. Rep. of Congo,0.20048330797458158,Africa,0.0584581179813378,-1.596321059180316
4103,1993,Dem. Rep. of Congo,0.22554372147140428,Africa,0.06355145128125791,-1.5964432680189693
4104,1994,Dem. Rep. of Congo,0.21122348518750558,Africa,0.06864615468331309,-1.5965492226436935
4105,1995,Dem. Rep. of Congo,0.19332318983263222,Africa,0.0737421763061543,-1.5966389155710692
4106,1996,Dem. Rep. of Congo,0.1969032489036069,Africa,0.07883946423468723,-1.5967123394833052
4107,1997,Dem. Rep. of Congo,0.21480354425848028,Africa,0.08393796652057843,-1.5967694872283786
4108,1998,Dem. Rep. of Congo,0.24702407589725234,Africa,0.08903763118280741,-1.5968103518201722
4109,1999,Dem. Rep. of Congo,0.2541841940392016,Africa,0.09413840620817399,-1.5968349264386115
4110,2000,Dem. Rep. of Congo,0.18616307169068289,Africa,0.09924023955185131,-1.5968432044297958
4111,2001,Dem. Rep. of Congo,0.1611026581938602,Africa,0.10434307913789426,-1.5968351793061328
4112,2002,Dem. Rep. of Congo,0.16826277633580955,Africa,0.10944687285979084,-1.596810844746469
4113,2003,Dem. Rep. of Congo,0.19332318983263222,Africa,0.11455156858098561,-1.596770194596217
4114,2004,Dem. Rep. of Congo,0.19332318983263222,Africa,0.11965711413540386,-1.5967132228674852
4115,2005,Dem. Rep. of Congo,0.22196366240042958,Africa,0.12476345732800447,-1.5966399237392004
4116,2006,Dem. Rep. of Congo,0.22912378054237897,Africa,0.12987054593529065,-1.5965502915572345
4117,2007,Dem. Rep. of Congo,0.23270383961335364,Africa,0.13497832770586699,-1.5964443208345247
4118,2008,Dem. Rep. of Congo,0.24344401682627764,Africa,0.14008675036095095,-1.596322006251195
4119,2009,Dem. Rep. of Congo,0.24344401682627764,Africa,0.14519576159492797,-1.596183342654673
4120,2010,Dem. Rep. of Congo,0.24344401682627764,Africa,0.15030530907587847,-1.5960283250598089
4121,2011,Dem. Rep. of Congo,0.282824666606999,Africa,0.1554153404461051,-1.5958569486489904
4122,2012,Dem. Rep. of Congo,0.2541841940392016,Africa,0.16052580332268937,-1.5956692087722555
4123,2013,Dem. Rep. of Congo,0.26492437125212565,Africa,0.1656366452980055,-1.5954651009474041
4124,2014,Dem. Rep. of Congo,0.282824666606999,Africa,0.1707478139402808,-1.5952446208601092
4125,2015,Dem. Rep. of Congo,0.2541841940392016,Africa,0.17585925679411052,-1.595007764364025
4126,2016,Dem. Rep. of Congo,0.20406336704555628,Africa,0.180970921381019,-1.5947545274808923
4127,2017,Dem. Rep. of Congo,0.20048330797458158,Africa,0.18608275519997555,-1.5944849064006454
4128,2018,Dem. Rep. of Congo,0.261344312181151,Africa,0.19119470572795352,-1.5941988974815138
4129,2019,Dem. Rep. of Congo,0.2577642531101763,Africa,0.19630672042046124,-1.5938964972501233
4130,2020,Dem. Rep. of Congo,0.26850443032310034,Africa,0.2014187467120736,-1.5935777024015982
4131,2021,Dem. Rep. of Congo,0.24344401682627764,Africa,0.20653073201699224,-1.593242509799656
4132,2022,Dem. Rep. of Congo,0.3222053163877204,Africa,0.21164262372956374,-1.5928909164767076
4133,2023,Dem. Rep. of Congo,0.0,Africa,0.21675436922484329,-1.592522919633946
4134,1971,Egypt,1.664727468003222,Africa,0.22186591585911417,-1.5921385166414468
4135,1972,Egypt,1.8150899489841583,Africa,0.22697721097045168,-1.5917377050382517
4136,1973,Egypt,1.611026581938602,Africa,0.23208820187924348,-1.591320482532464
4137,1974,Egypt,1.797189653629285,Africa,0.23719883588875204,-1.5908868470013313
4138,1975,Egypt,1.8007697127002595,Africa,0.2423090602856491,-1.5904367964913342
4139,1976,Egypt,1.8544705987648795,Africa,0.24741882234055096,-1.5899703292182705
4140,1977,Egypt,1.8258301261970822,Africa,0.2525280693085821,-1.589487443567335
4141,1978,Egypt,1.729168531280766,Africa,0.2576367484298969,-1.5889881380932036
4142,1979,Egypt,1.8258301261970822,Africa,0.2627448069302467,-1.5884724115201094
4143,1980,Egypt,1.9797726662489934,Africa,0.26785219202150234,-1.5879402627419212
4144,1981,Egypt,2.2160565649333215,Africa,0.27295885090221916,-1.5873916908222179
4145,1982,Egypt,2.2303768012172203,Africa,0.2780647307581742,-1.5868266949943624
4146,1983,Egypt,2.2912378054237896,Africa,0.2831697787629036,-1.5862452746615752
4147,1984,Egypt,2.327038396133536,Africa,0.2882739420782692,-1.5856474293970007
4148,1985,Egypt,2.2590172737850174,Africa,0.2933771678549817,-1.58503315894378
4149,1986,Egypt,2.198156269578448,Africa,0.29847940323317096,-1.5844024632151132
4150,1987,Egypt,2.273337510068916,Africa,0.3035805953429106,-1.5837553422943285
4151,1988,Egypt,2.2232166830752704,Africa,0.3086806913047876,-1.5830917964349405
4152,1989,Egypt,2.2697574509979415,Africa,0.3137796382304282,-1.582411826060716
4153,1990,Egypt,2.276917569139891,Africa,0.3188773832230656,-1.5817154317657305
4154,1991,Egypt,2.212476505862347,Africa,0.32397387337807976,-1.5810026143144265
4155,1992,Egypt,2.287657746352815,Africa,0.32906905578353807,-1.5802733746416717
4156,1993,Egypt,2.273337510068916,Africa,0.3341628775207638,-1.5795277138528092
4157,1994,Egypt,2.0406336704555623,Africa,0.33925528566486274,-1.5787656332237145
4158,1995,Egypt,2.0764342611653093,Africa,0.34434622728529585,-1.5779871342008418
4159,1996,Egypt,2.090754497449208,Africa,0.34943564944640587,-1.5771922184012774
4160,1997,Egypt,2.1301351472299292,Africa,0.3545234992079874,-1.5763808876127825
4161,1998,Egypt,2.0871744383782334,Africa,0.3596097236258288,-1.5755531437938401
4162,1999,Egypt,2.054953906739461,Africa,0.3646942697522544,-1.5747089890737016
4163,2000,Egypt,1.9117515439004746,Africa,0.3697770846366944,-1.5738484257524235
4164,2001,Egypt,2.0621140248814105,Africa,0.3748581153262143,-1.5729714563009116
4165,2002,Egypt,2.0298934932426382,Africa,0.37993730886608795,-1.5720780833609562
4166,2003,Egypt,2.0406336704555623,Africa,0.38501461230032674,-1.5711683097452722
4167,2004,Egypt,2.1372952653718786,Africa,0.3900899726722537,-1.5702421384375291
4168,2005,Egypt,2.309138100778663,Africa,0.3951633370250332,-1.569299572592389
4169,2006,Egypt,2.2661773919269668,Africa,0.40023465240224226,-1.568340615535533
4170,2007,Egypt,2.276917569139891,Africa,0.4053038658484147,-1.5673652707636934
4171,2008,Egypt,2.219636624004296,Africa,0.41037092440958534,-1.5663735419446818
4172,2009,Egypt,2.1659357379396758,Africa,0.4154357751338617,-1.565365432917412
4173,2010,Egypt,2.0871744383782334,Africa,0.4204983650719551,-1.5643409476919277
4174,2011,Egypt,2.119394970017005,Africa,0.4255586412777558,-1.56330009044942
4175,2012,Egypt,2.1480354425848027,Africa,0.4306165508088637,-1.5622428655422544
4176,2013,Egypt,2.0800143202362835,Africa,0.4356720407271641,-1.561169277493982
4177,2014,Egypt,2.0621140248814105,Africa,0.4407250580993592,-1.5600793309993626
4178,2015,Egypt,2.0406336704555623,Africa,0.44577554999754065,-1.558973030924376
4179,2016,Egypt,2.033473552313613,Africa,0.45082346349973546,-1.557850382306235
4180,2017,Egypt,2.0513738476684864,Africa,0.45586874569045155,-1.5567113903534024
4181,2018,Egypt,1.9010113666875506,Africa,0.46091134366125114,-1.5555560604455922
4182,2019,Egypt,1.6468271726483488,Africa,0.4659512045112827,-1.5543843981337853
4183,2020,Egypt,1.6754676452161463,Africa,0.47098827534785753,-1.55319640914023
4184,2021,Egypt,1.7327485903517406,Africa,0.4760225032869824,-1.5519920993584504
4185,2022,Egypt,1.6146066410095767,Africa,0.4810538354539327,-1.5507714748532455
4186,2023,Egypt,0.0,Africa,0.4860822189837995,-1.5495345418606914
4240,1971,Eritrea,0.0,Africa,0.4911076010220353,-1.548281306788143
4241,1972,Eritrea,0.0,Africa,0.4961299287250292,-1.5470117762142246
4242,1973,Eritrea,0.0,Africa,0.5011491492606387,-1.5457259568888329
4243,1974,Eritrea,0.0,Africa,0.5061652098087676,-1.544423855733123
4244,1975,Eritrea,0.0,Africa,0.5111780575618983,-1.5431054798395079
4245,1976,Eritrea,0.0,Africa,0.5161876397256697,-1.5417708364716405
4246,1977,Eritrea,0.0,Africa,0.52119390351941,-1.5404199330644095
4247,1978,Eritrea,0.0,Africa,0.5261967961767111,-1.539052777223919
4248,1979,Eritrea,0.0,Africa,0.531196264945976,-1.5376693767274758
4249,1980,Eritrea,0.0,Africa,0.536192257090966,-1.5362697395235756
4250,1981,Eritrea,0.0,Africa,0.5411847198913746,-1.5348538737318762
4251,1982,Eritrea,0.0,Africa,0.546173600643362,-1.5334217876431855
4252,1983,Eritrea,0.0,Africa,0.5511588466601319,-1.5319734897194304
4253,1984,Eritrea,0.0,Africa,0.5561404052724652,-1.5305089885936398
4254,1985,Eritrea,0.0,Africa,0.5611182238292974,-1.529028293069912
4255,1986,Eritrea,0.0,Africa,0.5660922496982522,-1.527531412123392
4256,1987,Eritrea,0.0,Africa,0.5710624302662166,-1.5260183549002373
4257,1988,Eritrea,0.0,Africa,0.5760287129398872,-1.5244891307175878
4258,1989,Eritrea,0.0,Africa,0.5809910451463189,-1.5229437490635351
4259,1990,Eritrea,0.0,Africa,0.5859493743334983,-1.5213822195970808
4260,1991,Eritrea,0.0,Africa,0.590903647970878,-1.519804552148108
4261,1992,Eritrea,1.5501655777320325,Africa,0.595853813549954,-1.518210756717333
4262,1993,Eritrea,1.9905128434619175,Africa,0.6007998185847988,-1.5166008434762734
4263,1994,Eritrea,1.8580506578358544,Africa,0.6057416106126364,-1.5149748227671984
4264,1995,Eritrea,1.9797726662489934,Africa,0.6106791371943888,-1.5133327051030878
4265,1996,Eritrea,1.9869327843909426,Africa,0.6156123459152242,-1.5116745011675885
4266,1997,Eritrea,1.729168531280766,Africa,0.6205411843851301,-1.5100002218149593
4267,1998,Eritrea,1.2566007339121095,Africa,0.6254656002394479,-1.5083098780700301
4268,1999,Eritrea,1.3317819744025776,Africa,0.6303855411394487,-1.5066034811281424
4269,2000,Eritrea,1.4857245144544884,Africa,0.6353009547728676,-1.504881042355102
4270,2001,Eritrea,1.5000447507383872,Africa,0.6402117888544796,-1.503142573287118
4271,2002,Eritrea,1.4284435693188937,Africa,0.6451179911266332,-1.5013880856307533
4272,2003,Eritrea,1.4785643963125392,Africa,0.6500195093598242,-1.4996175912628582
4273,2004,Eritrea,1.4964646916674123,Africa,0.6549162913532424,-1.4978311022305133
4274,2005,Eritrea,1.2172200841313883,Africa,0.6598082849353174,-1.4960286307509705
4275,2006,Eritrea,1.1026581938601987,Africa,0.664695437964293,-1.4942101892115807
4276,2007,Eritrea,1.0596974850085026,Africa,0.6695776983287594,-1.4923757901697368
4277,2008,Eritrea,1.1384587845699454,Africa,0.6744550139482294,-1.490525446352798
4278,2009,Eritrea,1.0561174259375279,Africa,0.6793273327736703,-1.4886591706580277
4279,2010,Eritrea,1.0274769533697306,Africa,0.6841946027880804,-1.4867769761525134
4280,2011,Eritrea,0.9021748858856171,Africa,0.6890567720070211,-1.4848788760731033
4281,2012,Eritrea,0.8878546496017183,Africa,0.6939137884791886,-1.482964883826323
4282,2013,Eritrea,0.9236552403114652,Africa,0.6987656002869607,-1.4810350129883012
4283,2014,Eritrea,0.7088516960529849,Africa,0.7036121555469416,-1.4790892773046962
4284,2015,Eritrea,0.8771144723887945,Africa,0.7084534024105335,-1.4771276906906052
4285,2016,Eritrea,0.8305737044661238,Africa,0.7132892890644695,-1.4751502672304946
4286,2017,Eritrea,0.9200751812404905,Africa,0.7181197637313869,-1.4731570211781022
4287,2018,Eritrea,0.9236552403114652,Africa,0.7229447746703588,-1.4711479669563654
4288,2019,Eritrea,0.9200751812404905,Africa,0.7277642701774656,-1.4691231191573213
4289,2020,Eritrea,0.9415555356663385,Africa,0.7325781985863394,-1.4670824925420236
4290,2021,Eritrea,0.9666159491631612,Africa,0.7373865082687081,-1.4650261020404536
4291,2022,Eritrea,0.9773561263760853,Africa,0.7421891476349658,-1.4629539627514185
4292,2023,Eritrea,0.0,Africa,0.7469860651347039,-1.4608660899424675
4293,1971,Kingdom of Eswatini,1.2852412064799068,Africa,0.7517772092572836,-1.458762499049784
4294,1972,Kingdom of Eswatini,1.24944061577016,Africa,0.7565625285323659,-1.4566432056780982
4295,1973,Kingdom of Eswatini,1.2028998478474895,Africa,0.7613419715304842,-1.4545082256005752
4296,1974,Kingdom of Eswatini,1.188579611563591,Africa,0.766115486863574,-1.4523575747587254
4297,1975,Kingdom of Eswatini,1.1814194934216415,Africa,0.770883023185542,-1.4501912692622891
4298,1976,Kingdom of Eswatini,1.1849995524926162,Africa,0.7756445291928085,-1.4480093253891364
4299,1977,Kingdom of Eswatini,1.1706793162087175,Africa,0.7803999536248499,-1.4458117595851632
4300,1978,Kingdom of Eswatini,2.1838360332945492,Africa,0.785149245264767,-1.4435985884641724
4301,1979,Kingdom of Eswatini,2.12297502908798,Africa,0.7898923529398141,-1.4413698288077745
4302,1980,Kingdom of Eswatini,2.251857155643068,Africa,0.794629225521968,-1.4391254975652625
4303,1981,Kingdom of Eswatini,1.9833527253199679,Africa,0.7993598119284578,-1.436865611853509
4304,1982,Kingdom of Eswatini,1.972612548107044,Africa,0.804084061122334,-1.4345901889568384
4305,1983,Kingdom of Eswatini,1.4857245144544884,Africa,0.8088019221129957,-1.4322992463269202
4306,1984,Kingdom of Eswatini,1.643247113577374,Africa,0.8135133439567585,-1.4299928015826386
4307,1985,Kingdom of Eswatini,1.8580506578358544,Africa,0.8182182757573927,-1.4276708725099752
4308,1986,Kingdom of Eswatini,1.729168531280766,Africa,0.8229166666666652,-1.4253334770618893
4309,1987,Kingdom of Eswatini,1.6468271726483488,Africa,0.8276084658849037,-1.4229806333581834
4310,1988,Kingdom of Eswatini,1.636086995435425,Africa,0.8322936226615242,-1.4206123596853861
4311,1989,Kingdom of Eswatini,1.5644858140159312,Africa,0.8369720862955967,-1.4182286744966122
4312,1990,Kingdom of Eswatini,2.12297502908798,Africa,0.8416438061363728,-1.4158295964114431
4313,1991,Kingdom of Eswatini,2.058533965810436,Africa,0.8463087315838491,-1.4134151442157856
4314,1992,Kingdom of Eswatini,1.6683075270741967,Africa,0.8509668120893047,-1.410985336861739
4315,1993,Kingdom of Eswatini,1.4535039828157164,Africa,0.8556179971558401,-1.4085401934674664
4316,1994,Kingdom of Eswatini,2.531101763179092,Africa,0.8602622363389391,-1.4060797333170434
4317,1995,Kingdom of Eswatini,2.3449386914884096,Africa,0.8648994792469937,-1.4036039758603334
4318,1996,Kingdom of Eswatini,1.807929830842209,Africa,0.8695296755418689,-1.4011129407128309
4319,1997,Kingdom of Eswatini,1.7828694173453863,Africa,0.874152774939426,-1.3986066476555328
4320,1998,Kingdom of Eswatini,1.7685491810614875,Africa,0.8787687272100867,-1.3960851166347796
4321,1999,Kingdom of Eswatini,1.8437304215519557,Africa,0.8833774821793561,-1.393548367762121
4322,2000,Kingdom of Eswatini,1.5716459321578808,Africa,0.8879789897283833,-1.390996421314157
4323,2001,Kingdom of Eswatini,1.57880605029983,Africa,0.8925731997944959,-1.3884292977323913
4324,2002,Kingdom of Eswatini,1.467824219099615,Africa,0.8971600623717354,-1.3858470176230844
4325,2003,Kingdom of Eswatini,1.3103016199767294,Africa,0.9017395275114158,-1.383249601757088
4326,2004,Kingdom of Eswatini,1.2530206748411348,Africa,0.9063115453226452,-1.380637071069703
4327,2005,Kingdom of Eswatini,1.1778394343506668,Africa,0.9108760659728858,-1.3780094466605064
4328,2006,Kingdom of Eswatini,1.120558489215072,Africa,0.915433039688476,-1.3753667497932085
4329,2007,Kingdom of Eswatini,1.109818312002148,Africa,0.9199824167551861,-1.3727090018954773
4330,2008,Kingdom of Eswatini,1.077597780363376,Africa,0.9245241475187517,-1.3700362245587825
4331,2009,Kingdom of Eswatini,1.1026581938601987,Africa,0.9290581823854048,-1.3673484395382347
4332,2010,Kingdom of Eswatini,0.8627942361048957,Africa,0.93358447182243,-1.3646456687524073
4333,2011,Kingdom of Eswatini,0.8126734091112503,Africa,0.9381029663586833,-1.3619279342831823
4334,2012,Kingdom of Eswatini,0.7625525821176049,Africa,0.942613616585149,-1.359195258375566
4335,2013,Kingdom of Eswatini,0.8699543542468451,Africa,0.947116373155458,-1.3564476634375318
4336,2014,Kingdom of Eswatini,0.8806945314597691,Africa,0.9516111867864445,-1.353685172039832
4337,2015,Kingdom of Eswatini,0.8592141770339211,Africa,0.9560980082586614,-1.3509078069158365
4338,2016,Kingdom of Eswatini,0.9093350040275665,Africa,0.9605767884169353,-1.3481155909613436
4339,2017,Kingdom of Eswatini,0.9021748858856171,Africa,0.9650474781708933,-1.345308547234407
4340,2018,Kingdom of Eswatini,0.8806945314597691,Africa,0.9695100284954914,-1.3424866989551598
4341,2019,Kingdom of Eswatini,0.9200751812404905,Africa,0.9739643904315654,-1.3396500695056195
4342,2020,Kingdom of Eswatini,0.7876129956144275,Africa,0.9784105150863459,-1.336798682429519
4343,2021,Kingdom of Eswatini,0.7339121095498075,Africa,0.9828483536340114,-1.3339325614321054
4344,2022,Kingdom of Eswatini,0.7947731137563769,Africa,0.9872778573162014,-1.3310517303799678
4345,2023,Kingdom of Eswatini,0.0,Africa,0.9916989774425679,-1.3281562133008324
4346,1971,Ethiopia,0.47614785643963126,Africa,0.9961116653912891,-1.325246034383386
4347,1972,Ethiopia,0.42960708851696056,Africa,1.000515872609617,-1.3223212179770716
4348,1973,Ethiopia,0.45466750201378325,Africa,1.004911550614401,-1.3193817885918973
4349,1974,Ethiopia,0.45824756108475795,Africa,1.0092986509926107,-1.3164277708982464
4350,1975,Ethiopia,0.4188669113040366,Africa,1.0136771254018841,-1.3134591897266672
4351,1976,Ethiopia,0.4117067931620872,Africa,1.0180469255710354,-1.310476070067686
4352,1977,Ethiopia,0.40096661594916316,Africa,1.0224080033006042,-1.307478437071592
4353,1978,Ethiopia,0.45824756108475795,Africa,1.026760310463365,-1.3044663160482473
4354,1979,Ethiopia,0.47614785643963126,Africa,1.0311037990048693,-1.301439732466871
4355,1980,Ethiopia,0.468987738297682,Africa,1.0354384209439675,-1.2983987119558358
4356,1981,Ethiopia,0.5155285062203526,Africa,1.0397641283733283,-1.295343280302466
4357,1982,Ethiopia,0.4654076792267073,Africa,1.0440808734599787,-1.2922734634528135
4358,1983,Ethiopia,0.4618276201557326,Africa,1.048388608445813,-1.2891892875114614
4359,1984,Ethiopia,0.43676720665890983,Africa,1.0526872856481349,-1.2860907787412943
4360,1985,Ethiopia,0.5083683880784032,Africa,1.0569768574601626,-1.2829779635632985
4361,1986,Ethiopia,0.5477490378591247,Africa,1.0612572763515715,-1.2798508685563288
4362,1987,Ethiopia,0.5477490378591247,Africa,1.0655284948689983,-1.2767095204569048
4363,1988,Ethiopia,0.565649333213998,Africa,1.0697904656365793,-1.2735539461589782
4364,1989,Ethiopia,0.5978698648527702,Africa,1.0740431413564646,-1.2703841727137137
4365,1990,Ethiopia,0.6229302783495927,Africa,1.0782864748093328,-1.2672002273292722
4366,1991,Ethiopia,0.6837912825561622,Africa,1.0825204188549273,-1.2640021373705708
4367,1992,Ethiopia,0.47256779736865656,Africa,1.0867449264325566,-1.2607899303590706
4368,1993,Ethiopia,0.5370088606462007,Africa,1.0909599505616328,-1.257563633972532
4369,1994,Ethiopia,0.5978698648527702,Africa,1.095165444342171,-1.2543232760447989
4370,1995,Ethiopia,0.6336704555625168,Africa,1.0993613609553254,-1.2510688845655502
4371,1996,Ethiopia,0.6193502192786181,Africa,1.1035476536638886,-1.2478004876800812
4372,1997,Ethiopia,0.640830573704466,Africa,1.107724275812823,-1.2445181136890537
4373,1998,Ethiopia,0.7124317551239596,Africa,1.111891180829769,-1.241221791048263
4374,1999,Ethiopia,0.6694710462722635,Africa,1.1160483222255557,-1.237911548368406
4375,2000,Ethiopia,0.6658909872012888,Africa,1.120195653594729,-1.234587414414824
4376,2001,Ethiopia,0.784032936543453,Africa,1.1243331286160472,-1.2312494181072762
4377,2002,Ethiopia,0.805513290969301,Africa,1.1284607010530128,-1.2278975885196797
4378,2003,Ethiopia,0.8914347086726931,Africa,1.1325783247543657,-1.2245319548798779
4379,2004,Ethiopia,0.8413138816790476,Africa,1.1366859536546117,-1.2211525465693789
4380,2005,Ethiopia,0.6873713416271368,Africa,1.140783541774525,-1.2177593931231119
4381,2006,Ethiopia,0.6587308690593395,Africa,1.1448710432216527,-1.2143525242291808
4382,2007,Ethiopia,0.6623109281303141,Africa,1.148948412190839,-1.210931969728597
4383,2008,Ethiopia,0.6479906918464153,Africa,1.153015602964717,-1.2074977596150418
4384,2009,Ethiopia,0.5978698648527702,Africa,1.1570725699142326,-1.204049924034592
4385,2010,Ethiopia,0.5370088606462007,Africa,1.1611192674991357,-1.2005884932854787
4386,2011,Ethiopia,0.5584892150720487,Africa,1.1651556502685028,-1.1971134978178104
4387,2012,Ethiopia,0.54416897878815,Africa,1.169181672861226,-1.193624968233328
4388,2013,Ethiopia,0.5799695694978967,Africa,1.1731972900065326,-1.1901229352851272
4389,2014,Ethiopia,0.6265103374205674,Africa,1.1772024565244823,-1.1866074298773996
4390,2015,Ethiopia,0.5728094513559474,Africa,1.181197127326465,-1.1830784830651713
4391,2016,Ethiopia,0.6229302783495927,Africa,1.185181257415718,-1.1795361260540218
4392,2017,Ethiopia,0.554909156001074,Africa,1.1891548018878095,-1.175980390199828
4393,2018,Ethiopia,0.5763895104269221,Africa,1.1931177159311581,-1.1724113070084783
4394,2019,Ethiopia,0.5871296876398461,Africa,1.1970699548275154,-1.1688289081356145
4395,2020,Ethiopia,0.5191085652913273,Africa,1.2010114739524822,-1.1652332253863396
4396,2021,Ethiopia,0.5370088606462007,Africa,1.2049422287759899,-1.1616242907149594
4397,2022,Ethiopia,0.49762821086547937,Africa,1.2088621748628134,-1.1580021362246877
4398,2023,Ethiopia,0.0,Africa,1.2127712678730618,-1.154366794167374
4399,1971,Gabon,0.4618276201557326,Africa,1.2166694635626674,-1.1507182969432275
4400,1972,Gabon,0.4117067931620872,Africa,1.2205567177838967,-1.1470566771005175
4401,1973,Gabon,0.4833079745815806,Africa,1.2244329864858272,-1.1433819673353085
4402,1974,Gabon,0.31862525731674574,Africa,1.228298225714858,-1.1396942004911534
4403,1975,Gabon,0.3615859661684418,Africa,1.2321523916151862,-1.1359934095588244
4404,1976,Gabon,0.4117067931620872,Africa,1.2359954404293132,-1.132279627676007
4405,1977,Gabon,0.5298487425042513,Africa,1.2398273284985286,-1.1285528881270144
4406,1978,Gabon,0.9200751812404905,Africa,1.2436480122633955,-1.1248132243425024
4407,1979,Gabon,0.7016915779110355,Africa,1.2474574482642538,-1.1210606698991583
4408,1980,Gabon,0.6623109281303141,Africa,1.2512555931416918,-1.1172952585194214
4409,1981,Gabon,0.8663742951758703,Africa,1.2550424036370504,-1.1135170240711683
4410,1982,Gabon,0.9021748858856171,Africa,1.258817836592894,-1.1097260005674296
4411,1983,Gabon,0.9164951221695159,Africa,1.262581848953511,-1.1059222221660727
4412,1984,Gabon,0.7231719323368836,Africa,1.2663343977653847,-1.1021057231695146
4413,1985,Gabon,0.7625525821176049,Africa,1.2700754401776893,-1.0982765380244028
4414,1986,Gabon,0.6837912825561622,Africa,1.2738049334427686,-1.094434701321315
4415,1987,Gabon,0.698111518840061,Africa,1.2775228349166112,-1.0905802477944588
4416,1988,Gabon,0.7625525821176049,Africa,1.2812291020593463,-1.0867132123213468
4417,1989,Gabon,0.5191085652913273,Africa,1.2849236924357073,-1.0828336299225012
4418,1990,Gabon,0.39738655687818847,Africa,1.2886065637155282,-1.0789415357611263
4419,1991,Gabon,0.44034726572988453,Africa,1.2922776736742054,-1.0750369651428098
4420,1992,Gabon,0.47256779736865656,Africa,1.2959369801931915,-1.07111995351519
4421,1993,Gabon,0.49046809272353,Africa,1.2995844412604562,-1.0671905364676568
4422,1994,Gabon,0.45824756108475795,Africa,1.3032200149709758,-1.0632487497310146
4423,1995,Gabon,0.4940481517945047,Africa,1.306843659527201,-1.0592946291771717
4424,1996,Gabon,0.5119484471493779,Africa,1.3104553332395263,-1.0553282108188218
4425,1997,Gabon,0.5191085652913273,Africa,1.3140549945267757,-1.0513495308091065
4426,1998,Gabon,0.533428801575226,Africa,1.3176426019166585,-1.0473586254413065
4427,1999,Gabon,0.5513290969300993,Africa,1.3212181140462564,-1.0433555311484972
4428,2000,Gabon,0.5405889197171753,Africa,1.3247814896624786,-1.0393402845032382
4429,2001,Gabon,0.533428801575226,Africa,1.3283326876225419,-1.0353129222172273
4430,2002,Gabon,0.5012082699364541,Africa,1.3318716668944346,-1.0312734811409747
4431,2003,Gabon,0.4940481517945047,Africa,1.3353983865573782,-1.0272219982634778
4432,2004,Gabon,0.5012082699364541,Africa,1.3389128058023048,-1.0231585107118701
4433,2005,Gabon,0.6121901011366688,Africa,1.342414883932308,-1.0190830557511024
4434,2006,Gabon,0.6515707509173901,Africa,1.3459045803631218,-1.0149956707835865
4435,2007,Gabon,0.6587308690593395,Africa,1.349381854623568,-1.010896393348875
4436,2008,Gabon,0.6694710462722635,Africa,1.3528466663560341,-1.0067852611233008
4437,2009,Gabon,0.7124317551239596,Africa,1.3562989753169177,-1.0026623119196532
4438,2010,Gabon,0.8556341179629463,Africa,1.3597387413770998,-0.9985275836868178
4439,2011,Gabon,0.8950147677436677,Africa,1.363165924522399,-0.994381114509437
4440,2012,Gabon,0.8914347086726931,Africa,1.3665804848540233,-0.9902229426075706
4441,2013,Gabon,0.8842745905307438,Africa,1.369982382589038,-0.9860531063363298
4442,2014,Gabon,0.8413138816790476,Africa,1.3733715780608093,-0.9818716441855465
4443,2015,Gabon,0.8090933500402757,Africa,1.376748031719471,-0.9776785947794012
4444,2016,Gabon,0.8341537635370984,Africa,1.3801117041323652,-0.97347399687609
4445,2017,Gabon,0.6300903964915421,Africa,1.3834625559845088,-0.9692578893674495
4446,2018,Gabon,0.6014499239237447,Africa,1.38680054807903,-0.9650303112786204
4447,2019,Gabon,0.5835496285688714,Africa,1.3901256413376313,-0.9607913017676712
4448,2020,Gabon,0.5620692741430234,Africa,1.3934377968010334,-0.9565409001252484
4449,2021,Gabon,0.5728094513559474,Africa,1.3967369756294188,-0.9522791457742198
4450,2022,Gabon,0.5763895104269221,Africa,1.40002313910289,-0.9480060782692968
4451,2023,Gabon,0.0,Africa,1.403296248621901,-0.9437217372966902
4452,1971,Ghana,0.6515707509173901,Africa,1.406556265707718,-0.9394261626737233
4453,1972,Ghana,0.7016915779110355,Africa,1.409803152002848,-0.9351193943484863
4454,1973,Ghana,0.7052716369820102,Africa,1.4130368692714934,-0.9308014723994492
4455,1974,Ghana,0.6909514006981116,Africa,1.4162573793999882,-0.9264724370351001
4456,1975,Ghana,0.8341537635370984,Africa,1.4194646443972345,-0.9221323285935805
4457,1976,Ghana,0.8806945314597691,Africa,1.422658626395152,-0.9177811875422957
4458,1977,Ghana,0.9200751812404905,Africa,1.4258392876491037,-0.9134190544775586
4459,1978,Ghana,0.8556341179629463,Africa,1.4290065905383456,-0.909045970124196
4460,1979,Ghana,0.7697127002595543,Africa,1.4321604975664497,-0.9046619753351892
4461,1980,Ghana,0.7553924639756555,Africa,1.4353009713617517,-0.9002671110912762
4462,1981,Ghana,0.9630358900921866,Africa,1.4384279746777715,-0.895861418500591
4463,1982,Ghana,0.8914347086726931,Africa,1.4415414703936567,-0.8914449387982638
4464,1983,Ghana,0.6229302783495927,Africa,1.4446414215146088,-0.8870177133460462
4465,1984,Ghana,0.6802112234851875,Africa,1.4477277911723094,-0.882579783631933
4466,1985,Ghana,0.7410722276917568,Africa,1.4508005426253594,-0.8781311912697589
4467,1986,Ghana,0.7446522867627315,Africa,1.4538596392596936,-0.8736719779988303
4468,1987,Ghana,0.7267519914078582,Africa,1.4569050445890208,-0.8692021856835175
4469,1988,Ghana,0.7016915779110355,Africa,1.459936722255236,-0.8647218563128823
4470,1989,Ghana,0.7446522867627315,Africa,1.4629546360288557,-0.8602310320002698
4471,1990,Ghana,0.6909514006981116,Africa,1.4659587498094355,-0.8557297549829217
4472,1991,Ghana,0.5907097467108208,Africa,1.468949027625989,-0.8512180676215904
4473,1992,Ghana,0.6658909872012888,Africa,1.4719254336374161,-0.8466960124001225
4474,1993,Ghana,0.6444106327754408,Africa,1.4748879321329131,-0.8421636319250837
4475,1994,Ghana,0.6730511053432382,Africa,1.477836487532401,-0.8376209689253379
4476,1995,Ghana,0.7052716369820102,Africa,1.4807710643869305,-0.833068066251668
4477,1996,Ghana,0.7374921686207823,Africa,1.483691627379111,-0.8285049668763523
4478,1997,Ghana,0.7231719323368836,Africa,1.4865981413235116,-0.8239317138927827
4479,1998,Ghana,1.0382171305826546,Africa,1.489490571167085,-0.8193483505150415
4480,1999,Ghana,1.0632775440794773,Africa,1.492368881989575,-0.8147549200775022
4481,2000,Ghana,0.8592141770339211,Africa,1.495233039003924,-0.810151466034431
4482,2001,Ghana,0.9129150630985411,Africa,1.4980830075566904,-0.8055380319595586
4483,2002,Ghana,1.066857603150452,Africa,1.5009187531284467,-0.8009146615456914
4484,2003,Ghana,0.9737760673051106,Africa,1.5037402413341983,-0.7962813986042774
4485,2004,Ghana,0.8484739998209969,Africa,1.506547437923776,-0.7916382870650156
4486,2005,Ghana,0.8592141770339211,Africa,1.5093403087822537,-0.78698537097542
4487,2006,Ghana,0.9952564217309587,Africa,1.512118819930339,-0.7823226945004238
4488,2007,Ghana,1.0346370715116797,Africa,1.5148829375247845,-0.7776503019219448
4489,2008,Ghana,0.8914347086726931,Africa,1.5176326278587864,-0.7729682376384743
4490,2009,Ghana,0.9916763626599839,Africa,1.5203678573623765,-0.7682765461646646
4491,2010,Ghana,1.0310570124407052,Africa,1.5230885926028326,-0.7635752721308889
4492,2011,Ghana,0.937975476595364,Africa,1.5257948002850619,-0.7588644602828414
4493,2012,Ghana,1.0274769533697306,Africa,1.5284864472520092,-0.7541441554810894
4494,2013,Ghana,1.0310570124407052,Africa,1.531163500485039,-0.7494144027006715
4495,2014,Ghana,0.9558757719502373,Africa,1.5338259271043386,-0.7446752470306504
4496,2015,Ghana,1.0024165398729081,Africa,1.5364736943693036,-0.7399267336736935
4497,2016,Ghana,0.9845162445180345,Africa,1.5391067696789271,-0.7351689079456523
4498,2017,Ghana,0.9630358900921866,Africa,1.5417251205721947,-0.7304018152751108
4499,2018,Ghana,0.9988364808019333,Africa,1.5443287147284637,-0.7256255012029766
4500,2019,Ghana,0.9952564217309587,Africa,1.546917519967858,-0.720840011382025
4501,2020,Ghana,1.1026581938601987,Africa,1.5494915042516442,-0.7160453915764864
4502,2021,Ghana,1.1026581938601987,Africa,1.5520506356826236,-0.7112416876615879
4503,2022,Ghana,1.045377248724604,Africa,1.554594882505506,-0.706428945623138
4504,2023,Ghana,0.0,Africa,1.5571242131072975,-0.7016072115570687
4505,1971,Kenya,1.0024165398729081,Africa,1.5596385960176773,-0.6967765316690041
4506,1972,Kenya,0.8985948268146425,Africa,1.562137999909372,-0.6919369522738263
4507,1973,Kenya,0.8842745905307438,Africa,1.5646223935985402,-0.6870885197952147
4508,1974,Kenya,0.8484739998209969,Africa,1.5670917460451381,-0.682231280765223
4509,1975,Kenya,0.8234135863241744,Africa,1.5695460263533045,-0.6773652818238127
4510,1976,Kenya,0.9272352993824398,Africa,1.5719852037717224,-0.6724905697184289
4511,1977,Kenya,0.8878546496017183,Africa,1.5744092476939995,-0.6676071913035293
4512,1978,Kenya,0.826993645395149,Africa,1.5768181276590294,-0.6627151935401586
4513,1979,Kenya,0.7589725230466303,Africa,1.5792118133513686,-0.657814623495478
4514,1980,Kenya,0.7697127002595543,Africa,1.5815902746015986,-0.6529055283423222
4515,1981,Kenya,0.7231719323368836,Africa,1.583953481386689,-0.6479879553587548
4516,1982,Kenya,0.6515707509173901,Africa,1.5863014038303695,-0.6430619519275947
4517,1983,Kenya,0.5907097467108208,Africa,1.588634012203484,-0.6381275655359835
4518,1984,Kenya,0.6945314597690861,Africa,1.5909512769243603,-0.633184843774906
4519,1985,Kenya,0.6873713416271368,Africa,1.5932531685591615,-0.6282338343387549
4520,1986,Kenya,0.7267519914078582,Africa,1.5955396578222523,-0.6232745850248522
4521,1987,Kenya,0.7160118141949343,Africa,1.5978107155765535,-0.6183071437329977
4522,1988,Kenya,0.6694710462722635,Africa,1.6000663128338928,-0.6133315584650147
4523,1989,Kenya,0.6766311644142129,Africa,1.602306420755368,-0.6083478773242691
4524,1990,Kenya,0.6300903964915421,Africa,1.6045310106516912,-0.6033561485152265
4525,1991,Kenya,0.5978698648527702,Africa,1.6067400539835481,-0.5983564203429655
4526,1992,Kenya,0.6086100420656941,Africa,1.608933522361939,-0.5933487412127335
4527,1993,Kenya,0.6014499239237447,Africa,1.611111387548538,-0.5883331596294561
4528,1994,Kenya,0.5978698648527702,Africa,1.6132736214560288,-0.5833097241972914
4529,1995,Kenya,0.6193502192786181,Africa,1.6154201961484596,-0.57827848361914
4530,1996,Kenya,0.6444106327754408,Africa,1.6175510838415827,-0.5732394866961822
4531,1997,Kenya,0.6193502192786181,Africa,1.6196662569031957,-0.5681927823274141
4532,1998,Kenya,0.6694710462722635,Africa,1.6217656878534883,-0.5631384195091541
4533,1999,Kenya,0.6837912825561622,Africa,1.623849349365374,-0.5580764473345913
4534,2000,Kenya,0.7768728184015037,Africa,1.625917214264838,-0.5530069149932859
4535,2001,Kenya,0.6766311644142129,Africa,1.6279692555312641,-0.5479298717707157
4536,2002,Kenya,0.6444106327754408,Africa,1.6300054462977782,-0.5428453670477743
4537,2003,Kenya,0.54416897878815,Africa,1.6320257598515755,-0.5377534503003151
4538,2004,Kenya,0.5835496285688714,Africa,1.6340301696342585,-0.5326541710986505
4539,2005,Kenya,0.6193502192786181,Africa,1.6360186492421642,-0.5275475791070782
4540,2006,Kenya,0.6587308690593395,Africa,1.6379911724266927,-0.5224337240834075
4541,2007,Kenya,0.6121901011366688,Africa,1.6399477130946387,-0.517312655878455
4542,2008,Kenya,0.640830573704466,Africa,1.641888245308513,-0.5121844244355822
4543,2009,Kenya,0.7410722276917568,Africa,1.6438127432868732,-0.5070490797901862
4544,2010,Kenya,0.7374921686207823,Africa,1.6457211814046393,-0.5019066720692356
4545,2011,Kenya,0.7088516960529849,Africa,1.6476135341934228,-0.4967572514907611
4546,2012,Kenya,0.6157701602076434,Africa,1.6494897763418437,-0.4916008683633749
4547,2013,Kenya,0.640830573704466,Africa,1.651349882695846,-0.4864375730857887
4548,2014,Kenya,0.698111518840061,Africa,1.6531938282590213,-0.48126741614630086
4549,2015,Kenya,0.7231719323368836,Africa,1.6550215881929184,-0.47609044812232715
4550,2016,Kenya,0.7446522867627315,Africa,1.6568331378173622,-0.4709067196798829
4551,2017,Kenya,0.7661326411885796,Africa,1.658628452610761,-0.4657162815731117
4552,2018,Kenya,0.7231719323368836,Africa,1.6604075082104235,-0.46051918464376485
4553,2019,Kenya,0.7016915779110355,Africa,1.6621702804128615,-0.45531547982072795
4554,2020,Kenya,0.6658909872012888,Africa,1.6639167451741042,-0.4501052181195019
4555,2021,Kenya,0.6873713416271368,Africa,1.6656468786100005,-0.4448884506417116
4556,2022,Kenya,0.6694710462722635,Africa,1.6673606569965231,-0.4396652285746149
4557,2023,Kenya,0.6300903964915421,Africa,1.6690580567700757,-0.4344356031905792
4558,1971,Libya,0.24702407589725234,Africa,1.670739054527789,-0.4291996258466035
4559,1972,Libya,0.3472657298845431,Africa,1.672403627027827,-0.4239573479837899
4560,1973,Libya,0.37232614338136577,Africa,1.6740517511896786,-0.418708821126863
4561,1974,Libya,0.45824756108475795,Africa,1.6756834040944608,-0.41345409688363993
4562,1975,Libya,0.5191085652913273,Africa,1.6772985629852095,-0.4081932269445474
4563,1976,Libya,0.5083683880784032,Africa,1.6788972052671745,-0.4029262630820924
4564,1977,Libya,0.533428801575226,Africa,1.6804793085081133,-0.3976532571503627
4565,1978,Libya,0.5728094513559474,Africa,1.682044850438577,-0.392374261084525
4566,1979,Libya,0.5620692741430234,Africa,1.6835938089522058,-0.38708932690029374
4567,1980,Libya,0.6014499239237447,Africa,1.6851261621060087,-0.3817985066934422
4568,1981,Libya,0.826993645395149,Africa,1.6866418881206564,-0.3765018526392656
4569,1982,Libya,0.8806945314597691,Africa,1.6881409653807584,-0.3711994169920913
4570,1983,Libya,0.9236552403114652,Africa,1.689623372435152,-0.3658912520847423
4571,1984,Libya,1.0274769533697306,Africa,1.691089087997179,-0.3605774103280301
4572,1985,Libya,0.9594558310212119,Africa,1.6925380909449643,-0.35525794421024665
4573,1986,Libya,1.0740177212924014,Africa,1.6939703603216973,-0.3499329062966254
4574,1987,Libya,1.3783227423252484,Africa,1.6953858753359032,-0.3446023492288458
4575,1988,Libya,1.3461022106864764,Africa,1.6967846153617216,-0.33926632572448967
4576,1989,Libya,1.2566007339121095,Africa,1.6981665599391755,-0.3339248885765438
4577,1990,Libya,1.2387004385572362,Africa,1.6995316887744447,-0.3285780906528541
4578,1991,Libya,1.0704376622214267,Africa,1.7008799817401339,-0.32322598489562665
4579,1992,Libya,1.1348787254989707,Africa,1.7022114188755413,-0.3178686243208827
4580,1993,Libya,1.2601807929830842,Africa,1.7035259803869247,-0.3125060620179426
4581,1994,Libya,1.4463438646737672,Africa,1.7048236466477635,-0.3071383511489095
4582,1995,Libya,1.9582923118231452,Africa,1.706104398199026,-0.301765544948121
4583,1996,Libya,2.0012530206748416,Africa,1.7073682157494252,-0.2963876967216458
4584,1997,Libya,2.0477937885975117,Africa,1.7086150801756832,-0.29100485984673075
4585,1998,Libya,2.1050747337331064,Africa,1.709844972522785,-0.2856170877712958
4586,1999,Libya,2.233956860288195,Africa,1.711057874004237,-0.2802244340133789
4587,2000,Libya,2.208896446791372,Africa,1.712253766002321,-0.27482695216062913
4588,2001,Libya,2.198156269578448,Africa,1.713432630068346,-0.26942469586975304
4589,2002,Libya,2.362838986843283,Africa,1.7145944479229007,-0.2640177188659907
4590,2003,Libya,2.1301351472299292,Africa,1.7157392014561008,-0.25860607494259025
4591,2004,Libya,2.0155732569587395,Africa,1.7168668727278396,-0.2531898179602523
4592,2005,Libya,2.0012530206748416,Africa,1.7179774439680304,-0.2477690018466178
4593,2006,Libya,1.9797726662489934,Africa,1.7190708975768554,-0.2423436805957073
4594,2007,Libya,1.7578090038485636,Africa,1.7201472161250027,-0.23691390826740735
4595,2008,Libya,1.9081714848294997,Africa,1.721206382353913,-0.23147973898691093
4596,2009,Libya,2.155195560726752,Africa,1.7222483791760153,-0.22604122694418702
4597,2010,Libya,2.155195560726752,Africa,1.7232731896749638,-0.22059842639344968
4598,2011,Libya,3.136131746173812,Africa,1.7242807971058776,-0.21515139165259528
4599,2012,Libya,2.1909961514364986,Africa,1.7252711848955695,-0.20970017710268526
4600,2013,Libya,2.9213282019153315,Africa,1.7262443366427842,-0.20424483718737882
4601,2014,Libya,3.7698022017363284,Africa,1.7272002361184233,-0.19878542641241365
4602,2015,Libya,3.3652555267161905,Africa,1.7281388672657791,-0.19332199934503705
4603,2016,Libya,3.225633222948179,Africa,1.7290602142007585,-0.1878546106134852
4604,2017,Libya,2.4845609952564214,Africa,1.7299642612121102,-0.18238331490641535
4605,2018,Libya,2.3234583370625614,Africa,1.730850992761648,-0.17690816697236825
4606,2019,Libya,2.61344312181151,Africa,1.7317203934844718,-0.1714292216192297
4607,2020,Libya,3.2148930457352547,Africa,1.732572448189191,-0.16594653371366014
4608,2021,Libya,2.8354067842119397,Africa,1.733407141858139,-0.1604601581805703
4609,2022,Libya,3.1611921596706343,Africa,1.7342244596475938,-0.1549701500025461
4610,2023,Libya,0.0,Africa,1.735024386887989,-0.14947656421932248
4611,1971,Madagascar,0.43676720665890983,Africa,1.7358069090841324,-0.1439794559272101
4612,1972,Madagascar,0.45824756108475795,Africa,1.7365720119154133,-0.13847888027855196
4613,1973,Madagascar,0.43318714758793514,Africa,1.7373196812360132,-0.13297489248117958
4614,1974,Madagascar,0.42244697037501117,Africa,1.7380499030751158,-0.12746754779783706
4615,1975,Madagascar,0.4654076792267073,Africa,1.7387626636371107,-0.12195690154565124
4616,1976,Madagascar,0.44392732480085917,Africa,1.7394579493018003,-0.11644300909555114
4617,1977,Madagascar,0.45108744294280856,Africa,1.740135746624601,-0.11092592587173661
4618,1978,Madagascar,0.5047883290074285,Africa,1.7407960423367455,-0.10540570735109635
4619,1979,Madagascar,0.49762821086547937,Africa,1.7414388233454807,-0.09988240906267491
4620,1980,Madagascar,0.5513290969300993,Africa,1.7420640767342668,-0.09435608658709248
4621,1981,Madagascar,0.49046809272353,Africa,1.7426717897629718,-0.08882679555599482
4622,1982,Madagascar,0.4618276201557326,Africa,1.7432619498680657,-0.08329459165150269
4623,1983,Madagascar,0.4117067931620872,Africa,1.743834544662813,-0.07775953060562932
4624,1984,Madagascar,0.5262686834332766,Africa,1.7443895619374634,-0.07222166819974381
4625,1985,Madagascar,0.47614785643963126,Africa,1.7449269896594397,-0.06668106026398421
4626,1986,Madagascar,0.43676720665890983,Africa,1.7454468159735246,-0.06113776267671947
4627,1987,Madagascar,0.468987738297682,Africa,1.7459490292020474,-0.055591831363961126
4628,1988,Madagascar,0.4188669113040366,Africa,1.7464336178450646,-0.05004332229882379
4629,1989,Madagascar,0.4188669113040366,Africa,1.7469005705805432,-0.04449229150093867
4630,1990,Madagascar,0.47614785643963126,Africa,1.74734987626454,-0.03893879503589717
4631,1991,Madagascar,0.5477490378591247,Africa,1.74778152393138,-0.03338288901469401
4632,1992,Madagascar,0.5477490378591247,Africa,1.7481955027938312,-0.02782462959313855
4633,1993,Madagascar,0.554909156001074,Africa,1.748591802243279,-0.02226407297131204
4634,1994,Madagascar,0.6837912825561622,Africa,1.7489704118499008,-0.016701275392974536
4635,1995,Madagascar,0.7589725230466303,Africa,1.7493313213628334,-0.01113629314502086
4636,1996,Madagascar,0.7088516960529849,Africa,1.749674520710345,-0.005569182556889323
4637,1997,Madagascar,0.7446522867627315,Africa,1.75,-8.572527594031472e-16
4638,1998,Madagascar,0.8198335272531997,Africa,1.750307749518825,0.005571198112802449
4639,1999,Madagascar,0.8019332318983263,Africa,1.7505977597334719,0.01114435532785055
4640,2000,Madagascar,0.7589725230466303,Africa,1.7508700212903807,0.016719415151192626
4641,2001,Madagascar,0.7231719323368836,Africa,1.7511245250159373,0.02229632104919461
4642,2002,Madagascar,0.554909156001074,Africa,1.7513612619166334,0.027875016449087613
4643,2003,Madagascar,0.6730511053432382,Africa,1.7515802231792204,0.03345544473956665
4644,2004,Madagascar,0.6837912825561622,Africa,1.7517814001708665,0.03903754927134028
4645,2005,Madagascar,0.6837912825561622,Africa,1.7519647844393067,0.0446212733577274
4646,2006,Madagascar,0.6193502192786181,Africa,1.7521303677129945,0.050206560275223584
4647,2007,Madagascar,0.6014499239237447,Africa,1.75227814190125,0.05579335326406802
4648,2008,Madagascar,0.5978698648527702,Africa,1.7524080990944084,0.06138159552884202
4649,2009,Madagascar,0.5907097467108208,Africa,1.752520231563963,0.06697123023902159
4650,2010,Madagascar,0.6515707509173901,Africa,1.75261453176271,0.0725622005295802
4651,2011,Madagascar,0.7518124049046809,Africa,1.7526909923248895,0.07815444950154242
4652,2012,Madagascar,0.9164951221695159,Africa,1.7527496060663244,0.08374792022258784
4653,2013,Madagascar,0.9558757719502373,Africa,1.7527903659845598,0.08934255572760579
4654,2014,Madagascar,0.9630358900921866,Africa,1.7528132652589967,0.0949382990192972
4655,2015,Madagascar,1.0203168352277812,Africa,1.7528182972510276,0.100535093068746
4656,2016,Madagascar,0.9487156538082879,Africa,1.7528054555041683,0.10613288081599091
4657,2017,Madagascar,0.9952564217309587,Africa,1.7527747337441872,0.11173160517062895
4658,2018,Madagascar,0.8950147677436677,Africa,1.7527261258792362,0.11733120901237286
4659,2019,Madagascar,1.0561174259375279,Africa,1.7526596259999736,0.12293163519165848
4660,2020,Madagascar,0.8806945314597691,Africa,1.7525752283796932,0.12853282653020345
4661,2021,Madagascar,1.1026581938601987,Africa,1.7524729274744437,0.1341347258216124
4662,2022,Madagascar,1.1348787254989707,Africa,1.7523527179231504,0.13973727583195208
4663,2023,Madagascar,0.0,Africa,1.7522145945477363,0.14534041930032657
4664,1971,Mauritius,0.7088516960529849,Africa,1.7520585523532364,0.15094409893948427
4665,1972,Mauritius,0.7267519914078582,Africa,1.7518845865279156,0.15654825743637885
4666,1973,Mauritius,0.7339121095498075,Africa,1.7516926924433802,0.16215283745278006
4667,1974,Mauritius,0.8162534681822251,Africa,1.7514828656546921,0.16775778162583543
4668,1975,Mauritius,0.8592141770339211,Africa,1.7512551019004752,0.17336303256868252
4669,1976,Mauritius,0.805513290969301,Africa,1.751009397103027,0.17896853287101108
4670,1977,Mauritius,0.8699543542468451,Africa,1.750745747368421,0.1845742250996731
4671,1978,Mauritius,0.8985948268146425,Africa,1.7504641489866124,0.1901800517992617
4672,1979,Mauritius,0.8735344133178197,Africa,1.7501645984315426,0.19578595549269068
4673,1980,Mauritius,0.9164951221695159,Africa,1.749847092361235,0.20139187868180547
4674,1981,Mauritius,0.8735344133178197,Africa,1.7495116276178975,0.20699776384794794
4675,1982,Mauritius,0.7625525821176049,Africa,1.7491582012280156,0.21260355345257131
4676,1983,Mauritius,0.8663742951758703,Africa,1.7487868104024518,0.2182091899378059
4677,1984,Mauritius,0.8806945314597691,Africa,1.7483974525365322,0.22381461572707456
4678,1985,Mauritius,0.7768728184015037,Africa,1.7479901252101435,0.22941977322565943
4679,1986,Mauritius,0.8842745905307438,Africa,1.7475648261878174,0.23502460482131515
4680,1987,Mauritius,0.8520540588919717,Africa,1.7471215534188198,0.2406290528848516
4681,1988,Mauritius,0.8878546496017183,Africa,1.746660305037237,0.24623305977071694
4682,1989,Mauritius,0.9558757719502373,Africa,1.7461810793620554,0.2518365678176123
4683,1990,Mauritius,1.0238968942987559,Africa,1.745683874897248,0.2574395193490602
4684,1991,Mauritius,1.0561174259375279,Africa,1.7451686903318488,0.26304185667402236
4685,1992,Mauritius,1.0489573077955785,Africa,1.7446355245400345,0.2686435220874693
4686,1993,Mauritius,1.1062382529311734,Africa,1.7440843765811973,0.2742444578709961
4687,1994,Mauritius,1.0954980757182493,Africa,1.7435152457000194,0.27984460629340746
4688,1995,Mauritius,1.077597780363376,Africa,1.742928131326547,0.2854439096113036
4689,1996,Mauritius,1.0596974850085026,Africa,1.742323033076257,0.29104231006969683
4690,1997,Mauritius,1.009576658014857,Africa,1.7416999507501276,0.29663974990258263
4691,1998,Mauritius,1.0489573077955785,Africa,1.7410588843347024,0.3022361713335599
4692,1999,Mauritius,1.2566007339121095,Africa,1.7403998340021571,0.3078315165764029
4693,2000,Mauritius,1.2852412064799068,Africa,1.7397228001103588,0.31342572783568184
4694,2001,Mauritius,1.3138816790477041,Africa,1.7390277832029297,0.3190187473073353
4695,2002,Mauritius,1.3138816790477041,Africa,1.7383147840093027,0.32461051717928907
4696,2003,Mauritius,1.306721560905755,Africa,1.7375838034447784,0.33020097963204353
4697,2004,Mauritius,1.2601807929830842,Africa,1.736834842610583,0.3357900768392627
4698,2005,Mauritius,1.328201915331603,Africa,1.7360679027939157,0.34137775096839357
4699,2006,Mauritius,1.4177033921059699,Africa,1.7352829854680043,0.34696394418123916
4700,2007,Mauritius,1.3783227423252484,Africa,1.7344800922921504,0.35254859863458227
4701,2008,Mauritius,1.3353620334735523,Africa,1.73365922511178,0.35813165648075895
4702,2009,Mauritius,1.2780810883379576,Africa,1.732820385958484,0.36371305986828245
4703,2010,Mauritius,1.3103016199767294,Africa,1.7319635770500665,0.3692927509424172
4704,2011,Mauritius,1.24944061577016,Africa,1.7310888007905816,0.3748706718458004
4705,2012,Mauritius,1.2351203794862613,Africa,1.7301960597703734,0.3804467647190321
4706,2013,Mauritius,1.2243802022733377,Africa,1.7292853567661168,0.3860209717012658
4707,2014,Mauritius,1.220800143202363,Africa,1.7283566947408477,0.39159323493083
4708,2015,Mauritius,1.1814194934216415,Africa,1.7274100768440013,0.3971634965458039
4709,2016,Mauritius,1.1599391389957934,Africa,1.726445506411439,0.40273169868464276
4710,2017,Mauritius,1.1527790208538442,Africa,1.7254629869654832,0.40829778348675366
4711,2018,Mauritius,1.099078134789224,Africa,1.7244625222149386,0.4138616930931179
4712,2019,Mauritius,1.077597780363376,Africa,1.7234441160551233,0.41942336964688276
4713,2020,Mauritius,1.1241385482860469,Africa,1.722407772567891,0.424982755293954
4714,2021,Mauritius,1.156359079924819,Africa,1.7213534960216503,0.4305397921836183
4715,2022,Mauritius,1.077597780363376,Africa,1.72028129087139,0.4360944224691202
4716,2023,Mauritius,0.0,Africa,1.7191911617586895,0.4416465883082888
4717,1971,Morocco,1.274501029266983,Africa,1.7180831135117436,0.4471962318641149
4718,1972,Morocco,1.3675825651123243,Africa,1.7169571511453678,0.4527432953053773
4719,1973,Morocco,1.5215251051642351,Africa,1.7158132798610184,0.458287720807221
4720,1974,Morocco,1.575225991228855,Africa,1.7146515050467959,0.46382945055178054
4721,1975,Morocco,1.5537456368030074,Africa,1.7134718322774565,0.46936842672877344
4722,1976,Morocco,1.5394254005191086,Africa,1.712274267314421,0.47490459153609343
4723,1977,Morocco,1.5931262865837286,Africa,1.7110588161057718,0.4804378871804347
4724,1978,Morocco,1.664727468003222,Africa,1.7098254847862646,0.4859682558778701
4725,1979,Morocco,1.7005280587129687,Africa,1.7085742796773198,0.49149563985447897
4726,1980,Morocco,1.6826277633580953,Africa,1.7073052072870285,0.49701998134692466
4727,1981,Morocco,1.754228944777589,Africa,1.7060182743101435,0.5025412226030801
4728,1982,Morocco,1.6754676452161463,Africa,1.7047134876280763,0.5080593058826209
4729,1983,Morocco,1.7757092992034367,Africa,1.7033908543088918,0.5135741734576206
4730,1984,Morocco,1.7399087084936902,Africa,1.702050381607294,0.5190857676131738
4731,1985,Morocco,1.7005280587129687,Africa,1.70069207696462,0.5245940306479765
4732,1986,Morocco,1.6181867000805514,Africa,1.6993159480088222,0.5300989048749533
4733,1987,Morocco,1.7005280587129687,Africa,1.6979220025544584,0.5356003326218366
4734,1988,Morocco,1.611026581938602,Africa,1.6965102486026677,0.5410982562317946
4735,1989,Morocco,1.7041081177839434,Africa,1.69508069434116,0.5465926180640107
4736,1990,Morocco,1.6575673498612729,Africa,1.6936333481441868,0.5520833604943078
4737,1991,Morocco,1.6146066410095767,Africa,1.6921682185725218,0.5575704259157437
4738,1992,Morocco,1.7864494764163608,Africa,1.6906853143734397,0.563053756739205
4739,1993,Morocco,1.8616307169068291,Africa,1.6891846444806817,0.5685332953940322
4740,1994,Morocco,1.8294101852680569,Africa,1.6876662180144344,0.5740089843285996
4741,1995,Morocco,2.0370536113845876,Africa,1.686130044281291,0.5794807660109422
4742,1996,Morocco,1.7685491810614875,Africa,1.684576132774228,0.5849485829293367
4743,1997,Morocco,1.8866911304036518,Africa,1.6830044931725605,0.5904123775929278
4744,1998,Morocco,1.7900295354873355,Africa,1.6814151353419151,0.5958720925323089
4745,1999,Morocco,1.883111071332677,Africa,1.6798080693341837,0.6013276703001463
4746,2000,Morocco,1.883111071332677,Africa,1.6781833053874855,0.6067790534717739
4747,2001,Morocco,1.904591425758525,Africa,1.6765408539261284,0.6122261846457876
4748,2002,Morocco,1.9117515439004746,Africa,1.674880725560557,0.6176690064446706
4749,2003,Morocco,1.7828694173453863,Africa,1.6732029310873147,0.623107461515372
4750,2004,Morocco,1.9296518392553477,Africa,1.6715074814889868,0.6285414925299345
4751,2005,Morocco,1.9654524299650946,Africa,1.6697943879341584,0.6339710421860744
4752,2006,Morocco,1.8652107759778036,Africa,1.6680636617773548,0.6393960532078048
4753,2007,Morocco,1.8544705987648795,Africa,1.6663153145589906,0.6448164683460311
4754,2008,Morocco,1.8544705987648795,Africa,1.6645493580053172,0.6502322303791443
4755,2009,Morocco,1.7649691219905128,Africa,1.6627658040283557,0.6556432821136453
4756,2010,Morocco,1.8258301261970822,Africa,1.6609646647258471,0.6610495663847241
4757,2011,Morocco,1.8974313076165759,Africa,1.6591459523811802,0.6664510260568866
4758,2012,Morocco,1.8974313076165759,Africa,1.6573096794633377,0.6718476040245333
4759,2013,Morocco,1.7900295354873355,Africa,1.6554558586268198,0.6772392432125858
4760,2014,Morocco,1.8115098899131834,Africa,1.6535845027115865,0.682625886577066
4761,2015,Morocco,1.7900295354873355,Africa,1.6516956247429793,0.6880074771057191
4762,2016,Morocco,1.7757092992034367,Africa,1.649789237931652,0.6933839578186065
4763,2017,Morocco,1.7792893582744116,Africa,1.6478653556735023,0.6987552717687002
4764,2018,Morocco,1.7685491810614875,Africa,1.6459239915495865,0.7041213620425043
4765,2019,Morocco,1.9117515439004746,Africa,1.6439651593260505,0.7094821717606343
4766,2020,Morocco,1.940392016468272,Africa,1.6419888729540428,0.714837644078442
4767,2021,Morocco,1.9475521346102211,Africa,1.6399951465696405,0.720187722186593
4768,2022,Morocco,1.9153316029714489,Africa,1.637983994493757,0.7255323493116926
4769,2023,Morocco,1.8150899489841583,Africa,1.6359554312320663,0.730871468716863
4770,1971,Mozambique,3.232793341090128,Africa,1.6339094714749056,0.7362050237023648
4771,1972,Mozambique,2.8354067842119397,Africa,1.6318461300971918,0.7415329576061892
4772,1973,Mozambique,2.7996061935021928,Africa,1.6297654221583318,0.74685521380465
4773,1974,Mozambique,3.032310033115546,Africa,1.627667362902121,0.7521717357130043
4774,1975,Mozambique,3.0967510963930907,Africa,1.6255519677566592,0.7574824667860297
4775,1976,Mozambique,3.322294817864495,Africa,1.623419252334242,0.7627873505186473
4776,1977,Mozambique,3.136131746173812,Africa,1.621269232431271,0.7680863304464987
4777,1978,Mozambique,2.6850443032310034,Africa,1.619101924028146,0.7733793501465653
4778,1979,Mozambique,2.5167815268951936,Africa,1.6169173432891635,0.7786663532377598
4779,1980,Mozambique,2.9893493242638502,Africa,1.614715506562417,0.7839472833815159
4780,1981,Mozambique,2.4702407589725226,Africa,1.61249643037968,0.7892220842824076
4781,1982,Mozambique,2.427280050120827,Africa,1.6102601314563083,0.7944906996887252
4782,1983,Mozambique,2.6635639488051552,Africa,1.6080066266911173,0.7997530733930965
4783,1984,Mozambique,2.430860109191802,Africa,1.6057359331662813,0.8050091492330617
4784,1985,Mozambique,2.4630806408305737,Africa,1.6034480681472068,0.8102588710916938
4785,1986,Mozambique,2.466660699901548,Africa,1.6011430490824266,0.8155021828981748
4786,1987,Mozambique,2.1480354425848027,Africa,1.5988208936034725,0.820739028628411
4787,1988,Mozambique,2.0012530206748416,Africa,1.5964816195247573,0.8259693523056233
4788,1989,Mozambique,1.8508905396939048,Africa,1.594125244843458,0.8311930980009339
4789,1990,Mozambique,1.3640025060413496,Africa,1.5917517877393796,0.8364102098339835
4790,1991,Mozambique,1.0632775440794773,Africa,1.5893612665748422,0.8416206319735043
4791,1992,Mozambique,1.3854828604671978,Africa,1.5869536998945388,0.8468243086379388
4792,1993,Mozambique,1.4714042781705896,Africa,1.5845291064254179,0.8520211840960121
4793,1994,Mozambique,1.156359079924819,Africa,1.5820875050765388,0.85721120266735
4794,1995,Mozambique,1.2136400250604136,Africa,1.5796289149389495,0.8623943087230511
4795,1996,Mozambique,1.0382171305826546,Africa,1.5771533552855406,0.8675704466863016
4796,1997,Mozambique,1.0238968942987559,Africa,1.5746608455709095,0.8727395610329596
4797,1998,Mozambique,0.8950147677436677,Africa,1.5721514054312278,0.8779015962921417
4798,1999,Mozambique,0.7947731137563769,Africa,1.569625054684086,0.8830564970468356
4799,2000,Mozambique,0.9057549449565917,Africa,1.5670818133283642,0.8882042079344711
4800,2001,Mozambique,0.7947731137563769,Africa,1.5645217015440713,0.8933446736475342
4801,2002,Mozambique,0.7625525821176049,Africa,1.5619447396922113,0.898477838934138
4802,2003,Mozambique,0.8627942361048957,Africa,1.5593509483146224,0.9036036485986338
4803,2004,Mozambique,0.8090933500402757,Africa,1.5567403481338289,0.9087220475021941
4804,2005,Mozambique,0.6802112234851875,Africa,1.554112960052894,0.9138329805633956
4805,2006,Mozambique,0.6658909872012888,Africa,1.5514688051552517,0.9189363927588294
4806,2007,Mozambique,0.7518124049046809,Africa,1.548807904704562,0.924032229123669
4807,2008,Mozambique,0.6945314597690861,Africa,1.5461302801445402,0.9291204347522827
4808,2009,Mozambique,0.7374921686207823,Africa,1.5434359530988064,0.9342009547987997
4809,2010,Mozambique,0.7374921686207823,Africa,1.5407249453707108,0.9392737344777234
4810,2011,Mozambique,0.8592141770339211,Africa,1.5379972789431806,0.9443387190644961
4811,2012,Mozambique,0.8663742951758703,Africa,1.5352529759785416,0.9493958538961069
4812,2013,Mozambique,0.9308153584534146,Africa,1.5324920588183537,0.9544450843716719
4813,2014,Mozambique,0.9988364808019333,Africa,1.5297145499832463,0.9594863559530122
4814,2015,Mozambique,1.0704376622214267,Africa,1.5269204721727312,0.9645196141652607
4815,2016,Mozambique,1.328201915331603,Africa,1.524109848265044,0.9695448045974266
4816,2017,Mozambique,1.281661147408932,Africa,1.5212827013169516,0.9745618729030023
4817,2018,Mozambique,1.1778394343506668,Africa,1.5184390545635877,0.9795707648005275
4818,2019,Mozambique,1.2566007339121095,Africa,1.5155789314182595,0.9845714260741965
4819,2020,Mozambique,1.1491989617828695,Africa,1.5127023554722776,0.9895638025744191
4820,2021,Mozambique,1.3425221516155017,Africa,1.50980935049476,0.994547840218426
4821,2022,Mozambique,1.4320236283898686,Africa,1.5068999404324508,0.9995234849908419
4822,2023,Mozambique,0.0,Africa,1.5039741494095376,1.0044906829442617
4823,1971,Namibia,0.0,Africa,1.5010320017274488,1.0094493801998508
4824,1972,Namibia,0.0,Africa,1.498073521864675,1.0143995229479061
4825,1973,Namibia,0.0,Africa,1.495098734476562,1.019341057448459
4826,1974,Namibia,0.0,Africa,1.492107664395128,1.024273930031834
4827,1975,Namibia,0.0,Africa,1.4891003366288542,1.0291980870992485
4828,1976,Namibia,0.0,Africa,1.4860767763624891,1.0341134751233836
4829,1977,Namibia,0.0,Africa,1.4830370089568543,1.039020040648956
4830,1978,Namibia,0.0,Africa,1.4799810599486258,1.0439177302933151
4831,1979,Namibia,0.0,Africa,1.4769089550501466,1.0488064907470003
4832,1980,Namibia,0.0,Africa,1.4738207201492006,1.0536862687743382
4833,1981,Namibia,0.0,Africa,1.4707163813088215,1.0585570112139997
4834,1982,Namibia,0.0,Africa,1.4675959647670642,1.0634186649795971
4835,1983,Namibia,0.0,Africa,1.4644594969368097,1.068271177060238
4836,1984,Namibia,0.0,Africa,1.4613070044055338,1.0731144945211206
4837,1985,Namibia,0.0,Africa,1.4581385139350984,1.0779485645040978
4838,1986,Namibia,0.0,Africa,1.4549540524615374,1.082773334228246
4839,1987,Namibia,0.0,Africa,1.4517536470948234,1.0875887509904543
4840,1988,Namibia,0.0,Africa,1.4485373251186595,1.092394762165978
4841,1989,Namibia,0.0,Africa,1.4453051139902406,1.0971913152090302
4842,1990,Namibia,0.0,Africa,1.442057041340043,1.101978357653334
4843,1991,Namibia,0.9236552403114652,Africa,1.438793134971579,1.1067558371127122
4844,1992,Namibia,0.9236552403114652,Africa,1.4355134228611843,1.1115237012816377
4845,1993,Namibia,1.0847578985053254,Africa,1.4322179331577714,1.1162818979358213
4846,1994,Namibia,1.2172200841313883,Africa,1.4289066941826023,1.121030374932772
4847,1995,Namibia,1.2673409111250336,Africa,1.4255797344290582,1.125769080212358
4848,1996,Namibia,1.3317819744025776,Africa,1.4222370825623896,1.1304979617973925
4849,1997,Namibia,1.3103016199767294,Africa,1.4188787674194905,1.1352169677941784
4850,1998,Namibia,1.2959813836928307,Africa,1.415504818008644,1.1399260463930967
4851,1999,Namibia,1.2315403204152868,Africa,1.4121152635092926,1.1446251458691505
4852,2000,Namibia,1.1420388436409201,Africa,1.4087101332717809,1.1493142145825481
4853,2001,Namibia,1.4284435693188937,Africa,1.4052894568171146,1.1539932009792586
4854,2002,Namibia,1.163519198066768,Africa,1.4018532638367174,1.1586620535915686
4855,2003,Namibia,1.1921596706345654,Africa,1.3984015841921664,1.1633207210386618
4856,2004,Namibia,1.163519198066768,Africa,1.3949344479149566,1.1679691520271611
4857,2005,Namibia,1.188579611563591,Africa,1.3914518852062299,1.1726072953517093
4858,2006,Namibia,1.1241385482860469,Africa,1.3879539264365346,1.1772350998955106
4859,2007,Namibia,1.1062382529311734,Africa,1.384440602145553,1.1818525146309087
4860,2008,Namibia,1.2351203794862613,Africa,1.3809119430418564,1.1864594886199271
4861,2009,Namibia,1.270920970196008,Africa,1.3773679800026295,1.1910559710148447
4862,2010,Namibia,1.0489573077955785,Africa,1.3738087440734135,1.1956419110587444
4863,2011,Namibia,1.009576658014857,Africa,1.370234266467846,1.2002172580860642
4864,2012,Namibia,0.9952564217309587,Africa,1.3666445785673815,1.2047819615231683
4865,2013,Namibia,0.970196008234136,Africa,1.3630397119210371,1.2093359708888851
4866,2014,Namibia,0.9451355947373131,Africa,1.3594196982451046,1.213879235795079
4867,2015,Namibia,1.013156717085832,Africa,1.3557845694228967,1.2184117059471848
4868,2016,Namibia,1.1026581938601987,Africa,1.3521343575044564,1.2229333311447792
4869,2017,Namibia,1.0704376622214267,Africa,1.3484690947062872,1.2274440612821222
4870,2018,Namibia,1.045377248724604,Africa,1.3447888134110815,1.2319438463487051
4871,2019,Namibia,1.077597780363376,Africa,1.3410935461674256,1.2364326364298142
4872,2020,Namibia,1.0883379575763,Africa,1.3373833256895358,1.2409103817070628
4873,2021,Namibia,1.0954980757182493,Africa,1.333658184856956,1.2453770324589588
4874,2022,Namibia,1.0167367761568065,Africa,1.3299181567142913,1.2498325390614335
4875,2023,Namibia,0.0,Africa,1.3261632744709024,1.254276851988408
4876,1971,Niger,0.1969032489036069,Africa,1.3223935715006345,1.2587099218123192
4877,1972,Niger,0.22554372147140428,Africa,1.3186090813415108,1.2631316992046833
4878,1973,Niger,0.32578537545869507,Africa,1.314809837695447,1.2675421349366314
4879,1974,Niger,0.282824666606999,Africa,1.3109958744279624,1.2719411798794487
4880,1975,Niger,0.3436856708135684,Africa,1.3071672255678695,1.2763287850051312
4881,1976,Niger,0.3615859661684418,Africa,1.303323925306993,1.28070490138691
4882,1977,Niger,0.37948626152331516,Africa,1.2994660079998523,1.2850694801998108
4883,1978,Niger,0.36516602523941644,Africa,1.2955935081633776,1.2894224727211754
4884,1979,Niger,0.37232614338136577,Africa,1.2917064604765884,1.2937638303312196
4885,1980,Niger,0.44392732480085917,Africa,1.287804899780307,1.2980935045135535
4886,1981,Niger,0.5262686834332766,Africa,1.2838888610768353,1.3024114468557337
4887,1982,Niger,0.5405889197171753,Africa,1.2799583795296523,1.3067176090497943
4888,1983,Niger,0.6265103374205674,Africa,1.2760134904631115,1.311011942892776
4889,1984,Niger,0.6193502192786181,Africa,1.2720542293621115,1.3152944002872746
4890,1985,Niger,0.5942898057817955,Africa,1.268080631871801,1.3195649332419594
4891,1986,Niger,0.7446522867627315,Africa,1.264092733797244,1.3238234938721218
4892,1987,Niger,0.7339121095498075,Africa,1.2600905711031214,1.328070034400191
4893,1988,Niger,0.7052716369820102,Africa,1.2560741799133937,1.3323045071562793
4894,1989,Niger,0.7231719323368836,Africa,1.252043596510989,1.336526864578706
4895,1990,Niger,0.5191085652913273,Africa,1.2479988573374856,1.340737059214521
4896,1991,Niger,0.4940481517945047,Africa,1.2439399989927715,1.3449350437200451
4897,1992,Niger,0.44750738387183386,Africa,1.2398670582347362,1.3491207708613844
4898,1993,Niger,0.5119484471493779,Africa,1.2357800719789245,1.3532941935149692
4899,1994,Niger,0.47972791551060595,Africa,1.2316790772982247,1.3574552646680642
4900,1995,Niger,0.45108744294280856,Africa,1.2275641114225182,1.3616039374193112
4901,1996,Niger,0.522688624362302,Africa,1.2234352117383656,1.3657401649792322
4902,1997,Niger,0.5191085652913273,Africa,1.2192924157886533,1.3698639006707685
4903,1998,Niger,0.5119484471493779,Africa,1.2151357612722662,1.3739750979297956
4904,1999,Niger,0.5012082699364541,Africa,1.2109652860437539,1.3780737103056355
4905,2000,Niger,0.5155285062203526,Africa,1.2067810281129745,1.3821596914615932
4906,2001,Niger,0.47614785643963126,Africa,1.2025830256447725,1.3862329951754562
4907,2002,Niger,0.47614785643963126,Africa,1.1983713169586139,1.3902935753400285
4908,2003,Niger,0.5083683880784032,Africa,1.1941459405282613,1.3943413859636309
4909,2004,Niger,0.5298487425042513,Africa,1.1899069349814073,1.3983763811706327
4910,2005,Niger,0.468987738297682,Africa,1.1856543390993441,1.4023985152019482
4911,2006,Niger,0.44034726572988453,Africa,1.1813881918165965,1.4064077424155654
4912,2007,Niger,0.468987738297682,Africa,1.177108532220576,1.4104040172870507
4913,2008,Niger,0.45824756108475795,Africa,1.1728153995512351,1.4143872944100548
4914,2009,Niger,0.5692293922849727,Africa,1.1685088332006937,1.4183575284968366
4915,2010,Niger,0.6658909872012888,Africa,1.164188872712901,1.4223146743787543
4916,2011,Niger,0.6623109281303141,Africa,1.1598555577832566,1.4262586870067913
4917,2012,Niger,0.8090933500402757,Africa,1.1555089282582705,1.4301895214520455
4918,2013,Niger,0.7339121095498075,Africa,1.151149024135181,1.4341071329062494
4919,2014,Niger,0.7589725230466303,Africa,1.1467758855616,1.4380114766822687
4920,2015,Niger,0.7374921686207823,Africa,1.1423895528351535,1.4419025082145984
4921,2016,Niger,0.6945314597690861,Africa,1.137990066403096,1.445780183059881
4922,2017,Niger,0.6014499239237447,Africa,1.1335774668619625,1.4496444568973903
4923,2018,Niger,0.5799695694978967,Africa,1.1291517949571759,1.4534952855295482
4924,2019,Niger,0.6193502192786181,Africa,1.1247130915826957,1.4573326248824061
4925,2020,Niger,0.6050299829947194,Africa,1.1202613977806226,1.4611564310061609
4926,2021,Niger,0.7088516960529849,Africa,1.1157967547408434,1.4649666600756341
4927,2022,Niger,0.7303320504788329,Africa,1.1113192038006352,1.4687632683907823
4928,2023,Niger,0.0,Africa,1.1068287864442927,1.4725462123771837
4929,1971,Nigeria,0.1969032489036069,Africa,1.102325544302758,1.4763154485865293
4930,1972,Nigeria,0.22912378054237897,Africa,1.097809519153216,1.4800709336971234
4931,1973,Nigeria,0.26850443032310034,Africa,1.0932807529187334,1.4838126245143635
4932,1974,Nigeria,0.26492437125212565,Africa,1.0887392876678512,1.4875404779712436
4933,1975,Nigeria,0.32936543452966976,Africa,1.0841851656142183,1.4912544511288268
4934,1976,Nigeria,0.3830663205942898,Africa,1.0796184291161808,1.4949545011767498
4935,1977,Nigeria,0.44034726572988453,Africa,1.0750391206764123,1.4986405854336922
4936,1978,Nigeria,0.5692293922849727,Africa,1.0704472829415037,1.5023126613478757
4937,1979,Nigeria,0.5513290969300993,Africa,1.0658429587015763,1.5059706864975428
4938,1980,Nigeria,0.6336704555625168,Africa,1.061226190889894,1.5096146185914323
4939,1981,Nigeria,0.8162534681822251,Africa,1.0565970225824475,1.513244415469275
4940,1982,Nigeria,0.9916763626599839,Africa,1.0519554969975773,1.5168600351022588
4941,1983,Nigeria,1.1491989617828695,Africa,1.047301657495551,1.5204614355935226
4942,1984,Nigeria,1.0704376622214267,Africa,1.0426355475781826,1.524048575178619
4943,1985,Nigeria,1.0561174259375279,Africa,1.0379572108884099,1.5276214122260046
4944,1986,Nigeria,1.0059965989438826,Africa,1.033266691209898,1.5311799052375088
4945,1987,Nigeria,1.0024165398729081,Africa,1.0285640324666394,1.5347240128488033
4946,1988,Nigeria,0.9773561263760853,Africa,1.0238492787225273,1.5382536938298872
4947,1989,Nigeria,0.9737760673051106,Africa,1.0191224741809664,1.5417689070855445
4948,1990,Nigeria,0.7374921686207823,Africa,1.0143836631844398,1.5452696116558289
4949,1991,Nigeria,0.8699543542468451,Africa,1.009632890214118,1.5487557667165182
4950,1992,Nigeria,1.0238968942987559,Africa,1.0048701998894207,1.5522273315795967
4951,1993,Nigeria,0.9200751812404905,Africa,1.000095636967624,1.5556842656937082
4952,1994,Nigeria,0.7732927593305289,Africa,0.9953092463434218,1.5591265286446325
4953,1995,Nigeria,0.8162534681822251,Africa,0.9905110730485148,1.5625540801557454
4954,1996,Nigeria,0.8735344133178197,Africa,0.9857011622511989,1.5659668800884752
4955,1997,Nigeria,0.9630358900921866,Africa,0.9808795592559206,1.5693648884427776
4956,1998,Nigeria,0.8520540588919717,Africa,0.9760463095028767,1.57274806535758
4957,1999,Nigeria,0.8914347086726931,Africa,0.9712014585675661,1.5761163711112567
4958,2000,Nigeria,0.9487156538082879,Africa,0.966345052160384,1.5794697661220716
4959,2001,Nigeria,0.9952564217309587,Africa,0.9614771361261716,1.5828082109486472
4960,2002,Nigeria,0.8878546496017183,Africa,0.9565977564438067,1.5861316662904081
4961,2003,Nigeria,0.8735344133178197,Africa,0.9517069592257534,1.589440092988044
4962,2004,Nigeria,0.7911930546854024,Africa,0.9468047907176367,1.5927334520239598
4963,2005,Nigeria,0.7768728184015037,Africa,0.9418912972978147,1.5960117045227187
4964,2006,Nigeria,0.6623109281303141,Africa,0.9369665254769244,1.5992748117515063
4965,2007,Nigeria,0.5799695694978967,Africa,0.9320305218974644,1.602522735120563
4966,2008,Nigeria,0.6121901011366688,Africa,0.9270833333333333,1.6057554361836468
4967,2009,Nigeria,0.47614785643963126,Africa,0.9221250066894113,1.6089728766384632
4968,2010,Nigeria,0.54416897878815,Africa,0.9171555890010981,1.6121750183271237
4969,2011,Nigeria,0.6050299829947194,Africa,0.9121751274338761,1.615361823236581
4970,2012,Nigeria,0.6229302783495927,Africa,0.907183669282875,1.6185332534990682
4971,2013,Nigeria,0.6837912825561622,Africa,0.9021812619724034,1.6216892713925484
4972,2014,Nigeria,0.7160118141949343,Africa,0.8971679530555234,1.6248298393411422
4973,2015,Nigeria,0.6658909872012888,Africa,0.892143790213578,1.6279549199155763
4974,2016,Nigeria,0.7195918732659089,Africa,0.887108821255762,1.6310644758336086
4975,2017,Nigeria,0.6515707509173901,Africa,0.882063094118646,1.6341584699604745
4976,2018,Nigeria,0.6730511053432382,Africa,0.8770066568657456,1.6372368653093072
4977,2019,Nigeria,0.6873713416271368,Africa,0.8719395576870441,1.640299625041581
4978,2020,Nigeria,0.6479906918464153,Africa,0.8668618448985449,1.6433467124675385
4979,2021,Nigeria,0.6909514006981116,Africa,0.8617735669418202,1.646378091046612
4980,2022,Nigeria,0.6730511053432382,Africa,0.8566747723835313,1.6493937243878645
4981,2023,Nigeria,0.0,Africa,0.8515655099149891,1.6523935762504027
4982,1971,Rwanda,0.1503624809809362,Africa,0.8464458283516686,1.655377610543814
4983,1972,Rwanda,0.16468271726483488,Africa,0.8413157766327665,1.6583457913285777
4984,1973,Rwanda,0.16826277633580955,Africa,0.8361754038207152,1.6612980828164976
4985,1974,Rwanda,0.16468271726483488,Africa,0.8310247591007239,1.6642344493711176
4986,1975,Rwanda,0.20764342611653094,Africa,0.8258638917803189,1.667154855508138
4987,1976,Rwanda,0.23628389868432828,Africa,0.8206928512888514,1.6700592658958409
4988,1977,Rwanda,0.22912378054237897,Africa,0.8155116871770501,1.6729476453554957
4989,1978,Rwanda,0.23628389868432828,Africa,0.8103204491165247,1.6758199588617868
4990,1979,Rwanda,0.21122348518750558,Africa,0.8051191868993135,1.6786761715432132
4991,1980,Rwanda,0.5477490378591247,Africa,0.7999079504373852,1.6815162486825126
4992,1981,Rwanda,0.6515707509173901,Africa,0.7946867897621841,1.6843401557170607
4993,1982,Rwanda,0.6873713416271368,Africa,0.789455755024131,1.6871478582392894
4994,1983,Rwanda,0.7267519914078582,Africa,0.7842148964921515,1.6899393219970893
4995,1984,Rwanda,0.5978698648527702,Africa,0.7789642645532036,1.6927145128942132
4996,1985,Rwanda,0.5871296876398461,Africa,0.7737039097117733,1.6954733969906888
4997,1986,Rwanda,0.5513290969300993,Africa,0.7684338825894148,1.6982159405032105
4998,1987,Rwanda,0.5513290969300993,Africa,0.7631542339242402,1.7009421098055515
4999,1988,Rwanda,0.6444106327754408,Africa,0.7578650145704566,1.7036518714289546
5000,1989,Rwanda,0.6766311644142129,Africa,0.7525662754978535,1.7063451920625388
5001,1990,Rwanda,0.6873713416271368,Africa,0.7472580677913367,1.709022038553687
5002,1991,Rwanda,0.640830573704466,Africa,0.7419404426504166,1.7116823779084505
5003,1992,Rwanda,0.6050299829947194,Africa,0.7366134513887242,1.7143261772919383
5004,1993,Rwanda,0.6802112234851875,Africa,0.7312771454335262,1.7169534040287056
5005,1994,Rwanda,1.1599391389957934,Africa,0.725931576325209,1.7195640256031541
5006,1995,Rwanda,0.9164951221695159,Africa,0.7205767957168056,1.7221580096599103
5007,1996,Rwanda,0.8162534681822251,Africa,0.7152128553734742,1.7247353240042231
5008,1997,Rwanda,0.7231719323368836,Africa,0.7098398071720227,1.7272959366023408
5009,1998,Rwanda,0.6694710462722635,Africa,0.7044577031003869,1.7298398155819033
5010,1999,Rwanda,0.6658909872012888,Africa,0.6990665952571381,1.732366929232322
5011,2000,Rwanda,0.826993645395149,Africa,0.6936665358509886,1.7348772460051582
5012,2001,Rwanda,0.7697127002595543,Africa,0.6882575772002656,1.73737073451451
5013,2002,Rwanda,0.805513290969301,Africa,0.6828397717324307,1.739847363537381
5014,2003,Rwanda,0.6730511053432382,Africa,0.6774131719835476,1.7423071020140688
5015,2004,Rwanda,0.6050299829947194,Africa,0.6719778305977983,1.7447499190485276
5016,2005,Rwanda,0.6014499239237447,Africa,0.6665338003269486,1.747175783908754
5017,2006,Rwanda,0.554909156001074,Africa,0.661081134029863,1.749584666027147
5018,2007,Rwanda,0.4654076792267073,Africa,0.6556198846719687,1.7519765350008887
5019,2008,Rwanda,0.4188669113040366,Africa,0.6501501053247534,1.7543513605923082
5020,2009,Rwanda,0.40812673409111255,Africa,0.6446718491652583,1.7567091127292465
5021,2010,Rwanda,0.40096661594916316,Africa,0.6391851694755415,1.7590497615054288
5022,2011,Rwanda,0.38664637966526444,Africa,0.6336901196421845,1.7613732771808202
5023,2012,Rwanda,0.39738655687818847,Africa,0.6281867531557491,1.7636796301819966
5024,2013,Rwanda,0.42244697037501117,Africa,0.6226751236102829,1.7659687911024977
5025,2014,Rwanda,0.40454667502013786,Africa,0.6171552847027729,1.7682407307031933
5026,2015,Rwanda,0.42602702944598586,Africa,0.6116272902326481,1.7704954199126328
5027,2016,Rwanda,0.4117067931620872,Africa,0.6060911941012341,1.7727328298274088
5028,2017,Rwanda,0.42960708851696056,Africa,0.6005470503112381,1.7749529317125086
5029,2018,Rwanda,0.44392732480085917,Africa,0.5949949129662317,1.7771556970016615
5030,2019,Rwanda,0.4188669113040366,Africa,0.5894348362701023,1.7793410972977002
5031,2020,Rwanda,0.4117067931620872,Africa,0.5838668745265494,1.781509104372899
5032,2021,Rwanda,0.42244697037501117,Africa,0.57829108213853,1.7836596901693313
5033,2022,Rwanda,0.49762821086547937,Africa,0.572707513607753,1.7857928267992071
5034,2023,Rwanda,0.0,Africa,0.5671162235341247,1.787908486545224
5035,1971,Senegal,0.8878546496017183,Africa,0.5615172666152259,1.7900066418609073
5036,1972,Senegal,0.8592141770339211,Africa,0.5559106976457864,1.7920872653709479
5037,1973,Senegal,1.0024165398729081,Africa,0.5502965715171266,1.7941503298715484
5038,1974,Senegal,1.0274769533697306,Africa,0.5446749432166474,1.7961958083307534
5039,1975,Senegal,1.045377248724604,Africa,0.5390458678272665,1.7982236738887922
5040,1976,Senegal,0.9988364808019333,Africa,0.5334094005269038,1.8002338998584069
5041,1977,Senegal,1.1133983710731226,Africa,0.5277655965879168,1.802226459725191
5042,1978,Senegal,1.1241385482860469,Africa,0.5221145113765843,1.8042013271479143
5043,1979,Senegal,1.163519198066768,Africa,0.516456200352541,1.806158475958857
5044,1980,Senegal,1.2279602613443124,Africa,0.5107907190682447,1.8080978801641372
5045,1981,Senegal,1.1456189027118948,Africa,0.5051181231684391,1.81001951394403
5046,1982,Senegal,1.0203168352277812,Africa,0.49943846838958733,1.8119233516533018
5047,1983,Senegal,1.0704376622214267,Africa,0.493751810559349,1.8138093678215226
5048,1984,Senegal,1.1026581938601987,Africa,0.4880582055960073,1.8156775371533955
5049,1985,Senegal,1.109818312002148,Africa,0.48235770950794504,1.8175278345290682
5050,1986,Senegal,1.0346370715116797,Africa,0.4766503783930679,1.8193602350044578
5051,1987,Senegal,0.9880963035890094,Africa,0.47093626843827946,1.8211747138115566
5052,1988,Senegal,0.9451355947373131,Africa,0.4652154359189057,1.822971246358757
5053,1989,Senegal,0.9630358900921866,Africa,0.4594879371981504,1.8247498082311557
5054,1990,Senegal,0.9916763626599839,Africa,0.45375382872655073,1.8265103751908651
5055,1991,Senegal,0.9666159491631612,Africa,0.4480131670413982,1.8282529231773255
5056,1992,Senegal,1.041797189653629,Africa,0.4422660087662076,1.8299774283076067
5057,1993,Senegal,1.0024165398729081,Africa,0.436512410610133,1.831683866876719
5058,1994,Senegal,1.0310570124407052,Africa,0.4307524293674347,1.8333722153579104
5059,1995,Senegal,1.0382171305826546,Africa,0.42498612191689594,1.8350424504029732
5060,1996,Senegal,1.066857603150452,Africa,0.41921354522127185,1.8366945488425426
5061,1997,Senegal,1.1456189027118948,Africa,0.41343475632673626,1.83832848768639
5062,1998,Senegal,1.2028998478474895,Africa,0.4076498123622959,1.8399442441237275
5063,1999,Senegal,1.2637608520540589,Africa,0.40185877053925206,1.8415417955234947
5064,2000,Senegal,1.2064799069184642,Africa,0.3960616881506088,1.8431211194346575
5065,2001,Senegal,1.2601807929830842,Africa,0.39025862257053295,1.8446821935864934
5066,2002,Senegal,1.2852412064799068,Africa,0.3844496312537599,1.8462249958888868
5067,2003,Senegal,1.1849995524926162,Africa,0.3786347717350517,1.8477495044326098
5068,2004,Senegal,1.317461738118679,Africa,0.3728141016286047,1.8492556974896137
5069,2005,Senegal,1.317461738118679,Africa,0.36698767862748805,1.8507435535133099
5070,2006,Senegal,1.2351203794862613,Africa,0.3611555605030828,1.8522130511388502
5071,2007,Senegal,1.3461022106864764,Africa,0.35531780510448596,1.853664169183411
5072,2008,Senegal,1.3711626241832993,Africa,0.3494744703579634,1.8550968866464685
5073,2009,Senegal,1.3675825651123243,Africa,0.34362561426634897,1.8565111827100778
5074,2010,Senegal,1.338942092544527,Africa,0.33777129490849517,1.8579070367391437
5075,2011,Senegal,1.3998030967510964,Africa,0.3319115704386705,1.8592844282816996
5076,2012,Senegal,1.3210417971896535,Africa,0.32604649908600836,1.8606433370691724
5077,2013,Senegal,1.3640025060413496,Africa,0.32017613915390547,1.8619837430166561
5078,2014,Senegal,1.4284435693188937,Africa,0.31430054901945254,1.8633056262231789
5079,2015,Senegal,1.510784927951311,Africa,0.3084197871328636,1.8646089669719648
5080,2016,Senegal,1.5394254005191086,Africa,0.3025339120168719,1.8658937457307037
5081,2017,Senegal,1.4141233330349952,Africa,0.29664298226617386,1.8671599431518078
5082,2018,Senegal,1.4105432739640205,Africa,0.29074705654681987,1.8684075400726758
5083,2019,Senegal,1.317461738118679,Africa,0.2848461935956562,1.8696365175159482
5084,2020,Senegal,1.2458605566991854,Africa,0.2789404522197174,1.870846856689766
5085,2021,Senegal,1.489304573525463,Africa,0.2730298912956499,1.872038538988025
5086,2022,Senegal,1.600286404725678,Africa,0.2671145697691353,1.8732115459906264
5087,2023,Senegal,0.0,Africa,0.2611945466542792,1.874365859463731
5088,1971,South Africa,4.714937796473642,Africa,0.2552698810330498,1.8755014613600047
5089,1972,South Africa,4.808019332318983,Africa,0.24934063205466125,1.8766183338188696
5090,1973,South Africa,5.0371431128613615,Africa,0.2434068589350097,1.8777164591667461
5091,1974,South Africa,4.9297413407321224,Africa,0.23746862095605611,1.8787958199172983
5092,1975,South Africa,5.309227602255437,Africa,0.23152597746526013,1.8798563987716743
5093,1976,South Africa,5.549091560010741,Africa,0.22557898787496405,1.8808981786187469
5094,1977,South Africa,5.5634117962946394,Africa,0.21962771166180883,1.881921142535352
5095,1978,South Africa,4.8402398639577555,Africa,0.21367220836614936,1.8829252737865216
5096,1979,South Africa,4.761478564396312,Africa,0.2077125375914356,1.8839105558257223
5097,1980,South Africa,4.68271726483487,Africa,0.20174875900364275,1.884876972295083
5098,1981,South Africa,4.679137205763895,Africa,0.19578093233064744,1.8858245070256294
5099,1982,South Africa,4.625436319699276,Africa,0.18980911736165612,1.8867531440375092
5100,1983,South Africa,4.535934842924908,Africa,0.18383337394657956,1.8876628675402198
5101,1984,South Africa,4.571735433634655,Africa,0.17785376199545988,1.888553661932834
5102,1985,South Africa,4.68271726483487,Africa,0.17187034147784636,1.8894255118042214
5103,1986,South Africa,4.607536024344402,Africa,0.16588317242220432,1.890278401933269
5104,1987,South Africa,4.829499686744832,Africa,0.15989231491532296,1.891112317289101
5105,1988,South Africa,4.607536024344402,Africa,0.1538978291016888,1.891927243031296
5106,1989,South Africa,4.564575315492705,Africa,0.1478997751829089,1.892723164510101
5107,1990,South Africa,4.714937796473642,Africa,0.1418982134170793,1.8935000672666458
5108,1991,South Africa,4.664816969479996,Africa,0.13589320411820682,1.894257937033153
5109,1992,South Africa,4.700617560189743,Africa,0.1298848076555791,1.894996759733149
5110,1993,South Africa,4.79011903696411,Africa,0.12387308445316818,1.8957165214816705
5111,1994,South Africa,4.743578269041439,Africa,0.11785809498903259,1.8964172085854685
5112,1995,South Africa,4.815179450460932,Africa,0.11183989979468575,1.8970988075432156
5113,1996,South Africa,4.79011903696411,Africa,0.10581855945451356,1.8977613050457034
5114,1997,South Africa,4.919001163519198,Africa,0.0997941346051377,1.8984046879760463
5115,1998,South Africa,5.033563053790387,Africa,0.09376668593483188,1.8990289434098753
5116,1999,South Africa,4.614696142486351,Africa,0.08773627418288368,1.8996340586155371
5117,2000,South Africa,4.5323547838539335,Africa,0.08170296013900931,1.9002200210542866
5118,2001,South Africa,4.976282108654793,Africa,0.07566680464271734,1.9007868183804784
5119,2002,South Africa,4.954801754228945,Africa,0.06962786858270524,1.9013344384417576
5120,2003,South Africa,5.130224648706704,Africa,0.06358621289625542,1.9018628692792479
5121,2004,South Africa,5.287747247829589,Africa,0.05754189856859658,1.9023720991277369
5122,2005,South Africa,4.9834422267967415,Africa,0.051494986632315276,1.9028621164158614
5123,2006,South Africa,4.743578269041439,Africa,0.04544553816671252,1.903332909766289
5124,2007,South Africa,4.707777678331692,Africa,0.03939361429721389,1.9037844679958973
5125,2008,South Africa,4.915421104448223,Africa,0.0333392761947283,1.9042167801159546
5126,2009,South Africa,4.718517855544617,Africa,0.027282585075039754,1.904629835332294
5127,2010,South Africa,4.829499686744832,Africa,0.02122360219819861,1.9050236230454887
5128,2011,South Africa,4.500134252215161,Africa,0.015162388867878275,1.9053981328510239
5129,2012,South Africa,4.596795847131478,Africa,0.009099006430781998,1.9057533545394687
5130,2013,South Africa,4.611116083415377,Africa,0.003033516275994912,1.9060892780966419
5131,2014,South Africa,4.664816969479996,Africa,-0.0030340201656104304,1.9064058937037807
5132,2015,South Africa,4.3533518303052,Africa,-0.009103541422023308,1.906703191737704
5133,2016,South Africa,4.29965094424058,Africa,-0.015174985980690536,1.9069811627709758
5134,2017,South Africa,4.34619171216325,Africa,-0.02124829228916357,1.9072397975720654
5135,2018,South Africa,4.324711357737402,Africa,-0.027323398755712387,1.9074790871055047
5136,2019,South Africa,4.371252125660074,Africa,-0.03340024374993993,1.9076990225320465
5137,2020,South Africa,4.432113129866643,Africa,-0.03947876560343104,1.907899595208818
5138,2021,South Africa,4.156448581401594,Africa,-0.04555890261035119,1.9080807966894737
5139,2022,South Africa,3.9130045645753153,Africa,-0.05164059302809997,1.908242618724346
5140,2023,South Africa,0.0,Africa,-0.057723775077910974,1.9083850532605933
5141,1971,South Sudan,0.0,Africa,-0.06380838694550647,1.9085080924423479
5142,1972,South Sudan,0.0,Africa,-0.06989436678169839,1.9086117286108584
5143,1973,South Sudan,0.0,Africa,-0.07598165270304072,1.9086959543046342
5144,1974,South Sudan,0.0,Africa,-0.08207018279244863,1.9087607622595846
5145,1975,South Sudan,0.0,Africa,-0.08815989509981802,1.9088061454091592
5146,1976,South Sudan,0.0,Africa,-0.09425072764267961,1.9088320968844819
5147,1977,South Sudan,0.0,Africa,-0.10034261840680267,1.9088386100144878
5148,1978,South Sudan,0.0,Africa,-0.10643550534685353,1.9088256783260542
5149,1979,South Sudan,0.0,Africa,-0.11252932638700035,1.9087932955441318
5150,1980,South Sudan,0.0,Africa,-0.1186240194215693,1.9087414555918731
5151,1981,South Sudan,0.0,Africa,-0.12471952231566728,1.9086701525907581
5152,1982,South Sudan,0.0,Africa,-0.13081577290580532,1.9085793808607208
5153,1983,South Sudan,0.0,Africa,-0.136912709000556,1.9084691349202678
5154,1984,South Sudan,0.0,Africa,-0.1430102683811609,1.908339409486604
5155,1985,South Sudan,0.0,Africa,-0.14910838880219277,1.9081901994757453
5156,1986,South Sudan,0.0,Africa,-0.15520700799216344,1.9080215000026393
5157,1987,South Sudan,0.0,Africa,-0.16130606365418712,1.9078333063812771
5158,1988,South Sudan,0.0,Africa,-0.1674054934665894,1.9076256141248078
5159,1989,South Sudan,0.0,Africa,-0.17350523508356785,1.9073984189456457
5160,1990,South Sudan,0.0,Africa,-0.17960522613581897,1.9071517167555805
5161,1991,South Sudan,0.0,Africa,-0.18570540423116585,1.9068855036658843
5162,1992,South Sudan,0.0,Africa,-0.1918057069552198,1.906599775987413
5163,1993,South Sudan,0.0,Africa,-0.197906071871992,1.9062945302307108
5164,1994,South Sudan,0.0,Africa,-0.2040064365245593,1.9059697631061085
5165,1995,South Sudan,0.0,Africa,-0.21010673843567673,1.9056254715238239
5166,1996,South Sudan,0.0,Africa,-0.21620691510844434,1.9052616525940542
5167,1997,South Sudan,0.0,Africa,-0.22230690402692022,1.9048783036270738
5168,1998,South Sudan,0.0,Africa,-0.22840664265678476,1.9044754221333229
5169,1999,South Sudan,0.0,Africa,-0.2345060684459717,1.9040530058234981
5170,2000,South Sudan,0.0,Africa,-0.24060511882529906,1.9036110526086425
5171,2001,South Sudan,0.0,Africa,-0.24670373120913489,1.9031495606002278
5172,2002,South Sudan,0.0,Africa,-0.25280184299601194,1.9026685281102411
5173,2003,South Sudan,0.0,Africa,-0.25889939156929764,1.902167953651263
5174,2004,South Sudan,0.0,Africa,-0.26499631429780957,1.901647835936552
5175,2005,South Sudan,0.0,Africa,-0.27109254853648246,1.9011081738801165
5176,2006,South Sudan,0.0,Africa,-0.27718803162700145,1.9005489665967934
5177,2007,South Sudan,0.0,Africa,-0.28328270089843616,1.8999702134023222
5178,2008,South Sudan,0.0,Africa,-0.2893764936679081,1.899371913813413
5179,2009,South Sudan,0.0,Africa,-0.2954693472412087,1.8987540675478194
5180,2010,South Sudan,0.0,Africa,-0.30156119891347066,1.8981166745244011
5181,2011,South Sudan,0.0,Africa,-0.30765198596978655,1.8974597348631954
5182,2012,South Sudan,0.42602702944598586,Africa,-0.3137416456858812,1.8967832488854732
5183,2013,South Sudan,0.3436856708135684,Africa,-0.31983011532873007,1.8960872171138052
5184,2014,South Sudan,0.35084578895551777,Africa,-0.32591733215722957,1.8953716402721175
5185,2015,South Sudan,0.4618276201557326,Africa,-0.3320032334228329,1.8946365192857495
5186,2016,South Sudan,0.4654076792267073,Africa,-0.3380877563701866,1.8938818552815104
5187,2017,South Sudan,0.43318714758793514,Africa,-0.34417083823780126,1.893107649587728
5188,2018,South Sudan,0.5155285062203526,Africa,-0.3502524162586715,1.8923139037343033
5189,2019,South Sudan,0.5298487425042513,Africa,-0.3563324276609504,1.8915006194527546
5190,2020,South Sudan,0.54416897878815,Africa,-0.3624108096685706,1.8906677986762697
5191,2021,South Sudan,0.5262686834332766,Africa,-0.3684874995019185,1.8898154435397432
5192,2022,South Sudan,0.5191085652913273,Africa,-0.3745624343784561,1.8889435563798254
5193,2023,South Sudan,0.0,Africa,-0.38063555151339257,1.888052139734958
5194,1971,Sudan,0.8377338226080732,Africa,-0.3867067881203233,1.8871411963454119
5195,1972,Sudan,0.937975476595364,Africa,-0.3927760814118679,1.8862107291533288
5196,1973,Sudan,1.2422804976282107,Africa,-0.3988433686003435,1.885260741302747
5197,1974,Sudan,1.045377248724604,Africa,-0.40490858689838666,1.884291236139641
5198,1975,Sudan,0.6802112234851875,Africa,-0.4109716735196301,1.8833022172119436
5199,1976,Sudan,0.5799695694978967,Africa,-0.4170325656793253,1.8822936882695818
5200,1977,Sudan,0.5799695694978967,Africa,-0.4230912005950156,1.8812656532644942
5201,1978,Sudan,0.5584892150720487,Africa,-0.4291475154871767,1.8802181163506602
5202,1979,Sudan,0.6014499239237447,Africa,-0.4352014475798564,1.8791510818841193
5203,1980,Sudan,0.6837912825561622,Africa,-0.4412529341013484,1.878064554422989
5204,1981,Sudan,0.6300903964915421,Africa,-0.4473019122848164,1.8769585387274859
5205,1982,Sudan,0.6193502192786181,Africa,-0.45334831936897113,1.8758330397599352
5206,1983,Sudan,0.640830573704466,Africa,-0.4593920925986946,1.87468806268479
5207,1984,Sudan,0.6050299829947194,Africa,-0.46543316922571804,1.873523612868636
5208,1985,Sudan,0.7267519914078582,Africa,-0.4714714865092456,1.8723396958802057
5209,1986,Sudan,0.6515707509173901,Africa,-0.4775069817166298,1.8711363174903806
5210,1987,Sudan,0.468987738297682,Africa,-0.48353959212401204,1.869913483672198
5211,1988,Sudan,0.6551508099883647,Africa,-0.4895692550169647,1.868671200600855
5212,1989,Sudan,0.5835496285688714,Africa,-0.4955959076911654,1.8674094746537049
5213,1990,Sudan,0.7732927593305289,Africa,-0.5016194874530228,1.8661283124102601
5214,1991,Sudan,0.6479906918464153,Africa,-0.507639931620354,1.8648277206521828
5215,1992,Sudan,0.5728094513559474,Africa,-0.5136571775230107,1.8635077063632863
5216,1993,Sudan,0.39022643873623913,Africa,-0.5196711625035568,1.862168276729519
5217,1994,Sudan,0.5584892150720487,Africa,-0.5256818239178949,1.860809439138961
5218,1995,Sudan,0.4833079745815806,Africa,-0.5316890991359402,1.8594312011818075
5219,1996,Sudan,0.43318714758793514,Africa,-0.5376929255422636,1.8580335706503557
5220,1997,Sudan,0.5083683880784032,Africa,-0.5436932405367341,1.8566165555389913
5221,1998,Sudan,0.42602702944598586,Africa,-0.5496899815351932,1.8551801640441636
5222,1999,Sudan,0.45108744294280856,Africa,-0.5556830859700812,1.8537244045643726
5223,2000,Sudan,0.44750738387183386,Africa,-0.5616724912911165,1.8522492857001391
5224,2001,Sudan,0.44392732480085917,Africa,-0.5676581349659203,1.850754816253986
5225,2002,Sudan,0.5191085652913273,Africa,-0.5736399544806927,1.8492410052304058
5226,2003,Sudan,0.5012082699364541,Africa,-0.5796178873408548,1.8477078618358345
5227,2004,Sudan,0.5262686834332766,Africa,-0.5855918710716919,1.8461553954786223
5228,2005,Sudan,0.5835496285688714,Africa,-0.5915618432190272,1.8445836157689952
5229,2006,Sudan,0.6837912825561622,Africa,-0.5975277413498498,1.8429925325190262
5230,2007,Sudan,0.6945314597690861,Africa,-0.6034895030529919,1.8413821557425893
5231,2008,Sudan,0.7267519914078582,Africa,-0.6094470659397551,1.8397524956553302
5232,2009,Sudan,0.7625525821176049,Africa,-0.6154003676445892,1.838103562674614
5233,2010,Sudan,0.7553924639756555,Africa,-0.6213493458257174,1.8364353674194918
5234,2011,Sudan,0.7339121095498075,Africa,-0.6272939381658128,1.834747920710645
5235,2012,Sudan,0.8627942361048957,Africa,-0.6332340823726386,1.833041233570343
5236,2013,Sudan,0.8377338226080732,Africa,-0.6391697161796923,1.8313153172223944
5237,2014,Sudan,0.8448939407500223,Africa,-0.6451007773468794,1.8295701830920885
5238,2015,Sudan,0.937975476595364,Africa,-0.6510272036611393,1.8278058428061483
5239,2016,Sudan,1.0203168352277812,Africa,-0.6569489329371241,1.826022308192667
5240,2017,Sudan,1.0203168352277812,Africa,-0.6628659030178226,1.824219591281057
5241,2018,Sudan,1.0346370715116797,Africa,-0.6687780517752395,1.82239770430198
5242,2019,Sudan,1.0847578985053254,Africa,-0.6746853171110202,1.8205566596872942
5243,2020,Sudan,1.045377248724604,Africa,-0.6805876369571253,1.818696470069981
5244,2021,Sudan,1.1456189027118948,Africa,-0.6864849492764717,1.816817148284082
5245,2022,Sudan,1.0525373668665532,Africa,-0.6923771920635746,1.8149187073646325
5246,2023,Sudan,0.0,Africa,-0.6982643033452208,1.813001160547582
5247,1971,United Rep. of Tanzania,0.7482323458337061,Africa,-0.7041462211810943,1.811064521269731
5248,1972,United Rep. of Tanzania,0.8198335272531997,Africa,-0.7100228836644522,1.8091088031686469
5249,1973,United Rep. of Tanzania,0.8126734091112503,Africa,-0.7158942289227507,1.8071340200825934
5250,1974,United Rep. of Tanzania,0.7124317551239596,Africa,-0.7217601951183165,1.8051401860504448
5251,1975,United Rep. of Tanzania,0.6265103374205674,Africa,-0.7276207204489891,1.8031273153116067
5252,1976,United Rep. of Tanzania,0.5799695694978967,Africa,-0.7334757431487602,1.8010954223059361
5253,1977,United Rep. of Tanzania,0.5799695694978967,Africa,-0.7393252014884469,1.799044521673647
5254,1978,United Rep. of Tanzania,0.6157701602076434,Africa,-0.7451690337763156,1.796974628255232
5255,1979,United Rep. of Tanzania,0.6086100420656941,Africa,-0.7510071783587567,1.7948857570913614
5256,1980,United Rep. of Tanzania,0.5763895104269221,Africa,-0.7568395736209098,1.7927779234228036
5257,1981,United Rep. of Tanzania,0.565649333213998,Africa,-0.7626661579873368,1.7906511426903167
5258,1982,United Rep. of Tanzania,0.5155285062203526,Africa,-0.7684868699226468,1.7885054305345653
5259,1983,United Rep. of Tanzania,0.5119484471493779,Africa,-0.7743016479321665,1.786340802796011
5260,1984,United Rep. of Tanzania,0.5012082699364541,Africa,-0.7801104305625793,1.784157275514817
5261,1985,United Rep. of Tanzania,0.5047883290074285,Africa,-0.7859131564025644,1.7819548649307484
5262,1986,United Rep. of Tanzania,0.5012082699364541,Africa,-0.7917097640834667,1.779733587483057
5263,1987,United Rep. of Tanzania,0.47256779736865656,Africa,-0.7975001922799198,1.7774934598103875
5264,1988,United Rep. of Tanzania,0.4654076792267073,Africa,-0.8032843797105186,1.775234498750656
5265,1989,United Rep. of Tanzania,0.45108744294280856,Africa,-0.8090622651384417,1.772956721340949
5266,1990,United Rep. of Tanzania,0.44034726572988453,Africa,-0.8148337873721202,1.7706601448174013
5267,1991,United Rep. of Tanzania,0.42602702944598586,Africa,-0.8205988852658754,1.768344786615085
5268,1992,United Rep. of Tanzania,0.42244697037501117,Africa,-0.8263574977205558,1.7660106643678957
5269,1993,United Rep. of Tanzania,0.42960708851696056,Africa,-0.8321095636842054,1.763657795908423
5270,1994,United Rep. of Tanzania,0.44750738387183386,Africa,-0.8378550221526846,1.76128619926784
5271,1995,United Rep. of Tanzania,0.6050299829947194,Africa,-0.8435938121703409,1.7588958926757676
5272,1996,United Rep. of Tanzania,0.6551508099883647,Africa,-0.8493258728306294,1.7564868945601626
5273,1997,United Rep. of Tanzania,0.5978698648527702,Africa,-0.8550511432767827,1.754059223547174
5274,1998,United Rep. of Tanzania,0.5191085652913273,Africa,-0.8607695627024308,1.7516128984610269
5275,1999,United Rep. of Tanzania,0.45466750201378325,Africa,-0.8664810703522672,1.7491479383238806
5276,2000,United Rep. of Tanzania,0.5191085652913273,Africa,-0.8721856055226841,1.7466643623556972
5277,2001,United Rep. of Tanzania,0.5155285062203526,Africa,-0.877883107562406,1.7441621899741102
5278,2002,United Rep. of Tanzania,0.5477490378591247,Africa,-0.8835735158731558,1.7416414407942755
5279,2003,United Rep. of Tanzania,0.533428801575226,Africa,-0.8892567699102725,1.7391021346287427
5280,2004,United Rep. of Tanzania,0.7052716369820102,Africa,-0.894932809183379,1.736544291487301
5281,2005,United Rep. of Tanzania,0.7446522867627315,Africa,-0.9006015732569992,1.733967931576845
5282,2006,United Rep. of Tanzania,0.7804528774724783,Africa,-0.9062630017512254,1.7313730753012173
5283,2007,United Rep. of Tanzania,0.6694710462722635,Africa,-0.9119170343423343,1.7287597432610704
5284,2008,United Rep. of Tanzania,0.6336704555625168,Africa,-0.9175636107634509,1.7261279562537064
5285,2009,United Rep. of Tanzania,0.5728094513559474,Africa,-0.923202670805179,1.7234777352729262
5286,2010,United Rep. of Tanzania,0.6479906918464153,Africa,-0.9288341543162332,1.720809101508881
5287,2011,United Rep. of Tanzania,0.7553924639756555,Africa,-0.9344580012040997,1.718122076347903
5288,2012,United Rep. of Tanzania,0.8663742951758703,Africa,-0.9400741514356523,1.7154166813723597
5289,2013,United Rep. of Tanzania,0.8985948268146425,Africa,-0.945682545037815,1.7126929383604774
5290,2014,United Rep. of Tanzania,0.8090933500402757,Africa,-0.9512831220981773,1.709950869286193
5291,2015,United Rep. of Tanzania,0.8950147677436677,Africa,-0.9568758227656529,1.7071904963189748
5292,2016,United Rep. of Tanzania,0.8627942361048957,Africa,-0.962460587251109,1.7044118418236616
5293,2017,United Rep. of Tanzania,0.8090933500402757,Africa,-0.9680373558279951,1.7016149283602964
5294,2018,United Rep. of Tanzania,0.7911930546854024,Africa,-0.9736060688329998,1.698799778683943
5295,2019,United Rep. of Tanzania,0.8198335272531997,Africa,-0.9791666666666646,1.695966415744527
5296,2020,United Rep. of Tanzania,0.7589725230466303,Africa,-0.9847190897940435,1.6931148626866432
5297,2021,United Rep. of Tanzania,0.8484739998209969,Africa,-0.9902632787453138,1.6902451428493948
5298,2022,United Rep. of Tanzania,0.8842745905307438,Africa,-0.9957991741164367,1.6873572797661953
5299,2023,United Rep. of Tanzania,0.0,Africa,-1.0013267165697661,1.6844512971646044
5300,1971,Togo,0.6014499239237447,Africa,-1.006845846834706,1.681527218966128
5301,1972,Togo,0.5835496285688714,Africa,-1.0123565057083324,1.6785850692860382
5302,1973,Togo,0.47614785643963126,Africa,-1.0178586340560194,1.675624872433191
5303,1974,Togo,0.40812673409111255,Africa,-1.0233521728120927,1.672646652909822
5304,1975,Togo,0.4618276201557326,Africa,-1.0288370629804362,1.6696504354113686
5305,1976,Togo,0.40096661594916316,Africa,-1.0343132456351494,1.6666362448262608
5306,1977,Togo,0.47614785643963126,Africa,-1.039780661921153,1.6636041062357394
5307,1978,Togo,0.42960708851696056,Africa,-1.045239253054844,1.6605540449136418
5308,1979,Togo,0.54416897878815,Africa,-1.0506889603247014,1.6574860863262166
5309,1980,Togo,0.4940481517945047,Africa,-1.0561297250919366,1.6544002561319064
5310,1981,Togo,0.5083683880784032,Africa,-1.0615614887911133,1.6512965801811506
5311,1982,Togo,0.6300903964915421,Africa,-1.0669841929307669,1.6481750845161813
5312,1983,Togo,0.45824756108475795,Africa,-1.0723977790940524,1.6450357953708032
5313,1984,Togo,0.4940481517945047,Africa,-1.077802188939349,1.641878739170197
5314,1985,Togo,0.4152868522330619,Africa,-1.083197364200908,1.6387039425306895
5315,1986,Togo,0.6515707509173901,Africa,-1.088583246689458,1.6355114322595563
5316,1987,Togo,0.7267519914078582,Africa,-1.0939597782928485,1.6323012353547883
5317,1988,Togo,0.6372505146334915,Africa,-1.0993269009766664,1.6290733790048804
5318,1989,Togo,0.6193502192786181,Africa,-1.104684556784852,1.6258278905886137
5319,1990,Togo,0.6551508099883647,Africa,-1.1100326878403415,1.6225647976748205
5320,1991,Togo,0.6014499239237447,Africa,-1.115371236345668,1.619284128022174
5321,1992,Togo,0.44392732480085917,Africa,-1.1207001445836062,1.6159859095789435
5322,1993,Togo,0.35800590709746716,Africa,-1.1260193549177706,1.6126701704827828
5323,1994,Togo,0.7339121095498075,Africa,-1.1313288097932601,1.6093369390604808
5324,1995,Togo,0.6014499239237447,Africa,-1.1366284517372538,1.6059862438277455
5325,1996,Togo,1.0238968942987559,Africa,-1.1419182233596525,1.602618113488953
5326,1997,Togo,0.6909514006981116,Africa,-1.1471980673536881,1.5992325769369162
5327,1998,Togo,0.8806945314597691,Africa,-1.1524679264965332,1.5958296632526519
5328,1999,Togo,1.1348787254989707,Africa,-1.1577277436499385,1.592409401705124
5329,2000,Togo,0.9952564217309587,Africa,-1.1629774617608275,1.5889718217510158
5330,2001,Togo,0.8126734091112503,Africa,-1.168217023861935,1.585516953034469
5331,2002,Togo,0.8556341179629463,Africa,-1.173446373072399,1.5820448253868513
5332,2003,Togo,1.0274769533697306,Africa,-1.1786654525984002,1.57855546882649
5333,2004,Togo,0.9773561263760853,Africa,-1.1838742057337515,1.5750489135584371
5334,2005,Togo,0.9594558310212119,Africa,-1.1890725758605318,1.5715251899742018
5335,2006,Togo,0.8627942361048957,Africa,-1.1942605064496903,1.5679843286514985
5336,2007,Togo,0.8627942361048957,Africa,-1.1994379410616491,1.5644263603539974
5337,2008,Togo,1.009576658014857,Africa,-1.2046048233469355,1.560851316031049
5338,2009,Togo,1.9905128434619175,Africa,-1.2097610970467683,1.5572592268174394
5339,2010,Togo,1.7148482949968673,Africa,-1.2149067059936902,1.5536501240331084
5340,2011,Togo,1.4749843372415645,Africa,-1.2200415941121556,1.5500240391829019
5341,2012,Togo,1.2172200841313883,Africa,-1.2251657054191563,1.5463810039562884
5342,2013,Togo,0.9057549449565917,Africa,-1.2302789840248216,1.5427210502270952
5343,2014,Togo,0.7553924639756555,Africa,-1.235381374133016,1.5390442100532444
5344,2015,Togo,0.6300903964915421,Africa,-1.2404728200419648,1.5353505156764617
5345,2016,Togo,0.8914347086726931,Africa,-1.2455532661448367,1.5316399995220198
5346,2017,Togo,0.6157701602076434,Africa,-1.2506226569303698,1.5279126941984418
5347,2018,Togo,0.7947731137563769,Africa,-1.255680936983453,1.5241686324972394
5348,2019,Togo,0.7410722276917568,Africa,-1.2607280509857504,1.5204078473926133
5349,2020,Togo,0.9057549449565917,Africa,-1.2657639437162813,1.516630372041187
5350,2021,Togo,0.8878546496017183,Africa,-1.270788560052041,1.5128362397817057
5351,2022,Togo,0.8627942361048957,Africa,-1.2758018449685902,1.5090254841347552
5352,2023,Togo,0.0,Africa,-1.280803743540649,1.5051981388024782
5353,1971,Tunisia,2.011993197887765,Africa,-1.285794200942712,1.5013542376682676
5354,1972,Tunisia,1.9010113666875506,Africa,-1.290773162449625,1.4974938147964905
5355,1973,Tunisia,1.9547122527521705,Africa,-1.2957405734372043,1.493616904432174
5356,1974,Tunisia,2.044213729526537,Africa,-1.3006963793828086,1.489723541000727
5357,1975,Tunisia,1.9332318983263224,Africa,-1.3056405258659574,1.4858137591076206
5358,1976,Tunisia,1.9010113666875506,Africa,-1.3105729585689023,1.4818875935381062
5359,1977,Tunisia,2.054953906739461,Africa,-1.3154936232772398,1.4779450792568953
5360,1978,Tunisia,2.1050747337331064,Africa,-1.320402465880495,1.4739862514078612
5361,1979,Tunisia,2.309138100778663,Africa,-1.3252994323727048,1.470011145313738
5362,1980,Tunisia,2.327038396133536,Africa,-1.3301844688530282,1.4660197964757964
5363,1981,Tunisia,2.2661773919269668,Africa,-1.3350575215263123,1.4620122405735483
5364,1982,Tunisia,2.219636624004296,Africa,-1.3399185367037043,1.4579885134644177
5365,1983,Tunisia,2.4380202273337512,Africa,-1.3447674608032172,1.4539486511834427
5366,1984,Tunisia,2.377159223127182,Africa,-1.349604240350334,1.4498926899429418
5367,1985,Tunisia,2.309138100778663,Africa,-1.3544288219785885,1.445820666132203
5368,1986,Tunisia,2.4093797547659537,Africa,-1.3592411524301384,1.4417326163171686
5369,1987,Tunisia,2.2697574509979415,Africa,-1.3640411785563709,1.4376285772400963
5370,1988,Tunisia,2.4559205226886247,Africa,-1.368828847318463,1.4335085858192531
5371,1989,Tunisia,2.584802649243713,Africa,-1.373604105787985,1.4293726791485704
5372,1990,Tunisia,2.5239416450371426,Africa,-1.378366901147461,1.425220894497332
5373,1991,Tunisia,2.4881410543273965,Africa,-1.3831171806909681,1.421053269309827
5374,1992,Tunisia,2.441600286404726,Africa,-1.387854891824697,1.4168698412050353
5375,1993,Tunisia,2.459500581759599,Africa,-1.392579982067547,1.412670647976276
5376,1994,Tunisia,2.387899400340106,Africa,-1.3972923990516954,1.4084557275908778
5377,1995,Tunisia,2.366419045914258,Africa,-1.401992090523166,1.4042251181898493
5378,1996,Tunisia,2.330618455204511,Africa,-1.4066790043424224,1.3999788580875216
5379,1997,Tunisia,2.3019779826367133,Africa,-1.4113530884849217,1.3957169857712246
5380,1998,Tunisia,2.2912378054237896,Africa,-1.416014291041707,1.391439539900924
5381,1999,Tunisia,2.2661773919269668,Africa,-1.4206625602199603,1.3871465593088954
5382,2000,Tunisia,2.2697574509979415,Africa,-1.4252978443435906,1.382838082999359
5383,2001,Tunisia,2.2948178644947643,Africa,-1.4299200918537964,1.3785141501481373
5384,2002,Tunisia,2.2661773919269668,Africa,-1.4345292513096277,1.3741748001023106
5385,2003,Tunisia,2.1444553835138276,Africa,-1.4391252713885698,1.369820072379847
5386,2004,Tunisia,2.0943345565201823,Africa,-1.443708100887093,1.3654500066692665
5387,2005,Tunisia,2.0692741430233594,Africa,-1.4482776887212345,1.3610646428292636
5388,2006,Tunisia,2.0370536113845876,Africa,-1.4528339839271467,1.3566640208883682
5389,2007,Tunisia,1.9869327843909426,Africa,-1.4573769356616786,1.352248181044566
5390,2008,Tunisia,1.9117515439004746,Africa,-1.4619064932029193,1.3478171636649532
5391,2009,Tunisia,1.8616307169068291,Africa,-1.4664226059507766,1.3433710092853566
5392,2010,Tunisia,1.9833527253199679,Africa,-1.4709252234275296,1.3389097586099734
5393,2011,Tunisia,1.9332318983263224,Africa,-1.475414295278382,1.3344334525110104
5394,2012,Tunisia,1.9582923118231452,Africa,-1.479889771272035,1.3299421320282965
5395,2013,Tunisia,1.9260717801843732,Africa,-1.484351601301227,1.3254358383689306
5396,2014,Tunisia,1.9761926071780187,Africa,-1.488799735383308,1.3209146129068874
5397,2015,Tunisia,2.0012530206748416,Africa,-1.4932341236607753,1.316378497182662
5398,2016,Tunisia,1.9511321936811958,Africa,-1.497654716401846,1.311827532902871
5399,2017,Tunisia,1.9797726662489934,Africa,-1.5020614640009913,1.3072617619398954
5400,2018,Tunisia,1.9296518392553477,Africa,-1.5064543169795033,1.3026812263314789
5401,2019,Tunisia,1.9081714848294997,Africa,-1.5108332259860386,1.298085968280355
5402,2020,Tunisia,2.0012530206748416,Africa,-1.5151981417971616,1.293476030153867
5403,2021,Tunisia,2.0406336704555623,Africa,-1.5195490153179068,1.2888514544835665
5404,2022,Tunisia,1.9511321936811958,Africa,-1.5238857975823084,1.284212283964842
5405,2023,Tunisia,1.8329902443390318,Africa,-1.528208439753964,1.2795585614565095
5406,1971,Uganda,0.5513290969300993,Africa,-1.5325168931265596,1.2748903299804415
5407,1972,Uganda,0.5513290969300993,Africa,-1.5368111091244308,1.2702076327211538
5408,1973,Uganda,0.5047883290074285,Africa,-1.5410910393030965,1.2655105130254174
5409,1974,Uganda,0.5298487425042513,Africa,-1.5453566353497932,1.260799014401869
5410,1975,Uganda,0.5047883290074285,Africa,-1.5496078490840306,1.2560731805205936
5411,1976,Uganda,0.6551508099883647,Africa,-1.5538446324581128,1.2513330552127435
5412,1977,Uganda,0.6014499239237447,Africa,-1.5580669375576919,1.2465786824701144
5413,1978,Uganda,0.49762821086547937,Africa,-1.5622747166022874,1.241810106444762
5414,1979,Uganda,0.5871296876398461,Africa,-1.566467921945838,1.2370273714485738
5415,1980,Uganda,0.5692293922849727,Africa,-1.5706465060772177,1.2322305219528824
5416,1981,Uganda,0.44034726572988453,Africa,-1.5748104216207834,1.2274196025880357
5417,1982,Uganda,0.37232614338136577,Africa,-1.5789596213369006,1.2225946581429938
5418,1983,Uganda,0.3436856708135684,Africa,-1.5830940581224633,1.2177557335649236
5419,1984,Uganda,0.37232614338136577,Africa,-1.5872136850114427,1.2129028739587637
5420,1985,Uganda,0.40096661594916316,Africa,-1.5913184551753925,1.2080361245868287
5421,1986,Uganda,0.44034726572988453,Africa,-1.595408321923995,1.2031555308683695
5422,1987,Uganda,0.47614785643963126,Africa,-1.5994832387055673,1.1982611383791726
5423,1988,Uganda,0.47614785643963126,Africa,-1.6035431591076028,1.1933529928511177
5424,1989,Uganda,0.4152868522330619,Africa,-1.607588036857276,1.1884311401717742
5425,1990,Uganda,0.4618276201557326,Africa,-1.6116178258219775,1.1834956263839558
5426,1991,Uganda,0.4618276201557326,Africa,-1.6156324800098285,1.1785464976853008
5427,1992,Uganda,0.44034726572988453,Africa,-1.6196319535701917,1.1735838004278536
5428,1993,Uganda,0.4117067931620872,Africa,-1.623616200794204,1.1686075811176095
5429,1994,Uganda,0.3436856708135684,Africa,-1.6275851761152744,1.163617886414108
5430,1995,Uganda,0.40812673409111255,Africa,-1.631538834109615,1.158614763129973
5431,1996,Uganda,0.40096661594916316,Africa,-1.6354771294967392,1.1535982582305013
5432,1997,Uganda,0.40096661594916316,Africa,-1.6394000171399854,1.1485684188332033
5433,1998,Uganda,0.43318714758793514,Africa,-1.6433074520470226,1.143525292207371
5434,1999,Uganda,0.40812673409111255,Africa,-1.6471993893703525,1.1384689257736467
5435,2000,Uganda,0.3938064978072138,Africa,-1.6510757844078334,1.1333993671035596
5436,2001,Uganda,0.3615859661684418,Africa,-1.6549365926031672,1.128316663919102
5437,2002,Uganda,0.3830663205942898,Africa,-1.658781769546422,1.1232208640922619
5438,2003,Uganda,0.3830663205942898,Africa,-1.6626112709745209,1.1181120156445958
5439,2004,Uganda,0.37590620245234047,Africa,-1.6664250527717583,1.112990166746758
5440,2005,Uganda,0.42960708851696056,Africa,-1.6702230709702852,1.1078553657180696
5441,2006,Uganda,0.4833079745815806,Africa,-1.6740052817506226,1.1027076610260458
5442,2007,Uganda,0.54416897878815,Africa,-1.6777716414421546,1.0975471012859503
5443,2008,Uganda,0.5262686834332766,Africa,-1.6815221065236179,1.0923737352603469
5444,2009,Uganda,0.5477490378591247,Africa,-1.6852566336236108,1.0871876118586195
5445,2010,Uganda,0.49046809272353,Africa,-1.6889751795210723,1.0819887801365375
5446,2011,Uganda,0.5083683880784032,Africa,-1.6926777011457907,1.0767772892957697
5447,2012,Uganda,0.49762821086547937,Africa,-1.6963641555788767,1.0715531886834442
5448,2013,Uganda,0.47972791551060595,Africa,-1.7000345000532693,1.0663165277916593
5449,2014,Uganda,0.5047883290074285,Africa,-1.703688691954211,1.0610673562570432
5450,2015,Uganda,0.54416897878815,Africa,-1.7073266888197454,1.0558057238602618
5451,2016,Uganda,0.5692293922849727,Africa,-1.710948448341197,1.0505316805255591
5452,2017,Uganda,0.5584892150720487,Africa,-1.7145539283636502,1.0452452763202955
5453,2018,Uganda,0.5907097467108208,Africa,-1.7181430868864453,1.039946561454452
5454,2019,Uganda,0.5513290969300993,Africa,-1.721715882063643,1.0346355862801802
5455,2020,Uganda,0.5405889197171753,Africa,-1.725272272204519,1.0293124012913024
5456,2021,Uganda,0.5728094513559474,Africa,-1.728812215774029,1.0239770571228566
5457,2022,Uganda,0.5298487425042513,Africa,-1.7323356713932971,1.0186296045505976
5458,2023,Uganda,0.0,Africa,-1.7358425978400842,1.013270094490522
5459,1971,Zambia,2.0513738476684864,Africa,-1.7393329540492573,1.0078985779983967
5460,1972,Zambia,2.108654792804081,Africa,-1.7428066991132756,1.0025151062692532
5461,1973,Zambia,2.327038396133536,Africa,-1.7462637922826438,0.9971197306369249
5462,1974,Zambia,2.187416092365524,Africa,-1.7497041929663977,0.9917125025735355
5463,1975,Zambia,2.341358632417435,Africa,-1.7531278607325569,0.9862934736890346
5464,1976,Zambia,2.198156269578448,Africa,-1.7565347553086055,0.9808626957306824
5465,1977,Zambia,2.0298934932426382,Africa,-1.7599248365819422,0.9754202205825816
5466,1978,Zambia,1.9260717801843732,Africa,-1.7632980646003547,0.9699661002651621
5467,1979,Zambia,1.7757092992034367,Africa,-1.7666543995724788,0.9645003869346948
5468,1980,Zambia,1.729168531280766,Africa,-1.7699938018682508,0.9590231328828047
5469,1981,Zambia,1.4642441600286404,Africa,-1.7733162320193783,0.9535343905359492
5470,1982,Zambia,1.4463438646737672,Africa,-1.7766216507197845,0.9480342124549442
5471,1983,Zambia,1.403383155822071,Africa,-1.7799100188260766,0.9425226513344368
5472,1984,Zambia,1.4356036874608433,Africa,-1.7831812973579866,0.9369997600024268
5473,1985,Zambia,1.396223037680122,Africa,-1.786435447498835,0.9314655914197376
5474,1986,Zambia,1.4177033921059699,Africa,-1.7896724305959721,0.9259201986795355
5475,1987,Zambia,1.360422446970375,Africa,-1.792892208161236,0.9203636350067987
5476,1988,Zambia,1.3890629195381723,Africa,-1.7960947418713946,0.9147959537578183
5477,1989,Zambia,1.4821444553835137,Africa,-1.799279993568589,0.9092172084196968
5478,1990,Zambia,1.2279602613443124,Africa,-1.802447925260789,0.9036274526098135
5479,1991,Zambia,1.317461738118679,Africa,-1.8055984991222207,0.8980267400753362
5480,1992,Zambia,1.281661147408932,Africa,-1.8087316774938231,0.8924151246926804
5481,1993,Zambia,1.1241385482860469,Africa,-1.8118474228836743,0.8867926604670181
5482,1994,Zambia,1.109818312002148,Africa,-1.8149456979674414,0.8811594015317372
5483,1995,Zambia,1.0632775440794773,Africa,-1.8180264655888094,0.8755154021479309
5484,1996,Zambia,0.8090933500402757,Africa,-1.8210896887599153,0.8698607167038865
5485,1997,Zambia,1.0238968942987559,Africa,-1.8241353306617898,0.8641953997145406
5486,1998,Zambia,0.98093618544706,Africa,-1.8271633546447765,0.8585195058209792
5487,1999,Zambia,0.7589725230466303,Africa,-1.8301737242289755,0.8528330897898874
5488,2000,Zambia,0.7339121095498075,Africa,-1.8331664031046586,0.8471362065130483
5489,2001,Zambia,0.7374921686207823,Africa,-1.8361413551327088,0.8414289110067881
5490,2002,Zambia,0.7374921686207823,Africa,-1.8390985443450327,0.8357112584114712
5491,2003,Zambia,0.7339121095498075,Africa,-1.8420379349449936,0.8299833039909473
5492,2004,Zambia,0.6873713416271368,Africa,-1.8449594913078329,0.8242451031320283
5493,2005,Zambia,0.698111518840061,Africa,-1.84786317798108,0.8184967113439625
5494,2006,Zambia,0.5978698648527702,Africa,-1.8507489596849844,0.8127381842578765
5495,2007,Zambia,0.49046809272353,Africa,-1.8536168013129217,0.8069695776262648
5496,2008,Zambia,0.5763895104269221,Africa,-1.8564666679318185,0.8011909473224245
5497,2009,Zambia,0.565649333213998,Africa,-1.8592985247825535,0.7954023493399413
5498,2010,Zambia,0.54416897878815,Africa,-1.8621123372803834,0.7896038397921217
5499,2011,Zambia,0.565649333213998,Africa,-1.86490807101534,0.7837954749114773
5500,2012,Zambia,0.6444106327754408,Africa,-1.8676856917526496,0.7779773110491571
5501,2013,Zambia,0.6623109281303141,Africa,-1.8704451654331329,0.7721494046744107
5502,2014,Zambia,0.7589725230466303,Africa,-1.873186458173609,0.7663118123740533
5503,2015,Zambia,0.7947731137563769,Africa,-1.8759095362673075,0.7604645908518922
5504,2016,Zambia,0.8126734091112503,Africa,-1.8786143661842578,0.7546077969282045
5505,2017,Zambia,1.041797189653629,Africa,-1.8813009145717,0.748741487539159
5506,2018,Zambia,1.131298666427996,Africa,-1.8839691482544751,0.7428657197362909
5507,2019,Zambia,1.1133983710731226,Africa,-1.8866190342354283,0.736980550685924
5508,2020,Zambia,1.1993197887765148,Africa,-1.8892505396957984,0.7310860376686256
5509,2021,Zambia,1.1384587845699454,Africa,-1.8918636319956108,0.7251822380786599
5510,2022,Zambia,1.2351203794862613,Africa,-1.8944582786740756,0.7192692094234072
5511,2023,Zambia,0.0,Africa,-1.8970344474499663,0.7133470093228306
5512,1971,Zimbabwe,2.7781258390763446,Africa,-1.8995921062220178,0.7074156955088888
5513,1972,Zimbabwe,2.430860109191802,Africa,-1.9021312230693046,0.701475325825002
5514,1973,Zimbabwe,2.760225543721471,Africa,-1.9046517662516331,0.6955259582254604
5515,1974,Zimbabwe,2.4774008771144724,Africa,-1.907153704209914,0.689567650774887
5516,1975,Zimbabwe,2.362838986843283,Africa,-1.9096370055665524,0.6836004616476483
5517,1976,Zimbabwe,2.620603239953459,Africa,-1.9121016391258234,0.6776244491272978
5518,1977,Zimbabwe,2.4380202273337512,Africa,-1.9145475738742455,0.6716396716060165
5519,1978,Zimbabwe,2.5597422357468895,Africa,-1.9169747789809626,0.6656461875840197
5520,1979,Zimbabwe,2.4630806408305737,Africa,-1.9193832237981117,0.6596440556690143
5521,1980,Zimbabwe,2.4451803454757,Africa,-1.9217728778612015,0.6536333345755975
5522,1981,Zimbabwe,2.1659357379396758,Africa,-1.9241437108894734,0.6476140831247115
5523,1982,Zimbabwe,2.0621140248814105,Africa,-1.9264956927862786,0.6415863602430442
5524,1983,Zimbabwe,2.0943345565201823,Africa,-1.9288287936394413,0.6355502249624636
5525,1984,Zimbabwe,2.212476505862347,Africa,-1.9311429837216196,0.6295057364194511
5526,1985,Zimbabwe,2.4236999910498525,Africa,-1.9334382334906755,0.6234529538544972
5527,1986,Zimbabwe,2.66714400787613,Africa,-1.935714513590028,0.6173919366115509
5528,1987,Zimbabwe,3.472657298845431,Africa,-1.9379717948490223,0.6113227441374101
5529,1988,Zimbabwe,3.1432918643157617,Africa,-1.9402100482832754,0.6052454359811662
5530,1989,Zimbabwe,3.071690682896268,Africa,-1.942429245095042,0.599160071793594
5531,1990,Zimbabwe,3.236373400161103,Africa,-1.9446293566735617,0.5930667113265939
5532,1991,Zimbabwe,3.3867358811420383,Africa,-1.9468103545954152,0.5869654144325817
5533,1992,Zimbabwe,3.7554819654524296,Africa,-1.948972210624872,0.5808562410639106
5534,1993,Zimbabwe,3.4225364718517852,Africa,-1.9511148967142373,0.5747392512722954
5535,1994,Zimbabwe,2.917748142844357,Africa,-1.9532383850042043,0.5686145052081963
5536,1995,Zimbabwe,2.831826725140965,Africa,-1.9553426478241898,0.5624820631202567
5537,1996,Zimbabwe,2.4559205226886247,Africa,-1.957427657692686,0.5563419853546826
5538,1997,Zimbabwe,2.2160565649333215,Africa,-1.959493387317594,0.5501943323546786
5539,1998,Zimbabwe,2.1945762105074733,Africa,-1.9615398095965701,0.5440391646598239
5540,1999,Zimbabwe,2.5096214087532442,Africa,-1.963566897617354,0.5378765429055052
5541,2000,Zimbabwe,2.237536919359169,Africa,-1.9655746246581125,0.5317065278222955
5542,2001,Zimbabwe,2.2554372147140427,Africa,-1.9675629641877699,0.5255291802353667
5543,2002,Zimbabwe,2.2303768012172203,Africa,-1.969531889866335,0.5193445610639004
5544,2003,Zimbabwe,2.1945762105074733,Africa,-1.971481375545238,0.513152731320463
5545,2004,Zimbabwe,2.2303768012172203,Africa,-1.9734113952676529,0.5069537521104335
5546,2005,Zimbabwe,2.599122885527611,Africa,-1.9753219232688284,0.5007476846313715
5547,2006,Zimbabwe,2.5096214087532442,Africa,-1.9772129339764046,0.49453459017244217
5548,2007,Zimbabwe,2.620603239953459,Africa,-1.9790844020107412,0.4883145301137861
5549,2008,Zimbabwe,2.466660699901548,Africa,-1.9809363021852389,0.48208756592592544
5550,2009,Zimbabwe,2.219636624004296,Africa,-1.9827686095066488,0.4758537591691655
5551,2010,Zimbabwe,2.330618455204511,Africa,-1.9845812991753984,0.4696131714929627
5552,2011,Zimbabwe,3.311554640651571,Africa,-1.9863743465858996,0.46336586463534396
5553,2012,Zimbabwe,2.2232166830752704,Africa,-1.988147727326867,0.4571119004222672
5554,2013,Zimbabwe,2.187416092365524,Africa,-1.9899014171816212,0.4508513407670383
5555,2014,Zimbabwe,2.0943345565201823,Africa,-1.9916353921284038,0.4445842476696706
5556,2015,Zimbabwe,2.0728542020943346,Africa,-1.9933496283406806,0.4383106832162991
5557,2016,Zimbabwe,1.8365703034100065,Africa,-1.9950441021874497,0.43203070957854145
5558,2017,Zimbabwe,1.6325069363644502,Africa,-1.9967187902335402,0.42574438901289186
5559,2018,Zimbabwe,1.7578090038485636,Africa,-1.9983736692399148,0.4194517838601157
5560,2019,Zimbabwe,1.7220084131388167,Africa,-2.000008716163972,0.41315295654460654
5561,2020,Zimbabwe,1.5036248098093619,Africa,-2.0016239081598366,0.4068479695737952
5562,2021,Zimbabwe,1.5537456368030074,Africa,-2.0032192225786614,0.40053688553750155
5563,2022,Zimbabwe,1.636086995435425,Africa,-2.0047946369689154,0.39421976710734213
5564,2023,Zimbabwe,0.0,Africa,-2.0063501290766794,0.3878966770360792
5565,1971,Other Africa,0.7088516960529849,Africa,-2.0078856768459294,0.3815676781570262
5566,1972,Other Africa,0.6909514006981116,Africa,-2.0094012584188303,0.37523283338339863
5567,1973,Other Africa,0.7160118141949343,Africa,-2.0108968521360184,0.3688922057077
5568,1974,Other Africa,0.7410722276917568,Africa,-2.012372436536882,0.36254585820110563
5569,1975,Other Africa,0.7518124049046809,Africa,-2.0138279903598457,0.35619385401281106
5570,1976,Other Africa,0.7374921686207823,Africa,-2.0152634925426502,0.34983625636943233
5571,1977,Other Africa,0.7446522867627315,Africa,-2.0166789222226305,0.3434731285743484
5572,1978,Other Africa,0.7374921686207823,Africa,-2.018074258736985,0.33710453400709917
5573,1979,Other Africa,0.8305737044661238,Africa,-2.0194494816230564,0.3307305361227295
5574,1980,Other Africa,0.8234135863241744,Africa,-2.0208045706186013,0.3243511984511685
5575,1981,Other Africa,0.7804528774724783,Africa,-2.0221395056620555,0.3179665845966064
5576,1982,Other Africa,0.7088516960529849,Africa,-2.0234542668928057,0.3115767582368357
5577,1983,Other Africa,0.7518124049046809,Africa,-2.024748834651453,0.3051817831226453
5578,1984,Other Africa,0.7195918732659089,Africa,-2.0260231894800795,0.29878172307715556
5579,1985,Other Africa,0.7088516960529849,Africa,-2.0272773121225027,0.2923766419952102
5580,1986,Other Africa,0.6766311644142129,Africa,-2.0285111835245417,0.28596660384270983
5581,1987,Other Africa,0.9415555356663385,Africa,-2.0297247848342725,0.2795516726560023
5582,1988,Other Africa,0.9129150630985411,Africa,-2.030918097402282,0.27313191254121755
5583,1989,Other Africa,0.9164951221695159,Africa,-2.032091102781922,0.26670738767363805
5584,1990,Other Africa,0.8377338226080732,Africa,-2.0332437827295613,0.26027816229706824
5585,1991,Other Africa,0.9451355947373131,Africa,-2.0343761192048353,0.2538443007231672
5586,1992,Other Africa,0.9952564217309587,Africa,-2.0354880943708897,0.2474058673308336
5587,1993,Other Africa,0.9916763626599839,Africa,-2.0365796905946305,0.2409629265655334
5588,1994,Other Africa,1.009576658014857,Africa,-2.037650890446964,0.2345155429386836
5589,1995,Other Africa,1.009576658014857,Africa,-2.0387016767030404,0.22806378102697747
5590,1996,Other Africa,1.0274769533697306,Africa,-2.039732032342488,0.22160770547176656
5591,1997,Other Africa,1.0346370715116797,Africa,-2.0407419405496574,0.21514738097838818
5592,1998,Other Africa,1.0632775440794773,Africa,-2.041731384713851,0.20868287231552754
5593,1999,Other Africa,1.0596974850085026,Africa,-2.0427003484295567,0.2022142443145794
5594,2000,Other Africa,1.066857603150452,Africa,-2.0436488154966805,0.19574156186897262
5595,2001,Other Africa,1.0704376622214267,Africa,-2.0445767699207744,0.1892648899335484
5596,2002,Other Africa,1.066857603150452,Africa,-2.045484195913264,0.1827842935238791
5597,2003,Other Africa,1.0632775440794773,Africa,-2.0463710778916697,0.17629983771564492
5598,2004,Other Africa,1.0203168352277812,Africa,-2.0472374004798346,0.16981158764395507
5599,2005,Other Africa,0.9988364808019333,Africa,-2.0480831485081423,0.16331960850270452
5600,2006,Other Africa,0.9952564217309587,Africa,-2.0489083070137326,0.15682396554392955
5601,2007,Other Africa,1.0167367761568065,Africa,-2.0497128612407236,0.1503247240771268
5602,2008,Other Africa,0.9988364808019333,Africa,-2.0504967966404215,0.1438219494686257
5603,2009,Other Africa,1.0059965989438826,Africa,-2.051260098871536,0.13731570714090188
5604,2010,Other Africa,1.0059965989438826,Africa,-2.052002753800386,0.13080606257194824
5605,2011,Other Africa,0.8520540588919717,Africa,-2.052724747501113,0.1242930812945867
5606,2012,Other Africa,0.8627942361048957,Africa,-2.0534260662558834,0.11777682889583789
5607,2013,Other Africa,0.8090933500402757,Africa,-2.054106696555094,0.1112573710162351
5608,2014,Other Africa,0.8126734091112503,Africa,-2.0547666250975727,0.10473477334917386
5609,2015,Other Africa,0.8592141770339211,Africa,-2.055405838790779,0.09820910164026117
5610,2016,Other Africa,0.8878546496017183,Africa,-2.0560243247510006,0.09168042168662721
5611,2017,Other Africa,0.9558757719502373,Africa,-2.0566220703035505,0.08514879933629102
5612,2018,Other Africa,0.9845162445180345,Africa,-2.0571990629829577,0.07861430048746729
5613,2019,Other Africa,1.009576658014857,Africa,-2.0577552905331613,0.07207699108793073
5614,2020,Other Africa,1.041797189653629,Africa,-2.058290740907699,0.06553693713432127
5615,2021,Other Africa,1.077597780363376,Africa,-2.058805402269891,0.058994204671507
5616,2022,Other Africa,1.0811778394343505,Africa,-2.0592992629930293,0.05244885979189167
5617,2023,Other Africa,0.0,Africa,-2.0597723116605584,0.04590096863475806
5618,1971,Africa,1.5000447507383872,Africa,-2.0602245370662553,0.03935059738561055
5619,1972,Africa,1.5465855186610578,Africa,-2.060655928214408,0.03279781227548058
5620,1973,Africa,1.6146066410095767,Africa,-2.0610664743199947,0.02624267958028625
5621,1974,Africa,1.6217667591515261,Africa,-2.0614561648088543,0.01968526562013272
5622,1975,Africa,1.7255884722097914,Africa,-2.0618249893178606,0.013125636758670498
5623,1976,Africa,1.750648885706614,Africa,-2.062172937695092,0.006563859402398199
5624,1977,Africa,1.7327485903517406,Africa,-2.0625,1.262917011620708e-15
5625,1978,Africa,1.6575673498612729,Africa,-2.0628061665035724,-0.00656587495830996
5626,1979,Africa,1.653987290790298,Africa,-2.0630914276884993,-0.013133698941499378
5627,1980,Africa,1.707688176854918,Africa,-2.063355774249334,-0.01970340537835
5628,1981,Africa,1.8616307169068291,Africa,-2.063599197092653,-0.026274927658168013
5629,1982,Africa,1.883111071332677,Africa,-2.0638216873372106,-0.032848199131428835
5630,1983,Africa,1.9224917211133985,Africa,-2.064023236314095,-0.039423153110482376
5631,1984,Africa,1.9439720755392464,Africa,-2.064203835566885,-0.04599972287020036
5632,1985,Africa,1.9296518392553477,Africa,-2.0643634768517938,-0.05257784164867905
5633,1986,Africa,1.9189116620424238,Africa,-2.064502152137821,-0.05915744264790598
5634,1987,Africa,2.0155732569587395,Africa,-2.0646198536069016,-0.06573845903442735
5635,1988,Africa,1.972612548107044,Africa,-2.0647165736540454,-0.07232082394005247
5636,1989,Africa,1.9582923118231452,Africa,-2.0647923048874812,-0.07890447046250385
5637,1990,Africa,1.940392016468272,Africa,-2.064847040128797,-0.08548933166612659
5638,1991,Africa,1.9224917211133985,Africa,-2.064880772413077,-0.0920753405825395
5639,1992,Africa,1.96187237089412,Africa,-2.064893494989038,-0.09866243021134555
5640,1993,Africa,1.9833527253199679,Africa,-2.0648852013191608,-0.10525053352078402
5641,1994,Africa,1.9368119573972973,Africa,-2.0648558850798238,-0.11183958344843846
5642,1995,Africa,1.9869327843909426,Africa,-2.06480554016143,-0.11842951290190817
5643,1996,Africa,1.9654524299650946,Africa,-2.064734160668536,-0.12502025475948045
5644,1997,Africa,2.0084131388167905,Africa,-2.064641740919972,-0.1316117418708398
5645,1998,Africa,1.9905128434619175,Africa,-2.0645282754489713,-0.13820390705772279
5646,1999,Africa,1.9475521346102211,Africa,-2.064393759003285,-0.14479668311463217
5647,2000,Africa,1.9081714848294997,Africa,-2.0642381865453014,-0.15139000280949239
5648,2001,Africa,1.9976729616038666,Africa,-2.064061553252163,-0.157983798884361
5649,2002,Africa,1.969032489036069,Africa,-2.0638638545158794,-0.16457800405610384
5650,2003,Africa,1.9582923118231452,Africa,-2.063645085943439,-0.17117255101707024
5651,2004,Africa,1.972612548107044,Africa,-2.063405243356917,-0.17776737243580593
5652,2005,Africa,1.9296518392553477,Africa,-2.063144322793586,-0.18436240095771103
5653,2006,Africa,1.8652107759778036,Africa,-2.062862320506016,-0.19095756920575735
5654,2007,Africa,1.8329902443390318,Africa,-2.062559232962182,-0.19755280978114717
5655,2008,Africa,1.8508905396939048,Africa,-2.0622350568455596,-0.20414805526403143
5656,2009,Africa,1.7792893582744116,Africa,-2.0618897890552303,-0.21074323821416954
5657,2010,Africa,1.772129240132462,Africa,-2.0615234267059686,-0.21733829117164463
5658,2011,Africa,1.754228944777589,Africa,-2.061135967128342,-0.2239331466575423
5659,2012,Africa,1.7578090038485636,Africa,-2.0607274078688036,-0.23052773717463024
5660,2013,Africa,1.7649691219905128,Africa,-2.060297746689776,-0.23712199520807464
5661,2014,Africa,1.772129240132462,Africa,-2.0598469815697444,-0.24371585322610173
5662,2015,Africa,1.7112682359258926,Africa,-2.059375110703336,-0.25030924368071883
5663,2016,Africa,1.7005280587129687,Africa,-2.0588821325014095,-0.256902099008377
5664,2017,Africa,1.6790477042871208,Africa,-2.058368045591131,-0.2634943516306888
5665,2018,Africa,1.6575673498612729,Africa,-2.0578328488160507,-0.27008593395510966
5666,2019,Africa,1.6325069363644502,Africa,-2.057276541236186,-0.2766767783756204
5667,2020,Africa,1.611026581938602,Africa,-2.05669912212809,-0.2832668172734457
5668,2021,Africa,1.6181867000805514,Africa,-2.056100590984924,-0.2898559830177187
5669,2022,Africa,1.5609057549449565,Africa,-2.055480947516527,-0.2964442079662039
5670,2023,Africa,0.0,Africa,-2.054840191649488,-0.30303142446596265
5671,1971,Bangladesh,0.26850443032310034,Asia,-2.0541783235272018,-0.30961756485407665
5672,1972,Bangladesh,0.31146513917479635,Asia,-2.0534953435099395,-0.31620256145831355
5673,1973,Bangladesh,0.35800590709746716,Asia,-2.0527912521749063,-0.322786346597848
5674,1974,Bangladesh,0.37232614338136577,Asia,-2.0520660503163,-0.32936885258394605
5675,1975,Bangladesh,0.44034726572988453,Asia,-2.0513197389453675,-0.33595001172064987
5676,1976,Bangladesh,0.44034726572988453,Asia,-2.050552319290457,-0.34252975630549937
5677,1977,Bangladesh,0.44034726572988453,Asia,-2.0497637927970747,-0.3491080186301994
5678,1978,Bangladesh,0.44392732480085917,Asia,-2.048954161127928,-0.35568473098134573
5679,1979,Bangladesh,0.4654076792267073,Asia,-2.0481234261629773,-0.36225982564109205
5680,1980,Bangladesh,0.533428801575226,Asia,-2.0472715899994767,-0.368833234887877
5681,1981,Bangladesh,0.49762821086547937,Asia,-2.046398654952024,-0.3754048909970919
5682,1982,Bangladesh,0.5262686834332766,Asia,-2.0455046235525924,-0.3819747262418038
5683,1983,Bangladesh,0.47256779736865656,Asia,-2.0445894985505744,-0.38854267289344224
5684,1984,Bangladesh,0.44392732480085917,Asia,-2.0436532829128176,-0.395108663222487
5685,1985,Bangladesh,0.5191085652913273,Asia,-2.0426959798236557,-0.40167262949919114
5686,1986,Bangladesh,0.5513290969300993,Asia,-2.0417175926849445,-0.4082345039942503
5687,1987,Bangladesh,0.5871296876398461,Asia,-2.0407181251160837,-0.4147942189795308
5688,1988,Bangladesh,0.5978698648527702,Asia,-2.0396975809540545,-0.42135170672873934
5689,1989,Bangladesh,0.6265103374205674,Asia,-2.038655964253436,-0.42790689951814714
5690,1990,Bangladesh,0.640830573704466,Asia,-2.037593279286428,-0.4344597296272782
5691,1991,Bangladesh,0.5871296876398461,Asia,-2.036509530542879,-0.4410101293395982
5692,1992,Bangladesh,0.6086100420656941,Asia,-2.035404722730296,-0.4475580309432392
5693,1993,Bangladesh,0.6193502192786181,Asia,-2.0342788607738647,-0.45410336673167
5694,1994,Bangladesh,0.640830573704466,Asia,-2.03313194981646,-0.46064606900442523
5695,1995,Bangladesh,0.7482323458337061,Asia,-2.0319639952186628,-0.4671860700677765
5696,1996,Bangladesh,0.7231719323368836,Asia,-2.0307750025587623,-0.473723302235461
5697,1997,Bangladesh,0.7768728184015037,Asia,-2.0295649776327687,-0.48025769782935296
5698,1998,Bangladesh,0.7482323458337061,Asia,-2.028333926454413,-0.4867891891801895
5699,1999,Bangladesh,0.7410722276917568,Asia,-2.027081855255153,-0.4933177086282601
5700,2000,Bangladesh,0.7160118141949343,Asia,-2.0258087704841725,-0.49984318852409604
5701,2001,Bangladesh,0.8413138816790476,Asia,-2.0245146788083765,-0.5063655612291966
5702,2002,Bangladesh,0.8663742951758703,Asia,-2.023199587112391,-0.5128847591167011
5703,2003,Bangladesh,0.8735344133178197,Asia,-2.021863502498554,-0.5194007145721181
5704,2004,Bangladesh,0.8842745905307438,Asia,-2.020506432286906,-0.5259133599939979
5705,2005,Bangladesh,0.8914347086726931,Asia,-2.0191283840151795,-0.5324226277946618
5706,2006,Bangladesh,0.9200751812404905,Asia,-2.017729365438788,-0.5389284504008753
5707,2007,Bangladesh,0.9164951221695159,Asia,-2.016309384530805,-0.545430760254573
5708,2008,Bangladesh,0.9415555356663385,Asia,-2.0148684494819493,-0.55192948981355
5709,2009,Bangladesh,0.9773561263760853,Asia,-2.0134065687005673,-0.5584245715521517
5710,2010,Bangladesh,1.0382171305826546,Asia,-2.0119237508126053,-0.5649159379620009
5711,2011,Bangladesh,1.0632775440794773,Asia,-2.0104200046615888,-0.5714035215526693
5712,2012,Bangladesh,1.0811778394343505,Asia,-2.008895339308591,-0.5778872548524077
5713,2013,Bangladesh,1.0740177212924014,Asia,-2.0073497640322118,-0.5843670704088194
5714,2014,Bangladesh,1.066857603150452,Asia,-2.0057832883285363,-0.5908429007895856
5715,2015,Bangladesh,1.099078134789224,Asia,-2.004195921911105,-0.5973146785831559
5716,2016,Bangladesh,1.1456189027118948,Asia,-2.0025876747108846,-0.6037823363994397
5717,2017,Bangladesh,1.156359079924819,Asia,-2.000958556876218,-0.6102458068705279
5718,2018,Bangladesh,1.1062382529311734,Asia,-1.9993085787727884,-0.6167050226513872
5719,2019,Bangladesh,1.066857603150452,Asia,-1.9976377509835845,-0.6231599164205364
5720,2020,Bangladesh,0.9773561263760853,Asia,-1.9959460843088423,-0.6296104208807909
5721,2021,Bangladesh,1.045377248724604,Asia,-1.9942335897660053,-0.6360564687599338
5722,2022,Bangladesh,1.0167367761568065,Asia,-1.9925002785896724,-0.6424979928114255
5723,2023,Bangladesh,0.0,Asia,-1.9907461622315465,-0.6489349258151106
5724,1971,Brunei Darussalam,0.2577642531101763,Asia,-1.9889712523603875,-0.6553672005778914
5725,1972,Brunei Darussalam,0.23270383961335364,Asia,-1.9871755608619417,-0.6617947499344707
5726,1973,Brunei Darussalam,0.3830663205942898,Asia,-1.9853590998388926,-0.6682175067480237
5727,1974,Brunei Darussalam,0.6086100420656941,Asia,-1.9835218816107965,-0.6746354039109138
5728,1975,Brunei Darussalam,0.7482323458337061,Asia,-1.9816639187140292,-0.6810483743453645
5729,1976,Brunei Darussalam,0.8198335272531997,Asia,-1.9797852239017029,-0.6874563510042014
5730,1977,Brunei Darussalam,0.7911930546854024,Asia,-1.9778858101436114,-0.6938592668715258
5731,1978,Brunei Darussalam,0.698111518840061,Asia,-1.9759656906261576,-0.7002570549634203
5732,1979,Brunei Darussalam,0.5978698648527702,Asia,-1.974024878752276,-0.706649648328657
5733,1980,Brunei Darussalam,0.8663742951758703,Asia,-1.9720633881413707,-0.7130369800493686
5734,1981,Brunei Darussalam,1.0596974850085026,Asia,-1.9700812326292234,-0.7194189832417911
5735,1982,Brunei Darussalam,1.0632775440794773,Asia,-1.968078426267924,-0.725795591056935
5736,1983,Brunei Darussalam,1.1384587845699454,Asia,-1.9660549833257832,-0.7321667366812981
5737,1984,Brunei Darussalam,1.1384587845699454,Asia,-1.9640109182872616,-0.7385323533375376
5738,1985,Brunei Darussalam,1.163519198066768,Asia,-1.9619462458528663,-0.7448923742852117
5739,1986,Brunei Darussalam,1.1921596706345654,Asia,-1.9598609809390737,-0.7512467328214488
5740,1987,Brunei Darussalam,1.1921596706345654,Asia,-1.9577551386782373,-0.7575953622816548
5741,1988,Brunei Darussalam,1.2315403204152868,Asia,-1.9556287344184917,-0.7639381960402182
5742,1989,Brunei Darussalam,1.2387004385572362,Asia,-1.9534817837236698,-0.7702751675111806
5743,1990,Brunei Darussalam,1.281661147408932,Asia,-1.9513143023731876,-0.7766062101489766
5744,1991,Brunei Darussalam,1.2924013246218564,Asia,-1.9491263063619553,-0.7829312574491032
5745,1992,Brunei Darussalam,1.306721560905755,Asia,-1.9469178119002748,-0.7892502429488334
5746,1993,Brunei Darussalam,1.403383155822071,Asia,-1.9446888354137408,-0.7955631002278838
5747,1994,Brunei Darussalam,1.457084041886691,Asia,-1.9424393935431212,-0.8018697629091539
5748,1995,Brunei Darussalam,1.5179450460932606,Asia,-1.9401695031442603,-0.8081701646593967
5749,1996,Brunei Darussalam,1.5430054595900833,Asia,-1.9378791812879645,-0.814464239189921
5750,1997,Brunei Darussalam,1.6897878815000447,Asia,-1.9355684452598854,-0.8207519202572953
5751,1998,Brunei Darussalam,1.4427638056027925,Asia,-1.9332373125604176,-0.8270331416640159
5752,1999,Brunei Darussalam,1.360422446970375,Asia,-1.9308858009045644,-0.8333078372592453
5753,2000,Brunei Darussalam,1.396223037680122,Asia,-1.9285139282218287,-0.8395759409394797
5754,2001,Brunei Darussalam,1.3246218562606282,Asia,-1.926121712656084,-0.8458373866492574
5755,2002,Brunei Darussalam,1.2888212655508815,Asia,-1.9237091725654651,-0.8520921083818278
5756,2003,Brunei Darussalam,1.5072048688803363,Asia,-1.9212763265222221,-0.8583400401798865
5757,2004,Brunei Darussalam,1.4069632148930458,Asia,-1.9188231933126028,-0.8645811161362423
5758,2005,Brunei Darussalam,1.3747426832542735,Asia,-1.91634979193672,-0.8708152703945182
5759,2006,Brunei Darussalam,1.969032489036069,Asia,-1.9138561416084154,-0.8770424371498529
5760,2007,Brunei Darussalam,1.8616307169068291,Asia,-1.9113422617551359,-0.8832625506495657
5761,2008,Brunei Darussalam,2.0048330797458163,Asia,-1.9088081720177772,-0.8894755451938914
5762,2009,Brunei Darussalam,2.1014946746621317,Asia,-1.9062538922505563,-0.8956813551366456
5763,2010,Brunei Darussalam,1.8902711894746262,Asia,-1.9036794425208645,-0.9018799148859311
5764,2011,Brunei Darussalam,1.8616307169068291,Asia,-1.9010848431091334,-0.9080711589048018
5765,2012,Brunei Darussalam,1.8329902443390318,Asia,-1.8984701145086695,-0.9142550217119964
5766,2013,Brunei Darussalam,1.8437304215519557,Asia,-1.89583527742552,-0.9204314378826014
5767,2014,Brunei Darussalam,1.8473104806229304,Asia,-1.8931803527783175,-0.9266003420487501
5768,2015,Brunei Darussalam,1.653987290790298,Asia,-1.8905053616981211,-0.932761668900319
5769,2016,Brunei Darussalam,1.818670008055133,Asia,-1.887810325528276,-0.9389153531855906
5770,2017,Brunei Darussalam,1.8795310122617024,Asia,-1.8850952658242381,-0.9450613297119854
5771,2018,Brunei Darussalam,2.0012530206748416,Asia,-1.8823602043534216,-0.9511995333467222
5772,2019,Brunei Darussalam,1.797189653629285,Asia,-1.8796051630950368,-0.9573298990175146
5773,2020,Brunei Darussalam,2.5096214087532442,Asia,-1.8768301642399223,-0.9634523617132669
5774,2021,Brunei Darussalam,2.531101763179092,Asia,-1.8740352301903909,-0.9695668564847343
5775,2022,Brunei Darussalam,2.513201467824219,Asia,-1.8712203835600396,-0.975673318445251
5776,2023,Brunei Darussalam,0.0,Asia,-1.8683856471735918,-0.9817716827713905
5777,1971,Cambodia,0.0,Asia,-1.8655310440667192,-0.9878618847036663
5778,1972,Cambodia,0.0,Asia,-1.8626565974858773,-0.9939438595471912
5779,1973,Cambodia,0.0,Asia,-1.8597623308881062,-1.000017542672402
5780,1974,Cambodia,0.0,Asia,-1.8568482679408675,-1.0060828695157196
5781,1975,Cambodia,0.0,Asia,-1.8539144325218557,-1.0121397755802397
5782,1976,Cambodia,0.0,Asia,-1.8509608487188092,-1.018188196436424
5783,1977,Cambodia,0.0,Asia,-1.8479875408293402,-1.0242280677227575
5784,1978,Cambodia,0.0,Asia,-1.8449945333607223,-1.0302593251464711
5785,1979,Cambodia,0.0,Asia,-1.8419818510297148,-1.0362819044841984
5786,1980,Cambodia,0.0,Asia,-1.8389495187623595,-1.0422957415826712
5787,1981,Cambodia,0.0,Asia,-1.835897561693802,-1.0483007723593747
5788,1982,Cambodia,0.0,Asia,-1.8328260051680711,-1.054296932803268
5789,1983,Cambodia,0.0,Asia,-1.8297348747378916,-1.060284158975439
5790,1984,Cambodia,0.0,Asia,-1.8266241961644798,-1.06626238700979
5791,1985,Cambodia,0.0,Asia,-1.8234939954173344,-1.0722315531137254
5792,1986,Cambodia,0.0,Asia,-1.8203442986740455,-1.0781915935688033
5793,1987,Cambodia,0.0,Asia,-1.8171751323200607,-1.0841424447314532
5794,1988,Cambodia,0.0,Asia,-1.8139865229484915,-1.0900840430336283
5795,1989,Cambodia,0.0,Asia,-1.810778497359891,-1.0960163249834953
5796,1990,Cambodia,0.0,Asia,-1.8075510825620524,-1.1019392271660853
5797,1991,Cambodia,0.0,Asia,-1.8043043057697694,-1.1078526862440083
5798,1992,Cambodia,0.0,Asia,-1.8010381944046308,-1.1137566389581035
5799,1993,Cambodia,0.0,Asia,-1.7977527760947958,-1.1196510221281202
5800,1994,Cambodia,0.0,Asia,-1.7944480786747623,-1.1255357726533979
5801,1995,Cambodia,1.0024165398729081,Asia,-1.7911241301851581,-1.1314108275135146
5802,1996,Cambodia,0.9845162445180345,Asia,-1.7877809588724898,-1.1372761237689997
5803,1997,Cambodia,1.0167367761568065,Asia,-1.7844185931889232,-1.1431315985619774
5804,1998,Cambodia,1.1133983710731226,Asia,-1.7810370617920448,-1.148977189116854
5805,1999,Cambodia,1.0024165398729081,Asia,-1.777636393544643,-1.1548128327409617
5806,2000,Cambodia,0.9415555356663385,Asia,-1.7742166175144445,-1.1606384668252687
5807,2001,Cambodia,0.9594558310212119,Asia,-1.7707777629738901,-1.1664540288450218
5808,2002,Cambodia,0.9272352993824398,Asia,-1.7673198593998904,-1.1722594563604214
5809,2003,Cambodia,0.9057549449565917,Asia,-1.7638429364735764,-1.1780546870172988
5810,2004,Cambodia,0.826993645395149,Asia,-1.7603470240800696,-1.183839658547756
5811,2005,Cambodia,0.8162534681822251,Asia,-1.7568321523082078,-1.1896143087708704
5812,2006,Cambodia,0.8198335272531997,Asia,-1.7532983514503127,-1.1953785755933375
5813,2007,Cambodia,0.9057549449565917,Asia,-1.7497456520019263,-1.201132397010148
5814,2008,Cambodia,0.8592141770339211,Asia,-1.7461740846615743,-1.2068757111052262
5815,2009,Cambodia,0.9845162445180345,Asia,-1.742583680330482,-1.2126084560521335
5816,2010,Cambodia,1.0167367761568065,Asia,-1.7389744701123329,-1.218330570114706
5817,2011,Cambodia,0.98093618544706,Asia,-1.7353464853130027,-1.224041991647723
5818,2012,Cambodia,0.9558757719502373,Asia,-1.731699757440289,-1.2297426590975746
5819,2013,Cambodia,0.8950147677436677,Asia,-1.7280343182036662,-1.235432511002899
5820,2014,Cambodia,1.0203168352277812,Asia,-1.7243501995139876,-1.2411114859952788
5821,2015,Cambodia,1.1491989617828695,Asia,-1.7206474334832356,-1.2467795227998766
5822,2016,Cambodia,1.3210417971896535,Asia,-1.7169260524242416,-1.2524365602360987
5823,2017,Cambodia,1.3103016199767294,Asia,-1.7131860888504098,-1.2580825372182602
5824,2018,Cambodia,1.188579611563591,Asia,-1.7094275754754573,-1.2637173927562182
5825,2019,Cambodia,1.360422446970375,Asia,-1.7056505452131068,-1.2693410659560624
5826,2020,Cambodia,1.7148482949968673,Asia,-1.7018550311768248,-1.274953496020748
5827,2021,Cambodia,1.6074465228676273,Asia,-1.6980410666795307,-1.280554622250763
5828,2022,Cambodia,1.5143649870222857,Asia,-1.6942086852333258,-1.2861443840447562
5829,2023,Cambodia,0.0,Asia,-1.6903579205491817,-1.2917227209002269
5830,1971,DPR of Korea,28.58677168173275,Asia,-1.686488806536667,-1.2972895724141542
5831,1972,DPR of Korea,26.037769623198784,Asia,-1.6826013773036528,-1.3028448782836533
5832,1973,DPR of Korea,23.696410990781345,Asia,-1.6786956671560118,-1.3083885783066318
5833,1974,DPR of Korea,22.260807303320505,Asia,-1.6747717105973419,-1.3139206123824156
5834,1975,DPR of Korea,20.63188042602703,Asia,-1.6708295423286403,-1.319440920512434
5835,1976,DPR of Korea,19.81920701691578,Asia,-1.6668691972480216,-1.3249494428008444
5836,1977,DPR of Korea,18.673588114203884,Asia,-1.6628907104504052,-1.3304461194551886
5837,1978,DPR of Korea,17.563769802201733,Asia,-1.6588941172272307,-1.3359308907870173
5838,1979,DPR of Korea,17.109102300187953,Asia,-1.6548794530661226,-1.3414036972125718
5839,1980,DPR of Korea,16.475431844625437,Asia,-1.650846753650599,-1.3468644792534015
5840,1981,DPR of Korea,15.419314418687911,Asia,-1.6467960548597576,-1.3523131775370159
5841,1982,DPR of Korea,14.699722545421999,Asia,-1.6427273927679569,-1.3577497327975319
5842,1983,DPR of Korea,13.88704913631075,Asia,-1.6386408036445215,-1.363174085876293
5843,1984,DPR of Korea,13.110176317909247,Asia,-1.634536323953393,-1.3685861777225434
5844,1985,DPR of Korea,12.372684149288462,Asia,-1.6304139903528339,-1.3739859493940463
5845,1986,DPR of Korea,11.778394343506669,Asia,-1.6262738396950935,-1.3793733420577325
5846,1987,DPR of Korea,10.557594200304305,Asia,-1.622115909026104,-1.3847482969903164
5847,1988,DPR of Korea,10.142307348071245,Asia,-1.617940235585127,-1.3901107555789667
5848,1989,DPR of Korea,9.476416360869953,Asia,-1.613746856804444,-1.3954606593219199
5849,1990,DPR of Korea,9.401235120379486,Asia,-1.609535810309023,-1.4007979498291216
5850,1991,DPR of Korea,9.408395238521436,Asia,-1.6053071339161793,-1.4061225688228645
5851,1992,DPR of Korea,8.98236820907545,Asia,-1.6010608656352634,-1.4114344581384
5852,1993,DPR of Korea,8.620782242907008,Asia,-1.596797043667295,-1.4167335597246038
5853,1994,DPR of Korea,8.00143202362839,Asia,-1.592515706404643,-1.422019815644585
5854,1995,DPR of Korea,7.8439094245055045,Asia,-1.5882168924306757,-1.4272931680763252
5855,1996,DPR of Korea,7.14221784659447,Asia,-1.583900640519441,-1.4325535593132885
5856,1997,DPR of Korea,7.385661863420747,Asia,-1.579566989635289,-1.4378009317650808
5857,1998,DPR of Korea,6.884453593484292,Asia,-1.575215978932546,-1.443035227958054
5858,1999,DPR of Korea,7.500223753691937,Asia,-1.5708476477551616,-1.4482563905359394
5859,2000,DPR of Korea,8.076613264118857,Asia,-1.5664620356363543,-1.4534643622604775
5860,2001,DPR of Korea,8.60646200662311,Asia,-1.5620591822982763,-1.458659086012018
5861,2002,DPR of Korea,8.219815626957844,Asia,-1.5576391276516297,-1.4638405047901792
5862,2003,DPR of Korea,8.395238521435605,Asia,-1.553201911795331,-1.4690085617144437
5863,2004,DPR of Korea,8.581401593126285,Asia,-1.548747575016146,-1.4741632000247888
5864,2005,DPR of Korea,8.96804797279155,Asia,-1.5442761577883235,-1.4793043630823077
5865,2006,DPR of Korea,8.946567618365703,Asia,-1.5397877007732539,-1.484431994369809
5866,2007,DPR of Korea,7.478743399266088,Asia,-1.5352822448190737,-1.4895460374924652
5867,2008,DPR of Korea,8.516960529848742,Asia,-1.5307598309603176,-1.4946464361784093
5868,2009,DPR of Korea,7.8976103105701245,Asia,-1.5262205004175398,-1.4997331342793578
5869,2010,DPR of Korea,8.352277812583909,Asia,-1.5216642945969652,-1.5048060757712067
5870,2011,DPR of Korea,6.297323905844446,Asia,-1.5170912550900828,-1.509865204754675
5871,2012,DPR of Korea,5.993018884811599,Asia,-1.5125014236732928,-1.5149104654558947
5872,2013,DPR of Korea,4.4929741340732114,Asia,-1.5078948423075234,-1.5199418022270286
5873,2014,DPR of Korea,4.926161281661147,Asia,-1.503271553137848,-1.5249591595468839
5874,2015,DPR of Korea,3.744741788239506,Asia,-1.498631598493124,-1.5299624820215016
5875,2016,DPR of Korea,4.070527163698201,Asia,-1.4939750208855773,-1.5349517143847924
5876,2017,DPR of Korea,8.749664369462096,Asia,-1.48930186301044,-1.5399268014991248
5877,2018,DPR of Korea,7.904770428712075,Asia,-1.4846121677455517,-1.5448876883559397
5878,2019,DPR of Korea,8.817685491810614,Asia,-1.4799059781509911,-1.5498343200763327
5879,2020,DPR of Korea,8.294996867448313,Asia,-1.4751833374686538,-1.5547666419116897
5880,2021,DPR of Korea,6.8092723529938235,Asia,-1.4704442891218803,-1.559684599244266
5881,2022,DPR of Korea,7.092097019600824,Asia,-1.4656888767150558,-1.5645881375877944
5882,2023,DPR of Korea,0.0,Asia,-1.4609171440332065,-1.5694772025880857
5883,1971,India,3.1397118052447865,Asia,-1.4561291350416232,-1.5743517400236093
5884,1972,India,3.2793341090127988,Asia,-1.4513248938854284,-1.579211695806122
5885,1973,India,3.1647722187416094,Asia,-1.446504464889193,-1.5840570159812382
5886,1974,India,3.3903159402130134,Asia,-1.4416678925565214,-1.5888876467290387
5887,1975,India,3.3151346997225457,Asia,-1.4368152215696677,-1.5937035343646428
5888,1976,India,3.4869775351293297,Asia,-1.431946496789092,-1.5985046253388298
5889,1977,India,3.307974581580596,Asia,-1.4270617632530715,-1.6032908662386094
5890,1978,India,3.0466302693994454,Asia,-1.4221610661772832,-1.6080622037878174
5891,1979,India,3.4869775351293297,Asia,-1.4172444509543833,-1.612818584847708
5892,1980,India,3.4798174169873803,Asia,-1.412311963153613,-1.617559956417521
5893,1981,India,3.6086995435424685,Asia,-1.4073636485203447,-1.6222862656350978
5894,1982,India,3.6874608431039113,Asia,-1.4023995529756856,-1.6269974597774453
5895,1983,India,3.6659804886780636,Asia,-1.3974197226160434,-1.63169348626133
5896,1984,India,3.898684328291417,Asia,-1.392424203712724,-1.6363742926438385
5897,1985,India,3.8664637966526447,Asia,-1.3874130427114704,-1.641039826622989
5898,1986,India,4.02398639577553,Asia,-1.382386286232059,-1.6456900360382918
5899,1987,India,4.170768817685492,Asia,-1.3773439810678627,-1.65032486887133
5900,1988,India,4.016826277633581,Asia,-1.3722861741854118,-1.6549442732463413
5901,1989,India,4.074107222769175,Asia,-1.3672129127239845,-1.6595481974307766
5902,1990,India,4.07768728184015,Asia,-1.3621242439951364,-1.664136589835901
5903,1991,India,4.349771771234225,Asia,-1.3570202154822841,-1.668709399017347
5904,1992,India,4.2960708851696054,Asia,-1.3519008748402541,-1.6732665736756955
5905,1993,India,4.278170589814732,Asia,-1.3467662698948668,-1.6778080626570293
5906,1994,India,4.235209880963036,Asia,-1.3416164486424547,-1.6823338149535276
5907,1995,India,4.231629821892061,Asia,-1.3364514592494414,-1.6868437797040148
5908,1996,India,4.120647990691847,Asia,-1.3312713500518902,-1.6913379061945326
5909,1997,India,4.181508994898416,Asia,-1.326076169555046,-1.695816143858909
5910,1998,India,4.016826277633581,Asia,-1.3208659664329094,-1.700278442279301
5911,1999,India,3.9702855097109104,Asia,-1.3156407895277478,-1.7047247511867871
5912,2000,India,3.9846057459948088,Asia,-1.3104006878496646,-1.7091550204619088
5913,2001,India,3.8664637966526447,Asia,-1.3051457105761366,-1.7135692001352327
5914,2002,India,3.844983442226797,Asia,-1.299875907051548,-1.7179672403879143
5915,2003,India,3.6588203705361138,Asia,-1.294591326786756,-1.7223490915522348
5916,2004,India,3.633759957039291,Asia,-1.2892920194585908,-1.7267147041121862
5917,2005,India,3.5191980667681015,Asia,-1.2839780349094174,-1.731064028704004
5918,2006,India,3.4798174169873803,Asia,-1.2786494231466543,-1.735397016116729
5919,2007,India,3.5657388346907726,Asia,-1.2733062343423334,-1.7397136172927397
5920,2008,India,3.726841492884632,Asia,-1.2679485188325923,-1.7440137833283307
5921,2009,India,3.6946209612458607,Asia,-1.2625763271172266,-1.7482974654742394
5922,2010,India,3.6301798979683166,Asia,-1.2571897098592109,-1.7525646151361987
5923,2011,India,3.6695605477490374,Asia,-1.2517887178842189,-1.7568151838754864
5924,2012,India,3.7733822608073035,Asia,-1.2463734021801693,-1.7610491234094516
5925,2013,India,3.6516602523941644,Asia,-1.2409438138967102,-1.7652663856120807
5926,2014,India,3.716101315671709,Asia,-1.235500004344764,-1.7694669225145232
5927,2015,India,3.4941376532712787,Asia,-1.2300420249960322,-1.773650686305638
5928,2016,India,3.2650138727289004,Asia,-1.2245699274825366,-1.777817629332514
5929,2017,India,3.225633222948179,Asia,-1.2190837635960945,-1.7819677041010318
5930,2018,India,3.182672514096483,Asia,-1.213583585287858,-1.7861008632763826
5931,2019,India,3.0466302693994454,Asia,-1.2080694446678166,-1.790217059683604
5932,2020,India,2.982189206121901,Asia,-1.2025413940043,-1.7943162463081157
5933,2021,India,2.9929293833348245,Asia,-1.19699948572351,-1.7983983762962346
5934,2022,India,3.0287299740445714,Asia,-1.1914437724089892,-1.8024634029557274
5935,2023,India,0.0,Asia,-1.1858743068011475,-1.8065112797563205
5936,1971,Indonesia,1.24944061577016,Asia,-1.1802911417967519,-1.8105419603302348
5937,1972,Indonesia,1.3138816790477041,Asia,-1.1746943304484527,-1.8145553984726928
5938,1973,Indonesia,1.3747426832542735,Asia,-1.169083925964242,-1.818551548142467
5939,1974,Indonesia,1.4069632148930458,Asia,-1.1634599817069764,-1.8225303634623815
5940,1975,Indonesia,1.4320236283898686,Asia,-1.157822551193864,-1.8264917987198381
5941,1976,Indonesia,1.3711626241832993,Asia,-1.1521716880959538,-1.830435808367339
5942,1977,Indonesia,1.5143649870222857,Asia,-1.1465074462376486,-1.8343623470229837
5943,1978,Indonesia,1.6038664637966527,Asia,-1.140829879596158,-1.8382713694710093
5944,1979,Indonesia,1.6933679405710191,Asia,-1.1351390423010124,-1.8421628306622893
5945,1980,Indonesia,1.754228944777589,Asia,-1.1294349886335349,-1.8460366857148516
5946,1981,Indonesia,1.7613890629195381,Asia,-1.1237177730263517,-1.8498928899143718
5947,1982,Indonesia,1.7828694173453863,Asia,-1.1179874500628348,-1.8537313987147066
5948,1983,Indonesia,1.707688176854918,Asia,-1.1122440744766113,-1.8575521677383857
5949,1984,Indonesia,1.611026581938602,Asia,-1.1064877011510341,-1.8613551527771186
5950,1985,Indonesia,1.6969479996419938,Asia,-1.1007183851186524,-1.8651403097923038
5951,1986,Indonesia,1.7613890629195381,Asia,-1.0949361815607148,-1.868907594915514
5952,1987,Indonesia,1.6969479996419938,Asia,-1.0891411458066047,-1.8726569644490223
5953,1988,Indonesia,1.6933679405710191,Asia,-1.0833333333333368,-1.876388374866282
5954,1989,Indonesia,1.6181867000805514,Asia,-1.0775127997650158,-1.880101782812433
5955,1990,Indonesia,1.8258301261970822,Asia,-1.0716796008723324,-1.8837971451047824
5956,1991,Indonesia,1.8115098899131834,Asia,-1.06583379257199,-1.8874744187333223
5957,1992,Indonesia,1.7900295354873355,Asia,-1.0599754309261977,-1.8911335608612023
5958,1993,Indonesia,1.8043497717712342,Asia,-1.0541045721421267,-1.8947745288252298
5959,1994,Indonesia,1.807929830842209,Asia,-1.0482212725713678,-1.8983972801363584
5960,1995,Indonesia,1.9117515439004746,Asia,-1.042325588709417,-1.9020017724801612
5961,1996,Indonesia,1.8652107759778036,Asia,-1.0364175771950952,-1.9055879637173392
5962,1997,Indonesia,1.9654524299650946,Asia,-1.0304972948100333,-1.9091558118841898
5963,1998,Indonesia,2.3234583370625614,Asia,-1.0245647984781203,-1.9127052751930946
5964,1999,Indonesia,2.4702407589725226,Asia,-1.018620145264951,-1.916236312033
5965,2000,Indonesia,2.3485187505593843,Asia,-1.0126633923773058,-1.919748880969883
5966,2001,Indonesia,2.4344401682627765,Asia,-1.006694597162562,-1.9232429407472535
5967,2002,Indonesia,2.380739282198156,Asia,-1.0007138171081689,-1.9267184502866095
5968,2003,Indonesia,2.502461290611295,Asia,-0.9947211098410819,-1.930175368687921
5969,2004,Indonesia,2.4380202273337512,Asia,-0.9887165331272378,-1.9336136552300889
5970,2005,Indonesia,2.3198782779915867,Asia,-0.9827001448709572,-1.9370332693714345
5971,2006,Indonesia,2.3485187505593843,Asia,-0.9766720031144144,-1.9404341707501538
5972,2007,Indonesia,2.312718159849638,Asia,-0.9706321660370728,-1.9438163191847893
5973,2008,Indonesia,2.1265550881589546,Asia,-0.9645806919551182,-1.9471796746746983
5974,2009,Indonesia,2.119394970017005,Asia,-0.9585176393209242,-1.9505241974005019
5975,2010,Indonesia,2.1301351472299292,Asia,-0.9524430667224466,-1.953849847724567
5976,2011,Indonesia,2.309138100778663,Asia,-0.9463570328826885,-1.9571565861914526
5977,2012,Indonesia,2.1838360332945492,Asia,-0.9402595966591181,-1.9604443735283772
5978,2013,Indonesia,1.9368119573972973,Asia,-0.9341508170431291,-1.9637131706456563
5979,2014,Indonesia,1.9761926071780187,Asia,-0.9280307531594295,-1.9669629386371823
5980,2015,Indonesia,1.9081714848294997,Asia,-0.9218994642654993,-1.9701936387808612
5981,2016,Indonesia,1.7828694173453863,Asia,-0.9157570097510102,-1.973405232539069
5982,2017,Indonesia,1.7900295354873355,Asia,-0.9096034491372436,-1.9765976815591009
5983,2018,Indonesia,1.9010113666875506,Asia,-0.9034388420765453,-1.9797709476736098
5984,2019,Indonesia,1.9439720755392464,Asia,-0.8972632483517049,-1.9829249929010682
5985,2020,Indonesia,1.8508905396939048,Asia,-0.8910767278754049,-1.9860597794462007
5986,2021,Indonesia,1.8616307169068291,Asia,-0.8848793406896276,-1.9891752697004323
5987,2022,Indonesia,2.0800143202362835,Asia,-0.8786711469651012,-1.9922714262423158
5988,2023,Indonesia,0.0,Asia,-0.8724522070006746,-1.9953482118379904
5989,1971,Lao People's Democratic Republic,0.0,Asia,-0.8662225812227602,-1.9984055894416028
5990,1972,Lao People's Democratic Republic,0.0,Asia,-0.8599823301847421,-2.001443522195748
5991,1973,Lao People's Democratic Republic,0.0,Asia,-0.8537315145663807,-2.004461973431906
5992,1974,Lao People's Democratic Republic,0.0,Asia,-0.847470195173252,-2.0074609066708557
5993,1975,Lao People's Democratic Republic,0.0,Asia,-0.8411984329361143,-2.010440285623129
5994,1976,Lao People's Democratic Republic,0.0,Asia,-0.834916288910346,-2.0134000741894225
5995,1977,Lao People's Democratic Republic,0.0,Asia,-0.8286238242753367,-2.0163402364610294
5996,1978,Lao People's Democratic Republic,0.0,Asia,-0.8223211003339208,-2.019260736720252
5997,1979,Lao People's Democratic Republic,0.0,Asia,-0.816008178511739,-2.0221615394408405
5998,1980,Lao People's Democratic Republic,0.0,Asia,-0.80968512035667,-2.025042609288404
5999,1981,Lao People's Democratic Republic,0.0,Asia,-0.8033519875382218,-2.0279039111208284
6000,1982,Lao People's Democratic Republic,0.0,Asia,-0.7970088418469262,-2.030745409988696
6001,1983,Lao People's Democratic Republic,0.0,Asia,-0.7906557451937645,-2.0335670711356912
6002,1984,Lao People's Democratic Republic,0.0,Asia,-0.7842927596095215,-2.0363688599990284
6003,1985,Lao People's Democratic Republic,0.0,Asia,-0.7779199472442088,-2.03915074220985
6004,1986,Lao People's Democratic Republic,0.0,Asia,-0.7715373703664518,-2.0419126835936394
6005,1987,Lao People's Democratic Republic,0.0,Asia,-0.7651450913628751,-2.044654650170633
6006,1988,Lao People's Democratic Republic,0.0,Asia,-0.7587431727375222,-2.04737660815621
6007,1989,Lao People's Democratic Republic,0.0,Asia,-0.7523316771112012,-2.050078523961314
6008,1990,Lao People's Democratic Republic,0.0,Asia,-0.7459106672209033,-2.052760364192844
6009,1991,Lao People's Democratic Republic,0.0,Asia,-0.7394802059191737,-2.055422095654058
6010,1992,Lao People's Democratic Republic,0.0,Asia,-0.7330403561735274,-2.0580636853449596
6011,1993,Lao People's Democratic Republic,0.0,Asia,-0.7265911810657885,-2.0606851004627096
6012,1994,Lao People's Democratic Republic,0.0,Asia,-0.7201327437915036,-2.0632863084020103
6013,1995,Lao People's Democratic Republic,0.0,Asia,-0.713665107659315,-2.0658672767554984
6014,1996,Lao People's Democratic Republic,0.0,Asia,-0.7071883360903333,-2.0684279733141357
6015,1997,Lao People's Democratic Republic,0.0,Asia,-0.7007024926175462,-2.07096836606759
6016,1998,Lao People's Democratic Republic,0.0,Asia,-0.694207640885152,-2.0734884232046347
6017,1999,Lao People's Democratic Republic,0.0,Asia,-0.6877038446479636,-2.075988113113521
6018,2000,Lao People's Democratic Republic,0.6265103374205674,Asia,-0.6811911677707708,-2.078467404382366
6019,2001,Lao People's Democratic Republic,0.6623109281303141,Asia,-0.6746696742277418,-2.0809262657995244
6020,2002,Lao People's Democratic Republic,0.6515707509173901,Asia,-0.6681394281017518,-2.0833646663539778
6021,2003,Lao People's Democratic Republic,0.6372505146334915,Asia,-0.6616004935837826,-2.085782575235703
6022,2004,Lao People's Democratic Republic,0.6300903964915421,Asia,-0.6550529349722859,-2.088179961836049
6023,2005,Lao People's Democratic Republic,0.6121901011366688,Asia,-0.6484968166725439,-2.090556795748109
6024,2006,Lao People's Democratic Republic,0.7231719323368836,Asia,-0.6419322031960654,-2.0929130467670842
6025,2007,Lao People's Democratic Republic,0.7124317551239596,Asia,-0.6353591591599073,-2.0952486848906626
6026,2008,Lao People's Democratic Republic,0.7911930546854024,Asia,-0.6287777492860696,-2.0975636803193782
6027,2009,Lao People's Democratic Republic,0.8377338226080732,Asia,-0.6221880384008428,-2.099858003456979
6028,2010,Lao People's Democratic Republic,0.8735344133178197,Asia,-0.6155900914342002,-2.10213162491078
6029,2011,Lao People's Democratic Republic,0.8520540588919717,Asia,-0.6089839734191131,-2.1043845154920344
6030,2012,Lao People's Democratic Republic,0.8377338226080732,Asia,-0.6023697494909419,-2.1066166462162883
6031,2013,Lao People's Democratic Republic,0.9558757719502373,Asia,-0.595747484886785,-2.108827988303734
6032,2014,Lao People's Democratic Republic,0.9343954175243891,Asia,-0.589117244944829,-2.111018513179568
6033,2015,Lao People's Democratic Republic,1.9117515439004746,Asia,-0.5824790951037351,-2.1131881924743334
6034,2016,Lao People's Democratic Republic,3.340195113219368,Asia,-0.5758331009019481,-2.115336998024285
6035,2017,Lao People's Democratic Republic,3.8127629105880247,Asia,-0.5691793279770796,-2.1174649018717266
6036,2018,Lao People's Democratic Republic,3.6445001342522154,Asia,-0.5625178420652458,-2.119571876265362
6037,2019,Lao People's Democratic Republic,3.3580954085742416,Asia,-0.555848709000448,-2.1216578936606303
6038,2020,Lao People's Democratic Republic,3.311554640651571,Asia,-0.5491719947138777,-2.1237229267200615
6039,2021,Lao People's Democratic Republic,3.4368567081356844,Asia,-0.5424877652332946,-2.125766948313604
6040,2022,Lao People's Democratic Republic,3.5227781258390762,Asia,-0.5357960866823673,-2.1277899315189712
6041,2023,Lao People's Democratic Republic,0.0,Asia,-0.529097025280012,-2.1297918496219728
6042,1971,Malaysia,4.439273248008592,Asia,-0.522390647339767,-2.131772676116843
6043,1972,Malaysia,1.9797726662489934,Asia,-0.5156770192690915,-2.1337323847065854
6044,1973,Malaysia,1.8329902443390318,Asia,-0.5089562075687396,-2.135670949303292
6045,1974,Malaysia,1.9797726662489934,Asia,-0.5022282788320857,-2.137588344028477
6046,1975,Malaysia,2.090754497449208,Asia,-0.4954932997444955,-2.1394845432133915
6047,1976,Malaysia,2.0370536113845876,Asia,-0.48875133708262053,-2.141359521399362
6048,1977,Malaysia,1.875950953190728,Asia,-0.4820024577137658,-2.1432132533381014
6049,1978,Malaysia,1.9547122527521705,Asia,-0.47524672859521994,-2.145045713992031
6050,1979,Malaysia,1.9976729616038666,Asia,-0.46848421677358326,-2.1468568785345967
6051,1980,Malaysia,2.026313434171664,Asia,-0.4617149893841334,-2.148646722350583
6052,1981,Malaysia,2.0298934932426382,Asia,-0.4549391136501134,-2.150415221036431
6053,1982,Malaysia,2.0048330797458163,Asia,-0.4481566568820944,-2.152162350400543
6054,1983,Malaysia,2.0943345565201823,Asia,-0.4413676864772998,-2.153888086463594
6055,1984,Malaysia,1.9797726662489934,Asia,-0.4345722699189292,-2.1555924054588416
6056,1985,Malaysia,2.187416092365524,Asia,-0.4277704747755167,-2.1572752838324196
6057,1986,Malaysia,2.1265550881589546,Asia,-0.4209623687002145,-2.158936698243653
6058,1987,Malaysia,2.1050747337331064,Asia,-0.41414801943015056,-2.1605766255653513
6059,1988,Malaysia,2.022733375100689,Asia,-0.4073274947857399,-2.1621950428841106
6060,1989,Malaysia,2.1766759151526,Asia,-0.40050086267003965,-2.163791927500601
6061,1990,Malaysia,2.366419045914258,Asia,-0.3936681910680281,-2.165367256929871
6062,1991,Malaysia,2.61344312181151,Asia,-0.3868295480459581,-2.166921008901634
6063,1992,Malaysia,2.5167815268951936,Asia,-0.37998500175067185,-2.168453161360559
6064,1993,Malaysia,2.466660699901548,Asia,-0.3731346204089135,-2.169963692466556
6065,1994,Malaysia,2.4344401682627765,Asia,-0.36627847232668104,-2.1714525805950626
6066,1995,Malaysia,2.416539872907903,Asia,-0.3594166258884989,-2.1729198043373286
6067,1996,Malaysia,2.5096214087532442,Asia,-0.35254914955676625,-2.174365342500695
6068,1997,Malaysia,2.502461290611295,Asia,-0.3456761118710593,-2.1757891741088744
6069,1998,Malaysia,2.713684775798801,Asia,-0.3387975814474783,-2.1771912784022245
6070,1999,Malaysia,2.7817058981473197,Asia,-0.33191362697791604,-2.178571634838027
6071,2000,Malaysia,2.767385661863421,Asia,-0.32502431722940284,-2.1799302230907567
6072,2001,Malaysia,2.885527611205585,Asia,-0.31812972104341253,-2.181267023052354
6073,2002,Malaysia,2.874787433992661,Asia,-0.3112299073351663,-2.1825820148324913
6074,2003,Malaysia,2.853307079566813,Asia,-0.3043249450929755,-2.183875178758836
6075,2004,Malaysia,2.9463886154121544,Asia,-0.29741490337750504,-2.1851464953773214
6076,2005,Malaysia,3.0108296786896984,Asia,-0.2904998513211141,-2.1863959454524027
6077,2006,Malaysia,2.9607088516960527,Asia,-0.28357985812714925,-2.187623509967318
6078,2007,Malaysia,3.0609505056833437,Asia,-0.27665499306928243,-2.188829170124343
6079,2008,Malaysia,3.1182314508189384,Asia,-0.2697253254907714,-2.1900129073450487
6080,2009,Malaysia,2.8246666069990156,Asia,-0.2627909248037967,-2.1911747032705557
6081,2010,Malaysia,2.93564843819923,Asia,-0.2558518604887582,-2.1923145397617803
6082,2011,Malaysia,2.803186252573168,Asia,-0.2489082020935716,-2.193432398899684
6083,2012,Malaysia,2.677884185089054,Asia,-0.24196001923300256,-2.194528262985521
6084,2013,Malaysia,2.767385661863421,Asia,-0.23500738158792203,-2.1956021145410825
6085,2014,Malaysia,2.749485366508547,Asia,-0.22805035890463865,-2.1966539363089357
6086,2015,Malaysia,2.6170231808824846,Asia,-0.22108902099418348,-2.197683711252667
6087,2016,Malaysia,2.4630806408305737,Asia,-0.21412343773164108,-2.1986914225571135
6088,2017,Malaysia,2.2661773919269668,Asia,-0.2071536790554012,-2.199677053628606
6089,2018,Malaysia,2.33777857334646,Asia,-0.20017981496648757,-2.200640588095194
6090,2019,Malaysia,2.273337510068916,Asia,-0.19320191552784752,-2.2015820098068812
6091,2020,Malaysia,2.3449386914884096,Asia,-0.18622005086364,-2.2025013028358535
6092,2021,Malaysia,2.2661773919269668,Asia,-0.1792342911585624,-2.2033984514767004
6093,2022,Malaysia,2.2303768012172203,Asia,-0.17224470665709798,-2.2042734402466455
6094,2023,Malaysia,0.0,Asia,-0.16525136766284104,-2.205126253885764
6095,1971,Mongolia,0.0,Asia,-0.15825434453777407,-2.2059568773572042
6096,1972,Mongolia,0.0,Asia,-0.15125370770159102,-2.2067652958474007
6097,1973,Mongolia,0.0,Asia,-0.144249527630942,-2.2075514947662955
6098,1974,Mongolia,0.0,Asia,-0.13724187485875478,-2.2083154597475456
6099,1975,Mongolia,0.0,Asia,-0.13023081997351685,-2.2090571766487357
6100,1976,Mongolia,0.0,Asia,-0.12321643361855657,-2.2097766315515854
6101,1977,Mongolia,0.0,Asia,-0.11619878649136273,-2.2104738107621555
6102,1978,Mongolia,0.0,Asia,-0.10917794934282507,-2.211148700811052
6103,1979,Mongolia,0.0,Asia,-0.10215399297655212,-2.211801288453627
6104,1980,Mongolia,0.0,Asia,-0.09512698824814958,-2.2124315606701774
6105,1981,Mongolia,0.0,Asia,-0.08809700606449757,-2.2130395046661433
6106,1982,Mongolia,0.0,Asia,-0.08106411738306665,-2.2136251078723
6107,1983,Mongolia,0.0,Asia,-0.07402839321115437,-2.2141883579449524
6108,1984,Mongolia,0.0,Asia,-0.06698990460519993,-2.2147292427661243
6109,1985,Mongolia,12.988454309496106,Asia,-0.05994872267005075,-2.2152477504437473
6110,1986,Mongolia,12.89895283272174,Asia,-0.05290491855827557,-2.2157438693118436
6111,1987,Mongolia,13.20325785375459,Asia,-0.045858563469398345,-2.2162175879307098
6112,1988,Mongolia,13.342880157522599,Asia,-0.03880972864921002,-2.2166688950871025
6113,1989,Mongolia,12.150720486888034,Asia,-0.03175848538904021,-2.217097779794409
6114,1990,Mongolia,11.713953280229124,Asia,-0.02470490502502836,-2.2175042312928293
6115,1991,Mongolia,14.742683254273697,Asia,-0.01764905893743354,-2.2178882390495485
6116,1992,Mongolia,14.184194039201648,Asia,-0.010591018549864844,-2.218249792758909
6117,1993,Mongolia,13.521883111071332,Asia,-0.003530855328589899,-2.218588882342578
6118,1994,Mongolia,11.52063009039649,Asia,0.00353135921820453,-2.218905497949717
6119,1995,Mongolia,10.775977803633758,Asia,0.010595553541105267,-2.2191996299571444
6120,1996,Mongolia,8.90718696858498,Asia,0.017661656050244914,-2.219471268969501
6121,1997,Mongolia,8.398818580506578,Asia,0.024729595115995814,-2.2197204058194058
6122,1998,Mongolia,8.158954622751276,Asia,0.03179929906970408,-2.2199470315676195
6123,1999,Mongolia,7.972791551060592,Asia,0.038870696204424154,-2.220151137503194
6124,2000,Mongolia,8.244876040454667,Asia,0.04594371477561461,-2.220332715143631
6125,2001,Mongolia,7.8618097198603785,Asia,0.053018283001913344,-2.220491756235028
6126,2002,Mongolia,7.976371610131567,Asia,0.060094329065834534,-2.2206282527522316
6127,2003,Mongolia,7.195918732659088,Asia,0.06717178111451345,-2.220742196898981
6128,2004,Mongolia,6.755571466929204,Asia,0.07425056726040453,-2.2208335811080526
6129,2005,Mongolia,7.331960977356127,Asia,0.0813306155820589,-2.2209023980414004
6130,2006,Mongolia,7.607625525821176,Asia,0.08841185412482343,-2.2209486405902994
6131,2007,Mongolia,7.324800859214177,Asia,0.09549421090158014,-2.2209723018754763
6132,2008,Mongolia,6.762731585071153,Asia,0.10257761389348559,-2.2209733752472487
6133,2009,Mongolia,7.274680032220532,Asia,0.1096619910506719,-2.2209518542856586
6134,2010,Mongolia,7.081356842387899,Asia,0.11674727029302684,-2.220907732800597
6135,2011,Mongolia,6.6481696947999644,Asia,0.12383337951089565,-2.2208410048319362
6136,2012,Mongolia,6.454846504967332,Asia,0.13092024656583057,-2.2207516646496517
6137,2013,Mongolia,6.225722724424953,Asia,0.138007799291294,-2.2206397067539503
6138,2014,Mongolia,5.660073391210955,Asia,0.14509596549344028,-2.220505125875384
6139,2015,Mongolia,5.2734270115456905,Asia,0.1521846729518197,-2.2203479169749722
6140,2016,Mongolia,5.459590083236373,Asia,0.1592738494201223,-2.220168075244319
6141,2017,Mongolia,5.538351382797816,Asia,0.1663634226269218,-2.2199655961057223
6142,2018,Mongolia,5.6350129777141325,Asia,0.17345332027638097,-2.2197404752122902
6143,2019,Mongolia,5.7245144544884985,Asia,0.18054347004903612,-2.2194927084480436
6144,2020,Mongolia,5.470330260449297,Asia,0.18763379960250323,-2.21922229192803
6145,2021,Mongolia,5.8891971717533345,Asia,0.19472423657222387,-2.218929221998421
6146,2022,Mongolia,5.860556699185536,Asia,0.2018147085722116,-2.2186134952366183
6147,2023,Mongolia,0.0,Asia,0.20890514319575942,-2.218275108451352
6148,1971,Myanmar,3.322294817864495,Asia,0.21599546801622652,-2.217914058682778
6149,1972,Myanmar,3.15761210059966,Asia,0.22308561058774626,-2.217530343202571
6150,1973,Myanmar,2.49888123154032,Asia,0.2301754984459823,-2.2171239595140166
6151,1974,Myanmar,2.7745457800053703,Asia,0.2372650591088377,-2.216694905352108
6152,1975,Myanmar,2.599122885527611,Asia,0.2443542200772429,-2.216243178683623
6153,1976,Myanmar,2.61344312181151,Asia,0.2514429088358657,-2.2157687777072166
6154,1977,Myanmar,2.6385035353083324,Asia,0.2585310528538608,-2.2152717008535023
6155,1978,Myanmar,2.563322294817864,Asia,0.26561857958561985,-2.2147519467851313
6156,1979,Myanmar,2.502461290611295,Asia,0.2727054164714821,-2.2142095143968734
6157,1980,Myanmar,2.466660699901548,Asia,0.27979149093852446,-2.213644402815687
6158,1981,Myanmar,2.2948178644947643,Asia,0.2868767304012735,-2.2130566114008
6159,1982,Myanmar,2.2303768012172203,Asia,0.29396106226246405,-2.2124461397437742
6160,1983,Myanmar,2.065694083952385,Asia,0.301044413913752,-2.21181298766858
6161,1984,Myanmar,2.169515797010651,Asia,0.30812671273650494,-2.211157155231657
6162,1985,Myanmar,2.2053163877203974,Asia,0.315207886102516,-2.2104786427219807
6163,1986,Myanmar,2.3556788687013337,Asia,0.3222878613747554,-2.2097774506611234
6164,1987,Myanmar,1.8294101852680569,Asia,0.329366565908124,-2.2090535798033124
6165,1988,Myanmar,1.9547122527521705,Asia,0.336443927050167,-2.2083070311354915
6166,1989,Myanmar,1.840150362480981,Asia,0.3435198721418663,-2.2075378058773683
6167,1990,Myanmar,1.6754676452161463,Asia,0.35059432851835526,-2.2067459054814687
6168,1991,Myanmar,1.653987290790298,Asia,0.3576672235096801,-2.2059313316331868
6169,1992,Myanmar,1.6074465228676273,Asia,0.3647384844415155,-2.205094086250837
6170,1993,Myanmar,1.7255884722097914,Asia,0.3718080386359578,-2.2042341714856892
6171,1994,Myanmar,1.883111071332677,Asia,0.37887581341223997,-2.203351589722017
6172,1995,Myanmar,2.169515797010651,Asia,0.3859417360874876,-2.202446343577137
6173,1996,Myanmar,2.1516155016557774,Asia,0.39300573397747346,-2.2015184359014452
6174,1997,Myanmar,2.019153316029714,Asia,0.40006773439733334,-2.2005678697784554
6175,1998,Myanmar,2.1050747337331064,Asia,0.4071276646623613,-2.1995946485248266
6176,1999,Myanmar,2.1516155016557774,Asia,0.4141854520887259,-2.198598775690397
6177,2000,Myanmar,2.0621140248814105,Asia,0.42124102399423446,-2.19758025505821
6178,2001,Myanmar,1.6217667591515261,Asia,0.42829430769904925,-2.196539090644546
6179,2002,Myanmar,1.4642441600286404,Asia,0.4353452305264838,-2.195475286698935
6180,2003,Myanmar,1.6289268772934753,Asia,0.44239371980371955,-2.194388847704185
6181,2004,Myanmar,1.3854828604671978,Asia,0.44943970286256285,-2.1932797783763984
6182,2005,Myanmar,1.2924013246218564,Asia,0.45648310704020145,-2.192148083664985
6183,2006,Myanmar,1.0525373668665532,Asia,0.46352385967992293,-2.1909937687526844
6184,2007,Myanmar,0.9773561263760853,Asia,0.47056188813191047,-2.189816839055567
6185,2008,Myanmar,0.6802112234851875,Asia,0.4775971197539604,-2.188617300223046
6186,2009,Myanmar,0.6050299829947194,Asia,0.48462948191224847,-2.1873951581378845
6187,2010,Myanmar,0.6372505146334915,Asia,0.49165890198204765,-2.1861504189162053
6188,2011,Myanmar,0.6479906918464153,Asia,0.49868530734852456,-2.18488308890748
6189,2012,Myanmar,0.8341537635370984,Asia,0.5057086254074583,-2.1835931746945367
6190,2013,Myanmar,0.8735344133178197,Asia,0.5127287835659985,-2.1822806830935555
6191,2014,Myanmar,1.0167367761568065,Asia,0.5197457092434222,-2.180945621154059
6192,2015,Myanmar,1.066857603150452,Asia,0.5267593298718543,-2.179587996158914
6193,2016,Myanmar,1.120558489215072,Asia,0.5337695728970624,-2.1782078156243077
6194,2017,Myanmar,1.5430054595900833,Asia,0.5407763657791783,-2.1768050872997438
6195,2018,Myanmar,1.4463438646737672,Asia,0.5477796359934541,-2.1753798191680236
6196,2019,Myanmar,1.3890629195381723,Asia,0.5547793110310211,-2.1739320194452274
6197,2020,Myanmar,1.3854828604671978,Asia,0.5617753183996093,-2.172461696580702
6198,2021,Myanmar,1.3998030967510964,Asia,0.5687675856243439,-2.1709688592570284
6199,2022,Myanmar,1.3640025060413496,Asia,0.5757560402484653,-2.169453516389999
6200,2023,Myanmar,0.0,Asia,0.5827406098340943,-2.1679156771285917
6201,1971,Nepal,0.16468271726483488,Asia,0.5897212219629522,-2.166355350854946
6202,1972,Nepal,0.21838360332945492,Asia,0.5966978042371576,-2.1647725471843184
6203,1973,Nepal,0.3329454936006444,Asia,0.6036702842799456,-2.163167275965057
6204,1974,Nepal,0.29714490289089773,Asia,0.6106385897364266,-2.16153954727856
6205,1975,Nepal,0.24702407589725234,Asia,0.6176026482743433,-2.159889371439238
6206,1976,Nepal,0.18258301261970822,Asia,0.6245623875847918,-2.1582167589944765
6207,1977,Nepal,0.21122348518750558,Asia,0.6315177353830165,-2.15652172072458
6208,1978,Nepal,0.1969032489036069,Asia,0.6384686194091312,-2.1548042676427364
6209,1979,Nepal,0.3078850801038217,Asia,0.6454149674288837,-2.153064410994959
6210,1980,Nepal,0.3615859661684418,Asia,0.6523567072343754,-2.1513021622600483
6211,1981,Nepal,0.2864047256779737,Asia,0.6592937666448582,-2.1495175331495213
6212,1982,Nepal,0.31504519824577104,Asia,0.6662260735074527,-2.147710535607566
6213,1983,Nepal,0.4618276201557326,Asia,0.6731535556979066,-2.145881181810979
6214,1984,Nepal,0.4618276201557326,Asia,0.680076141121352,-2.1440294841691006
6215,1985,Nepal,0.3007249619618724,Asia,0.6869937577130251,-2.142155455323766
6216,1986,Nepal,0.38664637966526444,Asia,0.6939063334390608,-2.1402591081492197
6217,1987,Nepal,0.3830663205942898,Asia,0.7008137962972123,-2.138340455752057
6218,1988,Nepal,0.35442584802649246,Asia,0.7077160743176156,-2.136399511471151
6219,1989,Nepal,0.26492437125212565,Asia,0.7146130955635085,-2.1344362888775876
6220,1990,Nepal,0.39022643873623913,Asia,0.721504788132025,-2.132450801774574
6221,1991,Nepal,0.4654076792267073,Asia,0.7283910801549142,-2.1304430641973706
6222,1992,Nepal,0.45108744294280856,Asia,0.7352718997992971,-2.128413090413211
6223,1993,Nepal,0.4940481517945047,Asia,0.7421471752684223,-2.126360894921212
6224,1994,Nepal,0.5692293922849727,Asia,0.749016834802384,-2.124286492452301
6225,1995,Nepal,0.5978698648527702,Asia,0.7558808066789168,-2.122189897969111
6226,1996,Nepal,0.5907097467108208,Asia,0.7627390192141124,-2.120071126665905
6227,1997,Nepal,0.6444106327754408,Asia,0.7695914007631837,-2.1179301939684727
6228,1998,Nepal,0.6551508099883647,Asia,0.7764378797211815,-2.1157671155340476
6229,1999,Nepal,0.8556341179629463,Asia,0.7832783845237881,-2.113581907251196
6230,2000,Nepal,0.8341537635370984,Asia,0.790112843648034,-2.1113745852397248
6231,2001,Nepal,0.8520540588919717,Asia,0.7969411856130525,-2.109145165850578
6232,2002,Nepal,0.6802112234851875,Asia,0.803763338980834,-2.106893665665728
6233,2003,Nepal,0.7088516960529849,Asia,0.8105792323569432,-2.1046201014980825
6234,2004,Nepal,0.6300903964915421,Asia,0.8173887943913104,-2.1023244903913545
6235,2005,Nepal,0.6945314597690861,Asia,0.8241919537789467,-2.1000068496199624
6236,2006,Nepal,0.54416897878815,Asia,0.830988639260706,-2.0976671966889118
6237,2007,Nepal,0.54416897878815,Asia,0.8377787796240003,-2.09530554933369
6238,2008,Nepal,0.5728094513559474,Asia,0.8445623037035892,-2.092921925520126
6239,2009,Nepal,0.6515707509173901,Asia,0.8513391403822962,-2.0905163434442837
6240,2010,Nepal,0.7482323458337061,Asia,0.85810921859176,-2.088088821532336
6241,2011,Nepal,0.7732927593305289,Asia,0.8648724673131869,-2.085639378440432
6242,2012,Nepal,0.8305737044661238,Asia,0.8716288155780647,-2.083168033054581
6243,2013,Nepal,0.8019332318983263,Asia,0.8783781924689519,-2.080674804490505
6244,2014,Nepal,0.9200751812404905,Asia,0.8851205271201903,-2.078159712093517
6245,2015,Nepal,0.8341537635370984,Asia,0.8918557487186569,-2.075622775438379
6246,2016,Nepal,1.2279602613443124,Asia,0.8985837865045125,-2.0730640143291623
6247,2017,Nepal,1.3461022106864764,Asia,0.9053045697719162,-2.070483448799121
6248,2018,Nepal,1.4177033921059699,Asia,0.9120180278698113,-2.067881099110526
6249,2019,Nepal,1.131298666427996,Asia,0.9187240902026368,-2.0652569857545355
6250,2020,Nepal,1.5967063456547035,Asia,0.9254226862310835,-2.0626111294510365
6251,2021,Nepal,1.5895462275127539,Asia,0.9321137454728079,-2.059943551148514
6252,2022,Nepal,1.3819028013962231,Asia,0.9387971975032131,-2.0572542720238705
6253,2023,Nepal,0.0,Asia,0.9454729719561624,-2.054543313482288
6254,1971,Pakistan,1.492884632596438,Asia,0.9521409985247259,-2.051810697157068
6255,1972,Pakistan,1.492884632596438,Asia,0.9588012069619265,-2.049056444909467
6256,1973,Pakistan,1.4785643963125392,Asia,0.9654535270814502,-2.046280578828545
6257,1974,Pakistan,1.510784927951311,Asia,0.9720978887584276,-2.0434831212309836
6258,1975,Pakistan,1.6146066410095767,Asia,0.9787342219301446,-2.040664094660932
6259,1976,Pakistan,1.4642441600286404,Asia,0.9853624565967929,-2.0378235218898295
6260,1977,Pakistan,1.5000447507383872,Asia,0.9919825228221784,-2.034961425916245
6261,1978,Pakistan,1.4535039828157164,Asia,0.9985943507345025,-2.032077829965688
6262,1979,Pakistan,1.5143649870222857,Asia,1.0051978705270688,-2.0291727574904397
6263,1980,Pakistan,1.5000447507383872,Asia,1.011793012459025,-2.0262462321693726
6264,1981,Pakistan,1.5251051642352098,Asia,1.0183797068561073,-2.0232982779077653
6265,1982,Pakistan,1.575225991228855,Asia,1.0249578841113456,-2.0203289188371323
6266,1983,Pakistan,1.5465855186610578,Asia,1.0315274746858412,-2.0173381793150185
6267,1984,Pakistan,1.6074465228676273,Asia,1.0380884091094706,-2.0143260839248196
6268,1985,Pakistan,1.6325069363644502,Asia,1.044640617981636,-2.01129265747559
6269,1986,Pakistan,1.6181867000805514,Asia,1.0511840319719665,-2.0082379250018594
6270,1987,Pakistan,1.7936095945583101,Asia,1.0577185818210946,-2.005161911763416
6271,1988,Pakistan,1.8294101852680569,Asia,1.0642441983413597,-2.0020646432451237
6272,1989,Pakistan,1.8938512485456012,Asia,1.0707608124175458,-1.9989461451567176
6273,1990,Pakistan,1.904591425758525,Asia,1.0772683550076199,-1.995806443432597
6274,1991,Pakistan,1.8508905396939048,Asia,1.0837667571434324,-1.9926455642316343
6275,1992,Pakistan,1.9224917211133985,Asia,1.0902559499314903,-1.9894635339369446
6276,1993,Pakistan,2.0764342611653093,Asia,1.0967358645536585,-1.9862603791556945
6277,1994,Pakistan,2.0621140248814105,Asia,1.1032064322679003,-1.983036126718875
6278,1995,Pakistan,2.1301351472299292,Asia,1.1096675844089776,-1.9797908036811078
6279,1996,Pakistan,2.0728542020943346,Asia,1.116119252389222,-1.976524437320403
6280,1997,Pakistan,2.1265550881589546,Asia,1.1225613676992316,-1.9732370551379539
6281,1998,Pakistan,2.0764342611653093,Asia,1.1289938619086035,-1.9699286848579134
6282,1999,Pakistan,2.1838360332945492,Asia,1.1354166666666679,-1.9665993544271623
6283,2000,Pakistan,2.090754497449208,Asia,1.1418297137031832,-1.963249092015103
6284,2001,Pakistan,2.0370536113845876,Asia,1.1482329348291036,-1.9598779260134032
6285,2002,Pakistan,2.0370536113845876,Asia,1.1546262619372731,-1.956485885035781
6286,2003,Pakistan,1.9905128434619175,Asia,1.161009627003156,-1.9530729979177677
6287,2004,Pakistan,2.0728542020943346,Asia,1.1673829620855662,-1.9496392937164682
6288,2005,Pakistan,1.9547122527521705,Asia,1.17374619932736,-1.9461848017103374
6289,2006,Pakistan,2.0048330797458163,Asia,1.1800992709561986,-1.9427095513989157
6290,2007,Pakistan,2.090754497449208,Asia,1.1864421092852424,-1.9392135725026023
6291,2008,Pakistan,1.9117515439004746,Asia,1.1927746467138822,-1.9356968949624016
6292,2009,Pakistan,1.940392016468272,Asia,1.1990968157284299,-1.9321595489396903
6293,2010,Pakistan,1.8329902443390318,Asia,1.20540854890288,-1.9286015648159456
6294,2011,Pakistan,1.797189653629285,Asia,1.211709778899598,-1.9250229731925061
6295,2012,Pakistan,1.7613890629195381,Asia,1.2180004384700434,-1.9214238048903143
6296,2013,Pakistan,1.707688176854918,Asia,1.2242804604554933,-1.9178040909496537
6297,2014,Pakistan,1.750648885706614,Asia,1.2305497777877306,-1.9141638626299093
6298,2015,Pakistan,1.797189653629285,Asia,1.2368083234897984,-1.910503151409278
6299,2016,Pakistan,1.9081714848294997,Asia,1.2430560306766856,-1.9068219889845206
6300,2017,Pakistan,2.011993197887765,Asia,1.2492928325560557,-1.9031204072706887
6301,2018,Pakistan,1.7649691219905128,Asia,1.25551866242893,-1.899398438400873
6302,2019,Pakistan,1.6826277633580953,Asia,1.2617334536904403,-1.8956561147259048
6303,2020,Pakistan,1.9189116620424238,Asia,1.267937139830511,-1.8918934688140998
6304,2021,Pakistan,1.8616307169068291,Asia,1.2741296544345777,-1.88811053345098
6305,2022,Pakistan,1.8115098899131834,Asia,1.2803109311843024,-1.8843073416389902
6306,2023,Pakistan,0.0,Asia,1.286480903858253,-1.8804839265972342
6307,1971,Philippines,1.5895462275127539,Asia,1.2926395063326528,-1.8766403217611656
6308,1972,Philippines,1.5644858140159312,Asia,1.2987866725820603,-1.8727765607823235
6309,1973,Philippines,1.611026581938602,Asia,1.304922336680087,-1.8688926775280317
6310,1974,Philippines,1.492884632596438,Asia,1.3110464328000755,-1.8649887060811297
6311,1975,Philippines,1.557325695873982,Asia,1.317158895215846,-1.8610646807396543
6312,1976,Philippines,1.4212834511769445,Asia,1.3232596583023697,-1.857120636016562
6313,1977,Philippines,1.4821444553835137,Asia,1.3293486565364796,-1.8531566066394278
6314,1978,Philippines,1.457084041886691,Asia,1.3354258244975783,-1.849172627550142
6315,1979,Philippines,1.4284435693188937,Asia,1.3414910968683116,-1.8451687339046283
6316,1980,Philippines,1.2566007339121095,Asia,1.347544408435309,-1.841144961072513
6317,1981,Philippines,1.1599391389957934,Asia,1.3535856940898547,-1.837101344636835
6318,1982,Philippines,1.1241385482860469,Asia,1.3596148888285997,-1.8330379203937321
6319,1983,Philippines,1.1849995524926162,Asia,1.3656319277542324,-1.8289547243521473
6320,1984,Philippines,1.1384587845699454,Asia,1.3716367460762138,-1.8248517927334886
6321,1985,Philippines,1.2279602613443124,Asia,1.3776292791114466,-1.820729161971332
6322,1986,Philippines,1.0954980757182493,Asia,1.3836094622849762,-1.816586868711102
6323,1987,Philippines,1.2924013246218564,Asia,1.3895772311306909,-1.812424949809746
6324,1988,Philippines,1.2673409111250336,Asia,1.395532521291987,-1.808243442335431
6325,1989,Philippines,1.2458605566991854,Asia,1.401475268522501,-1.8040423835671928
6326,1990,Philippines,1.2422804976282107,Asia,1.407405408686773,-1.7998218109946273
6327,1991,Philippines,1.2279602613443124,Asia,1.41332287776095,-1.795581762317554
6328,1992,Philippines,1.3425221516155017,Asia,1.4192276118334466,-1.791322275445703
6329,1993,Philippines,1.4177033921059699,Asia,1.4251195471056752,-1.7870433884983548
6330,1994,Philippines,1.4463438646737672,Asia,1.4309986198927038,-1.7827451398040233
6331,1995,Philippines,1.6754676452161463,Asia,1.4368647666239482,-1.7784275679001131
6332,1996,Philippines,1.7184283540678422,Asia,1.4427179238438634,-1.7740907115325757
6333,1997,Philippines,1.807929830842209,Asia,1.4485580282126047,-1.7697346096555895
6334,1998,Philippines,1.8329902443390318,Asia,1.4543850165067433,-1.7653593014311806
6335,1999,Philippines,1.7148482949968673,Asia,1.460198825619926,-1.7609648262289004
6336,2000,Philippines,1.6575673498612729,Asia,1.4659993925635613,-1.7565512236254714
6337,2001,Philippines,1.6038664637966527,Asia,1.4717866544675056,-1.7521185334044307
6338,2002,Philippines,1.5251051642352098,Asia,1.4775605485807157,-1.747666795555797
6339,2003,Philippines,1.4964646916674123,Asia,1.4833210122719647,-1.7431960502756845
6340,2004,Philippines,1.4320236283898686,Asia,1.4890679830304931,-1.738706337965967
6341,2005,Philippines,1.3819028013962231,Asia,1.4948013984666968,-1.7341976992339079
6342,2006,Philippines,1.2028998478474895,Asia,1.5005211963127758,-1.7296701748918162
6343,2007,Philippines,1.1921596706345654,Asia,1.5062273144234462,-1.725123805956655
6344,2008,Philippines,1.1778394343506668,Asia,1.511919690776586,-1.7205586336496936
6345,2009,Philippines,1.1706793162087175,Asia,1.517598263473913,-1.715974699396134
6346,2010,Philippines,1.1778394343506668,Asia,1.5232629707416598,-1.7113720448247345
6347,2011,Philippines,1.1420388436409201,Asia,1.5289137509312207,-1.7067507117674594
6348,2012,Philippines,1.1026581938601987,Asia,1.534550542519854,-1.7021107422590707
6349,2013,Philippines,1.1491989617828695,Asia,1.540173284111324,-1.6974521785367718
6350,2014,Philippines,1.1491989617828695,Asia,1.54578191443658,-1.6927750630398175
6351,2015,Philippines,1.1778394343506668,Asia,1.5513763723543958,-1.688079438409156
6352,2016,Philippines,1.2064799069184642,Asia,1.5569565968520684,-1.6833653474870078
6353,2017,Philippines,1.24944061577016,Asia,1.5625225270460565,-1.678632833316505
6354,2018,Philippines,1.220800143202363,Asia,1.5680741021826488,-1.673881939141297
6355,2019,Philippines,1.2136400250604136,Asia,1.573611261638627,-1.6691127084051538
6356,2020,Philippines,1.2422804976282107,Asia,1.5791339449219026,-1.6643251847515952
6357,2021,Philippines,1.24944061577016,Asia,1.584642091672209,-1.6595194120234644
6358,2022,Philippines,1.2064799069184642,Asia,1.590135641661735,-1.654695434262551
6359,2023,Philippines,0.0,Asia,1.5956145347957895,-1.6498532957091825
6360,1971,Singapore,1.328201915331603,Asia,1.6010787111134333,-1.644993040801844
6361,1972,Singapore,1.3998030967510964,Asia,1.6065281107881677,-1.640114714176743
6362,1973,Singapore,1.4212834511769445,Asia,1.6119626741285613,-1.6352183606674249
6363,1974,Singapore,1.396223037680122,Asia,1.6173823415789055,-1.6303040253043593
6364,1975,Singapore,1.338942092544527,Asia,1.6227870537198694,-1.6253717533145244
6365,1976,Singapore,1.3461022106864764,Asia,1.628176751269127,-1.6204215901210217
6366,1977,Singapore,1.4069632148930458,Asia,1.633551375082034,-1.6154535813426214
6367,1978,Singapore,1.5072048688803363,Asia,1.6389108661522531,-1.6104677727933727
6368,1979,Singapore,1.4821444553835137,Asia,1.6442551656124076,-1.6054642104821737
6369,1980,Singapore,1.3461022106864764,Asia,1.6495842147347037,-1.6004429406123737
6370,1981,Singapore,1.2959813836928307,Asia,1.6548979549316032,-1.5954040095813156
6371,1982,Singapore,1.2530206748411348,Asia,1.6601963277564418,-1.5903474639799338
6372,1983,Singapore,1.2458605566991854,Asia,1.6654792749040752,-1.585273350592323
6373,1984,Singapore,1.1921596706345654,Asia,1.6707467382115213,-1.580181716395303
6374,1985,Singapore,1.2673409111250336,Asia,1.6759986596585723,-1.5750726085580093
6375,1986,Singapore,1.2673409111250336,Asia,1.6812349813684662,-1.5699460744414282
6376,1987,Singapore,1.1706793162087175,Asia,1.6864556456084963,-1.5648021615979815
6377,1988,Singapore,1.2028998478474895,Asia,1.6916605947906496,-1.559640917771085
6378,1989,Singapore,1.1706793162087175,Asia,1.6968497714722426,-1.5544623908947035
6379,1990,Singapore,1.4642441600286404,Asia,1.7020231183565304,-1.5492666290929322
6380,1991,Singapore,1.4427638056027925,Asia,1.7071805782933682,-1.5440536806795184
6381,1992,Singapore,1.392642978609147,Asia,1.712322094279813,-1.5388235941574377
6382,1993,Singapore,1.4391837465318178,Asia,1.7174476094607647,-1.5335764182184368
6383,1994,Singapore,1.360422446970375,Asia,1.7225570671295654,-1.528312201742607
6384,1995,Singapore,1.2566007339121095,Asia,1.727650410728657,-1.5230309937978945
6385,1996,Singapore,1.1993197887765148,Asia,1.7327275838501786,-1.5177328436396724
6386,1997,Singapore,1.0954980757182493,Asia,1.7377885302365952,-1.5124178007102789
6387,1998,Singapore,1.0883379575763,Asia,1.7428331937813193,-1.5070859146385522
6388,1999,Singapore,1.0489573077955785,Asia,1.7478615185293087,-1.501737235239395
6389,2000,Singapore,1.0740177212924014,Asia,1.7528734486777113,-1.4963718125132752
6390,2001,Singapore,1.0811778394343505,Asia,1.7578689285764648,-1.4909896966457894
6391,2002,Singapore,1.0238968942987559,Asia,1.7628479027289126,-1.4855909380071795
6392,2003,Singapore,0.9057549449565917,Asia,1.7678103157923997,-1.4801755871518927
6393,2004,Singapore,0.8556341179629463,Asia,1.7727561125789137,-1.4747436948180732
6394,2005,Singapore,0.7410722276917568,Asia,1.777685238055672,-1.4692953119271153
6395,2006,Singapore,0.6837912825561622,Asia,1.782597637345734,-1.4638304895831813
6396,2007,Singapore,0.6479906918464153,Asia,1.7874932557286127,-1.4583492790727204
6397,2008,Singapore,0.6372505146334915,Asia,1.7923720386408601,-1.4528517318640155
6398,2009,Singapore,0.6444106327754408,Asia,1.7972339316766994,-1.4473378996066655
6399,2010,Singapore,0.6121901011366688,Asia,1.8020788805886059,-1.4418078341311256
6400,2011,Singapore,0.6086100420656941,Asia,1.8069068312879188,-1.4362615874482145
6401,2012,Singapore,0.5692293922849727,Asia,1.8117177298454192,-1.4306992117486506
6402,2013,Singapore,0.5477490378591247,Asia,1.8165115224919568,-1.4251207594025266
6403,2014,Singapore,0.5298487425042513,Asia,1.8212881556190255,-1.419526282958844
6404,2015,Singapore,0.5262686834332766,Asia,1.8260475757793633,-1.4139158351450163
6405,2016,Singapore,0.5047883290074285,Asia,1.8307897296875513,-1.4082894688663665
6406,2017,Singapore,0.5083683880784032,Asia,1.8355145642205806,-1.4026472372056573
6407,2018,Singapore,0.468987738297682,Asia,1.8402220264184768,-1.3969891934225551
6408,2019,Singapore,0.4618276201557326,Asia,1.8449120634848653,-1.3913153909531555
6409,2020,Singapore,0.4654076792267073,Asia,1.849584622787569,-1.3856258834094672
6410,2021,Singapore,0.44392732480085917,Asia,1.8542396518591715,-1.3799207245789349
6411,2022,Singapore,0.43676720665890983,Asia,1.8588770983976342,-1.374199968423895
6412,2023,Singapore,0.0,Asia,1.863496910266855,-1.3684636690810936
6413,1971,Sri Lanka,1.0704376622214267,Asia,1.868099035497255,-1.3627118808611685
6414,1972,Sri Lanka,1.3210417971896535,Asia,1.8726834222863622,-1.3569446582481335
6415,1973,Sri Lanka,1.2888212655508815,Asia,1.8772500189993697,-1.3511620558988895
6416,1974,Sri Lanka,1.013156717085832,Asia,1.8817987741697395,-1.3453641286426696
6417,1975,Sri Lanka,0.8699543542468451,Asia,1.8863296364997568,-1.3395509314805485
6418,1976,Sri Lanka,0.8592141770339211,Asia,1.8908425548611152,-1.3337225195849096
6419,1977,Sri Lanka,0.8842745905307438,Asia,1.8953374782954657,-1.3278789482989513
6420,1978,Sri Lanka,0.9630358900921866,Asia,1.899814356015015,-1.322020273136122
6421,1979,Sri Lanka,0.98093618544706,Asia,1.9042731374030737,-1.3161465497796223
6422,1980,Sri Lanka,0.9272352993824398,Asia,1.9087137720146308,-1.3102578340818745
6423,1981,Sri Lanka,0.9129150630985411,Asia,1.9131362095769175,-1.3043541820639812
6424,1982,Sri Lanka,0.9737760673051106,Asia,1.9175403999899545,-1.2984356499152268
6425,1983,Sri Lanka,0.9916763626599839,Asia,1.9219262933271413,-1.2925022939925017
6426,1984,Sri Lanka,0.7983531728273517,Asia,1.9262938398357965,-1.286554170819796
6427,1985,Sri Lanka,0.6945314597690861,Asia,1.9306429899377202,-1.2805913370876563
6428,1986,Sri Lanka,0.6551508099883647,Asia,1.9349736942297542,-1.2746138496526391
6429,1987,Sri Lanka,0.7482323458337061,Asia,1.9392859034843208,-1.2686217655368004
6430,1988,Sri Lanka,0.6909514006981116,Asia,1.9435795686500008,-1.262615141927113
6431,1989,Sri Lanka,0.6444106327754408,Asia,1.9478546408520672,-1.2565940361749468
6432,1990,Sri Lanka,0.6229302783495927,Asia,1.9521110713930434,-1.2505585057955129
6433,1991,Sri Lanka,0.5835496285688714,Asia,1.956348811753236,-1.2445086084673436
6434,1992,Sri Lanka,0.7732927593305289,Asia,1.9605678135913032,-1.2384444020316991
6435,1993,Sri Lanka,0.7052716369820102,Asia,1.9647680287447844,-1.2323659444920463
6436,1994,Sri Lanka,0.7303320504788329,Asia,1.968949409230648,-1.2262732940134993
6437,1995,Sri Lanka,0.698111518840061,Asia,1.9731119072458363,-1.2201665089222564
6438,1996,Sri Lanka,0.9093350040275665,Asia,1.9772554751677849,-1.2140456477050723
6439,1997,Sri Lanka,0.8234135863241744,Asia,1.9813800655549911,-1.2079107690086581
6440,1998,Sri Lanka,0.8663742951758703,Asia,1.985485631147529,-1.2017619316391486
6441,1999,Sri Lanka,0.9308153584534146,Asia,1.9895721248675944,-1.1955991945615263
6442,2000,Sri Lanka,0.9916763626599839,Asia,1.9936394998200173,-1.1894226168990873
6443,2001,Sri Lanka,0.9988364808019333,Asia,1.9976877092928225,-1.1832322579328312
6444,2002,Sri Lanka,1.0167367761568065,Asia,2.001716706757739,-1.1770281771009257
6445,2003,Sri Lanka,1.045377248724604,Asia,2.0057264458707307,-1.1708104339981256
6446,2004,Sri Lanka,1.0203168352277812,Asia,2.009716880472528,-1.1645790883751994
6447,2005,Sri Lanka,1.045377248724604,Asia,2.013687964589135,-1.158334200138384
6448,2006,Sri Lanka,0.8556341179629463,Asia,2.0176396524323743,-1.1520758293487663
6449,2007,Sri Lanka,0.8771144723887945,Asia,2.021571898400392,-1.1458040362217368
6450,2008,Sri Lanka,0.7768728184015037,Asia,2.025484657078185,-1.1395188811263979
6451,2009,Sri Lanka,0.7160118141949343,Asia,2.0293778832380998,-1.1332204245850126
6452,2010,Sri Lanka,0.7124317551239596,Asia,2.033251531840372,-1.1269087272723806
6453,2011,Sri Lanka,0.7732927593305289,Asia,2.0371055580336246,-1.1205838500152825
6454,2012,Sri Lanka,0.8090933500402757,Asia,2.0409399171553804,-1.1142458537918911
6455,2013,Sri Lanka,0.640830573704466,Asia,2.0447545647325795,-1.1078947997311748
6456,2014,Sri Lanka,0.7339121095498075,Asia,2.0485494564820663,-1.10153074911234
6457,2015,Sri Lanka,0.7732927593305289,Asia,2.0523245483111223,-1.0951537633641975
6458,2016,Sri Lanka,0.8878546496017183,Asia,2.056079796317953,-1.0887639040646
6459,2017,Sri Lanka,0.8305737044661238,Asia,2.0598151567921987,-1.082361232939834
6460,2018,Sri Lanka,0.7589725230466303,Asia,2.063530586215416,-1.0759458118640552
6461,2019,Sri Lanka,0.8305737044661238,Asia,2.0672260412616055,-1.0695177028586471
6462,2020,Sri Lanka,0.805513290969301,Asia,2.070901478797687,-1.0630769680916528
6463,2021,Sri Lanka,0.784032936543453,Asia,2.074556855884001,-1.0566236698771663
6464,2022,Sri Lanka,0.7446522867627315,Asia,2.0781921297748034,-1.0501578706747254
6465,2023,Sri Lanka,0.0,Asia,2.0818072579187454,-1.0436796330887381
6466,1971,Chinese Taipei,3.8306632059428978,Asia,2.0854021979593793,-1.037189019867831
6467,1972,Chinese Taipei,3.8127629105880247,Asia,2.0889769077356353,-1.0306860939042752
6468,1973,Chinese Taipei,3.726841492884632,Asia,2.0925313452823118,-1.0241709182333611
6469,1974,Chinese Taipei,3.200572809451356,Asia,2.0960654688305462,-1.0176435560328203
6470,1975,Chinese Taipei,3.4475968853486085,Asia,2.099579236808315,-1.0111040706221681
6471,1976,Chinese Taipei,3.938064978072138,Asia,2.1030726078409034,-1.0045525254621208
6472,1977,Chinese Taipei,3.676720665890987,Asia,2.106545540751383,-0.9979889841539742
6473,1978,Chinese Taipei,3.708941197529759,Asia,2.109997994561091,-0.991413510438978
6474,1979,Chinese Taipei,3.3903159402130134,Asia,2.113429928490093,-0.9848261681977499
6475,1980,Chinese Taipei,3.4869775351293297,Asia,2.116841301957673,-0.9782270214496105
6476,1981,Chinese Taipei,2.9714490289089768,Asia,2.120232074582792,-0.971616134351992
6477,1982,Chinese Taipei,2.8676273158507115,Asia,2.1236022061845574,-0.9649935711998081
6478,1983,Chinese Taipei,2.792446075360244,Asia,2.126951656782692,-0.9583593964248224
6479,1984,Chinese Taipei,2.620603239953459,Asia,2.1302803865979882,-0.9517136745950526
6480,1985,Chinese Taipei,2.5167815268951936,Asia,2.1335883560527877,-0.9450564704140986
6481,1986,Chinese Taipei,2.6492437125212565,Asia,2.136875525771427,-0.938387848720542
6482,1987,Chinese Taipei,2.4845609952564214,Asia,2.140141856580707,-0.931707874487303
6483,1988,Chinese Taipei,2.702944598585877,Asia,2.1433873095103317,-0.9250166128210362
6484,1989,Chinese Taipei,2.713684775798801,Asia,2.1466118457933843,-0.9183141289614535
6485,1990,Chinese Taipei,2.631343417166383,Asia,2.1498154268667657,-0.9116004882807178
6486,1991,Chinese Taipei,2.6277633580954083,Asia,2.152998014371649,-0.9048757562827999
6487,1992,Chinese Taipei,2.5704824129598136,Asia,2.156159570153932,-0.8981399986028322
6488,1993,Chinese Taipei,2.577642531101763,Asia,2.159300056264667,-0.8913932810064995
6489,1994,Chinese Taipei,2.538261881321042,Asia,2.1624194349605292,-0.884635669389352
6490,1995,Chinese Taipei,2.513201467824219,Asia,2.165517668704244,-0.8778672297761937
6491,1996,Chinese Taipei,2.4809809361854467,Asia,2.1685947201650326,-0.8710880283204216
6492,1997,Chinese Taipei,2.5167815268951936,Asia,2.17165055221904,-0.8642981313034122
6493,1998,Chinese Taipei,2.5597422357468895,Asia,2.174685127949789,-0.857497605133827
6494,1999,Chinese Taipei,2.5275217041081177,Asia,2.1776984106486035,-0.8506865163469959
6495,2000,Chinese Taipei,2.588382708314687,Asia,2.1806903638150414,-0.8438649316042574
6496,2001,Chinese Taipei,2.6599838897341805,Asia,2.1836609511573304,-0.8370329176923014
6497,2002,Chinese Taipei,2.6098630627405353,Asia,2.1866101365927832,-0.8301905415225455
6498,2003,Chinese Taipei,2.6062830036695606,Asia,2.189537884248241,-0.8233378701304347
6499,2004,Chinese Taipei,2.545421999462991,Asia,2.192444158460486,-0.8164749706748162
6500,2005,Chinese Taipei,2.4917211133983708,Asia,2.1953289237766715,-0.8096019104372668
6501,2006,Chinese Taipei,2.427280050120827,Asia,2.1981921449547284,-0.8027187568214647
6502,2007,Chinese Taipei,2.2948178644947643,Asia,2.2010337869637993,-0.7958255773524826
6503,2008,Chinese Taipei,2.1766759151526,Asia,2.203853814984645,-0.7889224396761567
6504,2009,Chinese Taipei,2.1050747337331064,Asia,2.2066521944100628,-0.7820094115584174
6505,2010,Chinese Taipei,2.0406336704555623,Asia,2.2094288908452966,-0.775086560884615
6506,2011,Chinese Taipei,2.0155732569587395,Asia,2.2121838701084373,-0.7681539556588854
6507,2012,Chinese Taipei,1.9475521346102211,Asia,2.2149170982308495,-0.7612116640034373
6508,2013,Chinese Taipei,1.904591425758525,Asia,2.2176285414575636,-0.7542597541579131
6509,2014,Chinese Taipei,1.8508905396939048,Asia,2.2203181662476843,-0.7472982944787033
6510,2015,Chinese Taipei,1.8258301261970822,Asia,2.2229859392747815,-0.7403273534383071
6511,2016,Chinese Taipei,1.8258301261970822,Asia,2.225631827427307,-0.7333469996246121
6512,2017,Chinese Taipei,1.807929830842209,Asia,2.2282557978089805,-0.7263573017402517
6513,2018,Chinese Taipei,1.7255884722097914,Asia,2.230857817739185,-0.7193583286019203
6514,2019,Chinese Taipei,1.6217667591515261,Asia,2.233437854753365,-0.7123501491396904
6515,2020,Chinese Taipei,1.5609057549449565,Asia,2.235995876603406,-0.705332832396365
6516,2021,Chinese Taipei,1.5143649870222857,Asia,2.2385318512580374,-0.6983064475267501
6517,2022,Chinese Taipei,1.4284435693188937,Asia,2.2410457469032097,-0.6912710637970059
6518,2023,Chinese Taipei,0.0,Asia,2.243537531942483,-0.6842267505839563
6519,1971,Thailand,1.6217667591515261,Asia,2.2460071749974087,-0.6771735773743981
6520,1972,Thailand,1.7578090038485636,Asia,2.2484546449079006,-0.6701116137644465
6521,1973,Thailand,1.807929830842209,Asia,2.250879910732629,-0.6630409294588023
6522,1974,Thailand,1.7184283540678422,Asia,2.253282941749386,-0.655961594270096
6523,1975,Thailand,1.6790477042871208,Asia,2.255663707455462,-0.6488736781181822
6524,1976,Thailand,1.750648885706614,Asia,2.2580221775680096,-0.6417772510294826
6525,1977,Thailand,1.7649691219905128,Asia,2.260358322024427,-0.6346723831362456
6526,1978,Thailand,1.7936095945583101,Asia,2.2626721109827157,-0.6275591446758872
6527,1979,Thailand,1.818670008055133,Asia,2.264963514821846,-0.6204376059902867
6528,1980,Thailand,1.8294101852680569,Asia,2.267232504142122,-0.6133078375250853
6529,1981,Thailand,1.6683075270741967,Asia,2.2694790497655393,-0.6061699098290219
6530,1982,Thailand,1.5143649870222857,Asia,2.2717031227361466,-0.5990238935531857
6531,1983,Thailand,1.5931262865837286,Asia,2.2739046943203993,-0.5918698594503509
6532,1984,Thailand,1.653987290790298,Asia,2.276083736007518,-0.5847078783742595
6533,1985,Thailand,1.7470688266356393,Asia,2.2782402195098297,-0.5775380212789533
6534,1986,Thailand,1.707688176854918,Asia,2.2803741167631304,-0.5703603592180213
6535,1987,Thailand,1.797189653629285,Asia,2.282485399927023,-0.5631749633439296
6536,1988,Thailand,1.8115098899131834,Asia,2.2845740413852673,-0.5559819049073077
6537,1989,Thailand,1.872370894119753,Asia,2.286640013746124,-0.5487812552562346
6538,1990,Thailand,2.054953906739461,Asia,2.288683289842684,-0.5415730858355629
6539,1991,Thailand,2.1014946746621317,Asia,2.2907038427332225,-0.5343574681861629
6540,1992,Thailand,2.097914615591157,Asia,2.2927016457015275,-0.5271344739442447
6541,1993,Thailand,2.1766759151526,Asia,2.294676672257234,-0.5199041748406305
6542,1994,Thailand,2.251857155643068,Asia,2.296628896136151,-0.5126666427000757
6543,1995,Thailand,2.3592589277723084,Asia,2.298558291300603,-0.505421949440507
6544,1996,Thailand,2.5060413496822695,Asia,2.300464831939747,-0.4981701670723407
6545,1997,Thailand,2.642083594379307,Asia,2.3023484924699003,-0.4909113676977578
6546,1998,Thailand,2.5955428264566365,Asia,2.304209247534866,-0.48364562350998075
6547,1999,Thailand,2.577642531101763,Asia,2.3060470720062467,-0.47637300679258776
6548,2000,Thailand,2.4809809361854467,Asia,2.30786194098377,-0.4690935899187446
6549,2001,Thailand,2.5167815268951936,Asia,2.3096538297956,-0.46180744535051765
6550,2002,Thailand,2.5096214087532442,Asia,2.311422713998656,-0.4545146456381365
6551,2003,Thailand,2.441600286404726,Asia,2.313168569378914,-0.44721526341930445
6552,2004,Thailand,2.5167815268951936,Asia,2.3148913719517252,-0.43990937141842573
6553,2005,Thailand,2.49888123154032,Asia,2.31659109796212,-0.4325970424459147
6554,2006,Thailand,2.3986395775530296,Asia,2.318267723885112,-0.42527834939746156
6555,2007,Thailand,2.3485187505593843,Asia,2.3199212264260005,-0.4179533652532976
6556,2008,Thailand,2.3592589277723084,Asia,2.321551582520666,-0.41062216307750116
6557,2009,Thailand,2.2804976282108655,Asia,2.323158769335876,-0.40328481601721905
6558,2010,Thailand,2.2912378054237896,Asia,2.324742764269577,-0.39594139730197025
6559,2011,Thailand,2.251857155643068,Asia,2.3263035449511857,-0.38859198024289837
6560,2012,Thailand,2.2554372147140427,Asia,2.327841089241877,-0.381236638232073
6561,2013,Thailand,2.276917569139891,Asia,2.3293553752348815,-0.373875444741708
6562,2014,Thailand,2.219636624004296,Asia,2.3308463812557645,-0.36650847332345976
6563,2015,Thailand,2.212476505862347,Asia,2.33231408586271,-0.35913579760768494
6564,2016,Thailand,2.1050747337331064,Asia,2.333758467846806,-0.35175749130269635
6565,2017,Thailand,2.0406336704555623,Asia,2.3351795062323193,-0.344373628194059
6566,2018,Thailand,1.9189116620424238,Asia,2.3365771802769744,-0.33698428214380266
6567,2019,Thailand,1.9582923118231452,Asia,2.337951469472228,-0.32958952708971667
6568,2020,Thailand,1.9976729616038666,Asia,2.3393023535435415,-0.32218943704460146
6569,2021,Thailand,1.9081714848294997,Asia,2.340629812450651,-0.31478408609552005
6570,2022,Thailand,1.9905128434619175,Asia,2.3419338263878293,-0.30737354840308906
6571,2023,Thailand,0.0,Asia,2.343214375784159,-0.299957898200687
6572,1971,Viet Nam,2.5203615859661683,Asia,2.344471441303793,-0.29253720979374337
6573,1972,Viet Nam,2.72084489394075,Asia,2.3457050038462106,-0.2851115575589778
6574,1973,Viet Nam,2.9750290879799515,Asia,2.3469150445464773,-0.27768101594368805
6575,1974,Viet Nam,2.3019779826367133,Asia,2.348101544775505,-0.27024565946495366
6576,1975,Viet Nam,2.5955428264566365,Asia,2.3492644861403007,-0.2628055627089221
6577,1976,Viet Nam,1.6933679405710191,Asia,2.3504038504842173,-0.2553608003300522
6578,1977,Viet Nam,1.797189653629285,Asia,2.3515196198872053,-0.24791144705035695
6579,1978,Viet Nam,1.840150362480981,Asia,2.352611776666054,-0.2404575776586869
6580,1979,Viet Nam,1.9833527253199679,Asia,2.353680303374641,-0.23299926700992918
6581,1980,Viet Nam,2.1587756197977264,Asia,2.3547251828041698,-0.22553659002428944
6582,1981,Viet Nam,2.0943345565201823,Asia,2.3557463979834106,-0.21806962168652239
6583,1982,Viet Nam,2.083594379307258,Asia,2.3567439321789343,-0.21059843704521214
6584,1983,Viet Nam,2.0692741430233594,Asia,2.357717768895351,-0.20312311121196744
6585,1984,Viet Nam,1.8938512485456012,Asia,2.3586678918755375,-0.19564371936070019
6586,1985,Viet Nam,1.8007697127002595,Asia,2.3595942851008704,-0.18816033672686136
6587,1986,Viet Nam,1.9081714848294997,Asia,2.3604969327914525,-0.18067303860667538
6588,1987,Viet Nam,2.1014946746621317,Asia,2.361375819406332,-0.17318190035641662
6589,1988,Viet Nam,1.9368119573972973,Asia,2.3622309296437325,-0.16568699739160025
6590,1989,Viet Nam,1.5143649870222857,Asia,2.363062248441271,-0.15818840518625693
6591,1990,Viet Nam,1.4248635102479192,Asia,2.3638697609761707,-0.15068619927215574
6592,1991,Viet Nam,1.3210417971896535,Asia,2.3646534526654803,-0.1431804552380771
6593,1992,Viet Nam,1.2601807929830842,Asia,2.3654133091662857,-0.13567124872900096
6594,1993,Viet Nam,1.3890629195381723,Asia,2.366149316375921,-0.1281586554453778
6595,1994,Viet Nam,1.4177033921059699,Asia,2.3668614604321734,-0.12064275114235716
6596,1995,Viet Nam,1.5179450460932606,Asia,2.367549727713492,-0.11312361162901553
6597,1996,Viet Nam,1.5609057549449565,Asia,2.3682141048391885,-0.10560131276762516
6598,1997,Viet Nam,1.7005280587129687,Asia,2.3688545786696373,-0.09807593047283827
6599,1998,Viet Nam,1.7757092992034367,Asia,2.3694711363064758,-0.09054754071095462
6600,1999,Viet Nam,1.6969479996419938,Asia,2.3700637650927985,-0.08301621949913786
6601,2000,Viet Nam,1.7470688266356393,Asia,2.370632452613351,-0.07548204290468151
6602,2001,Viet Nam,1.8007697127002595,Asia,2.3711771866947178,-0.06794508704419028
6603,2002,Viet Nam,1.972612548107044,Asia,2.371697955405516,-0.060405428082844756
6604,2003,Viet Nam,1.9368119573972973,Asia,2.372194747056577,-0.05286314223362324
6605,2004,Viet Nam,2.1909961514364986,Asia,2.3726675502011303,-0.04531830575652295
6606,2005,Viet Nam,2.1945762105074733,Asia,2.3731163536349853,-0.037770994957822684
6607,2006,Viet Nam,2.1122348518750558,Asia,2.37354114639671,-0.030221286189260538
6608,2007,Viet Nam,2.1766759151526,Asia,2.3739419177678083,-0.022669255847295205
6609,2008,Viet Nam,2.316298218920612,Asia,2.374318657272888,-0.015114980372315996
6610,2009,Viet Nam,2.430860109191802,Asia,2.3746713546798395,-0.007558536247902934
6611,2010,Viet Nam,2.584802649243713,Asia,2.375,-1.7451216887849782e-15
6612,2011,Viet Nam,2.4236999910498525,Asia,2.3753045834883197,0.007560551803817395
6613,2012,Viet Nam,2.2840776872818402,Asia,2.3755850956435265,0.01512304255514391
6614,2013,Viet Nam,2.2697574509979415,Asia,2.375841527208288,0.02268739560551152
6615,2014,Viet Nam,2.3592589277723084,Asia,2.376073869169369,0.03025353426714134
6616,2015,Viet Nam,2.49888123154032,Asia,2.376282112757788,0.03782138181376997
6617,2016,Viet Nam,2.6098630627405353,Asia,2.3764662494489706,0.045390861481393804
6618,2017,Viet Nam,2.4630806408305737,Asia,2.3766262709629036,0.05296189646905615
6619,2018,Viet Nam,2.9105880247024074,Asia,2.37676216926428,0.06053440993963484
6620,2019,Viet Nam,3.2614338136579257,Asia,2.3768739365626477,0.0681083250205883
6621,2020,Viet Nam,3.286494227154748,Asia,2.3769615653125533,0.07568356480478661
6622,2021,Viet Nam,3.0609505056833437,Asia,2.377025048213682,0.0832600523512586
6623,2022,Viet Nam,2.885527611205585,Asia,2.3770643782109993,0.09083771068599027
6624,2023,Viet Nam,0.0,Asia,2.377079548494884,0.0984164628026729
6625,1971,Other Asia,1.4320236283898686,Asia,2.377070552501265,0.1059962316635365
6626,1972,Other Asia,1.3783227423252484,Asia,2.377037383911752,0.11357694020009891
6627,1973,Other Asia,1.5000447507383872,Asia,2.3769800366537623,0.12115851131395795
6628,1974,Other Asia,1.6504072317193237,Asia,2.376898504900651,0.12874086787758385
6629,1975,Other Asia,1.4964646916674123,Asia,2.3767927830718327,0.1363239327350703
6630,1976,Other Asia,1.457084041886691,Asia,2.376662865832903,0.14390762870296991
6631,1977,Other Asia,1.57880605029983,Asia,2.3765087480957567,0.1514918785710463
6632,1978,Other Asia,1.510784927951311,Asia,2.3763304250187063,0.1590766051030769
6633,1979,Other Asia,1.5931262865837286,Asia,2.376127892006596,0.1666617310376058
6634,1980,Other Asia,1.7005280587129687,Asia,2.3759011447109093,0.17424717908878123
6635,1981,Other Asia,1.600286404725678,Asia,2.3756501790298823,0.18183287194710954
6636,1982,Other Asia,1.5716459321578808,Asia,2.375374991108609,0.1894187322802513
6637,1983,Other Asia,1.6038664637966527,Asia,2.3750755773391417,0.19700468273381805
6638,1984,Other Asia,1.6181867000805514,Asia,2.374751934360598,0.20459064593212747
6639,1985,Other Asia,0.9164951221695159,Asia,2.3744040590592563,0.21217654447904313
6640,1986,Other Asia,0.8377338226080732,Asia,2.374031948568652,0.21976230095873037
6641,1987,Other Asia,0.8627942361048957,Asia,2.373635600269671,0.22734783793646302
6642,1988,Other Asia,0.805513290969301,Asia,2.373215011790644,0.23493307795938023
6643,1989,Other Asia,0.7947731137563769,Asia,2.372770181007433,0.24251794355732798
6644,1990,Other Asia,0.8126734091112503,Asia,2.372301106043516,0.25010235724361607
6645,1991,Other Asia,0.7876129956144275,Asia,2.371807785270072,0.2576862415158186
6646,1992,Other Asia,0.7088516960529849,Asia,2.371290217306064,0.26526951885657396
6647,1993,Other Asia,0.7052716369820102,Asia,2.370748401018317,0.2728521117343437
6648,1994,Other Asia,0.6945314597690861,Asia,2.3701823355215907,0.28043394260425547
6649,1995,Other Asia,0.6515707509173901,Asia,2.369592020178657,0.28801493390886207
6650,1996,Other Asia,0.6730511053432382,Asia,2.3689774546003672,0.2955950080789523
6651,1997,Other Asia,0.6837912825561622,Asia,2.3683386386457284,0.3031740875343102
6652,1998,Other Asia,0.7016915779110355,Asia,2.3676755724219576,0.3107520946845598
6653,1999,Other Asia,0.6945314597690861,Asia,2.366988256284555,0.3183289519299255
6654,2000,Other Asia,0.7267519914078582,Asia,2.3662766908373603,0.3259045816620356
6655,2001,Other Asia,0.7911930546854024,Asia,2.3655408769326103,0.33347890626472454
6656,2002,Other Asia,0.7983531728273517,Asia,2.3647808156709997,0.3410518481147954
6657,2003,Other Asia,0.8126734091112503,Asia,2.363996508401728,0.34862332958286507
6658,2004,Other Asia,0.7804528774724783,Asia,2.3631879567225553,0.3561932730341267
6659,2005,Other Asia,0.7697127002595543,Asia,2.362355162479845,0.3637616008291535
6660,2006,Other Asia,0.7374921686207823,Asia,2.3614981277686153,0.37132823532470405
6661,2007,Other Asia,0.7160118141949343,Asia,2.36061685493258,0.3788930988744846
6662,2008,Other Asia,0.7231719323368836,Asia,2.3597113465641875,0.38645611382999606
6663,2009,Other Asia,0.805513290969301,Asia,2.358781605504658,0.3940172025412976
6664,2010,Other Asia,0.8126734091112503,Asia,2.3578276348440217,0.4015762873578204
6665,2011,Other Asia,0.8520540588919717,Asia,2.3568494379211535,0.4091332906291315
6666,2012,Other Asia,0.7374921686207823,Asia,2.355847018323797,0.41668813470578125
6667,2013,Other Asia,0.6837912825561622,Asia,2.3548203798885954,0.424240741940068
6668,2014,Other Asia,0.7303320504788329,Asia,2.353769526701119,0.4317910346868442
6669,2015,Other Asia,0.8305737044661238,Asia,2.3526944630958817,0.4393389353043225
6670,2016,Other Asia,0.8198335272531997,Asia,2.35159519365637,0.4468843661548409
6671,2017,Other Asia,0.8162534681822251,Asia,2.350471723215052,0.4544272496057113
6672,2018,Other Asia,0.8341537635370984,Asia,2.3493240568533973,0.46196750802998443
6673,2019,Other Asia,0.8448939407500223,Asia,2.3481521999018837,0.46950506380726553
6674,2020,Other Asia,1.099078134789224,Asia,2.346956157940017,0.47703983932447924
6675,2021,Other Asia,1.0632775440794773,Asia,2.3457359367963297,0.4845717569767196
6676,2022,Other Asia,1.066857603150452,Asia,2.3444915425483868,0.4921007391680147
6677,2023,Other Asia,0.0,Asia,2.34322298152279,0.4996267083121349
6678,1971,Asia (excl. China),2.6027029445985854,Asia,2.341930260295176,0.5071495868334001
6679,1972,Asia (excl. China),2.5955428264566365,Asia,2.3406133856902183,0.5146692971674461
6680,1973,Asia (excl. China),2.55258211760494,Asia,2.3392723647816123,0.5221857617620741
6681,1974,Asia (excl. China),2.55258211760494,Asia,2.337907204892073,0.5296989030780164
6682,1975,Asia (excl. China),2.577642531101763,Asia,2.336517913593323,0.5372086435897532
6683,1976,Asia (excl. China),2.588382708314687,Asia,2.335104498706085,0.544714905786279
6684,1977,Asia (excl. China),2.55258211760494,Asia,2.333666968300054,0.5522176121719522
6685,1978,Asia (excl. China),2.4809809361854467,Asia,2.3322053306938875,0.559716685267261
6686,1979,Asia (excl. China),2.6027029445985854,Asia,2.330719594455184,0.5672120476096332
6687,1980,Asia (excl. China),2.620603239953459,Asia,2.329209768400453,0.5747036217542421
6688,1981,Asia (excl. China),2.5812225901727377,Asia,2.327675861595102,0.5821913302747748
6689,1982,Asia (excl. China),2.5812225901727377,Asia,2.326117883353393,0.5896750957642818
6690,1983,Asia (excl. China),2.577642531101763,Asia,2.3245358432384196,0.5971548408359432
6691,1984,Asia (excl. China),2.599122885527611,Asia,2.322929751062068,0.6046304881238849
6692,1985,Asia (excl. China),2.642083594379307,Asia,2.3212996168849913,0.6121019602839464
6693,1986,Asia (excl. China),2.677884185089054,Asia,2.319645451016558,0.6195691799945295
6694,1987,Asia (excl. China),2.6850443032310034,Asia,2.3179672640148143,0.6270320699573654
6695,1988,Asia (excl. China),2.6492437125212565,Asia,2.316265066686443,0.6344905528983223
6696,1989,Asia (excl. China),2.6277633580954083,Asia,2.314538870086713,0.6419445515682141
6697,1990,Asia (excl. China),2.6599838897341805,Asia,2.312788685519439,0.6493939887435671
6698,1991,Asia (excl. China),2.702944598585877,Asia,2.3110145245369127,0.6568387872274682
6699,1992,Asia (excl. China),2.6492437125212565,Asia,2.3092163989398635,0.6642788698503322
6700,1993,Asia (excl. China),2.645663653450282,Asia,2.307394320777394,0.6717141594707181
6701,1994,Asia (excl. China),2.6098630627405353,Asia,2.305548302346927,0.6791445789760951
6702,1995,Asia (excl. China),2.642083594379307,Asia,2.303678356194134,0.6865700512836909
6703,1996,Asia (excl. China),2.6027029445985854,Asia,2.301784495112877,0.6939904993412588
6704,1997,Asia (excl. China),2.6528237715922316,Asia,2.2998667321451407,0.7014058461278848
6705,1998,Asia (excl. China),2.702944598585877,Asia,2.2979250805809572,0.7088160146547946
6706,1999,Asia (excl. China),2.7280050120826993,Asia,2.295959553958347,0.7162209279661195
6707,2000,Asia (excl. China),2.702944598585877,Asia,2.293970166063226,0.723620509139745
6708,2001,Asia (excl. China),2.702944598585877,Asia,2.291956930929341,0.731014681288076
6709,2002,Asia (excl. China),2.6743041260180793,Asia,2.289919862838184,0.7384033675588432
6710,2003,Asia (excl. China),2.624183299024434,Asia,2.287858976318908,0.7457864911359103
6711,2004,Asia (excl. China),2.6170231808824846,Asia,2.2857742861482535,0.7531639752400391
6712,2005,Asia (excl. China),2.549002058533966,Asia,2.2836658073504434,0.7605357431297363
6713,2006,Asia (excl. China),2.5060413496822695,Asia,2.281533555197102,0.767901718102018
6714,2007,Asia (excl. China),2.5060413496822695,Asia,2.27937754520716,0.7752618234932251
6715,2008,Asia (excl. China),2.513201467824219,Asia,2.2771977931467675,0.7826159826797866
6716,2009,Asia (excl. China),2.49888123154032,Asia,2.2749943150291774,0.7899641190790662
6717,2010,Asia (excl. China),2.4774008771144724,Asia,2.2727671271146614,0.7973061561501268
6718,2011,Asia (excl. China),2.4774008771144724,Asia,2.2705162459103985,0.8046420173945346
6719,2012,Asia (excl. China),2.4702407589725226,Asia,2.2682416881703693,0.8119716263571645
6720,2013,Asia (excl. China),2.384319341269131,Asia,2.265943470895256,0.8192949066269632
6721,2014,Asia (excl. China),2.4236999910498525,Asia,2.263621611332319,0.8266117818377945
6722,2015,Asia (excl. China),2.3556788687013337,Asia,2.2612761269752903,0.8339221756692022
6723,2016,Asia (excl. China),2.273337510068916,Asia,2.258907035564253,0.8412260118472211
6724,2017,Asia (excl. China),2.276917569139891,Asia,2.2565143550855367,0.8485232141451409
6725,2018,Asia (excl. China),2.2661773919269668,Asia,2.254098103771574,0.8558137063843491
6726,2019,Asia (excl. China),2.226796742146245,Asia,2.2516583001007926,0.8630974124350927
6727,2020,Asia (excl. China),2.2053163877203974,Asia,2.2491949627974823,0.8703742562172814
6728,2021,Asia (excl. China),2.187416092365524,Asia,2.2467081108316678,0.8776441617012891
6729,2022,Asia (excl. China),2.2232166830752704,Asia,2.2441977634189842,0.884907052908716
6730,2023,Asia (excl. China),0.0,Asia,2.2416639400205276,0.8921628539132288
6731,1971,People's Rep. of China,11.162624183299023,Asia,2.2391066603427294,0.8994114888413229
6732,1972,People's Rep. of China,11.456189027118949,Asia,2.2365259443372127,0.9066528818731306
6733,1973,People's Rep. of China,11.05164235209881,Asia,2.2339218122006614,0.9138869572431816
6734,1974,People's Rep. of China,11.023001879531014,Asia,2.2312942843746555,0.9211136392412417
6735,1975,People's Rep. of China,11.835675288642262,Asia,2.2286433815455418,0.9283328522130743
6736,1976,People's Rep. of China,12.51588651212745,Asia,2.225969124644276,0.9355445205612384
6737,1977,People's Rep. of China,13.171037322115815,Asia,2.2232715348462695,0.9427485687458872
6738,1978,People's Rep. of China,13.382260807303322,Asia,2.220550633571249,0.9499449212855273
6739,1979,People's Rep. of China,12.659088874966438,Asia,2.2178064424830786,0.9571335027578562
6740,1980,People's Rep. of China,11.459769086189922,Asia,2.215038983489613,0.9643142378005203
6741,1981,People's Rep. of China,10.843998925982278,Asia,2.212248278742529,0.9714870511119189
6742,1982,People's Rep. of China,10.364271010471672,Asia,2.2094343506371734,0.978651867451963
6743,1983,People's Rep. of China,9.830842208896446,Asia,2.206597221812378,0.9858086116429099
6744,1984,People's Rep. of China,9.304573525463171,Asia,2.2037369151503,0.9929572085701196
6745,1985,People's Rep. of China,8.230555804170768,Asia,2.2008534537762467,1.00009758318285
6746,1986,People's Rep. of China,8.00143202362839,Asia,2.1979468610585005,1.0072296604950526
6747,1987,People's Rep. of China,7.668486530027745,Asia,2.195017160608151,1.014353365586127
6748,1988,People's Rep. of China,7.432202631343418,Asia,2.192064376278895,1.021468623601753
6749,1989,People's Rep. of China,7.382081804349772,Asia,2.1890885321668696,1.0285753597546468
6750,1990,People's Rep. of China,7.220979146155911,Asia,2.18608965261046,1.0356734993253607
6751,1991,People's Rep. of China,6.981115188400608,Asia,2.183067762190122,1.0427629676630354
6752,1992,People's Rep. of China,6.372505146334914,Asia,2.180022885728176,1.0498436901862327
6753,1993,People's Rep. of China,6.093260538798891,Asia,2.1769550482886237,1.056915592383687
6754,1994,People's Rep. of China,5.606372505146336,Asia,2.1738642751769532,1.0639785998150955
6755,1995,People's Rep. of China,5.6350129777141325,Asia,2.170750591939935,1.0710326381119097
6756,1996,People's Rep. of China,5.076523762642084,Asia,2.167614024365435,1.0780776329780846
6757,1997,People's Rep. of China,4.732838091828516,Asia,2.164454598482195,1.085113510190909
6758,1998,People's Rep. of China,4.5323547838539335,Asia,2.161272340559635,1.0921401956017533
6759,1999,People's Rep. of China,4.070527163698201,Asia,2.1580672771076452,1.0991576151368574
6760,2000,People's Rep. of China,3.9523852143560374,Asia,2.154839434876374,1.10616569479812
6761,2001,People's Rep. of China,3.8342432650138725,Asia,2.1515888408560246,1.1131643606638453
6762,2002,People's Rep. of China,3.7948626152331517,Asia,2.1483155222766213,1.1201535388895678
6763,2003,People's Rep. of China,3.9989259822787075,Asia,2.145019506607803,1.1271331557088002
6764,2004,People's Rep. of China,4.231629821892061,Asia,2.1417008215585978,1.1341031374338255
6765,2005,People's Rep. of China,4.3318714758793515,Asia,2.138359495077215,1.1410634104564434
6766,2006,People's Rep. of China,4.23878994003401,Asia,2.1349955553507947,1.1480139012487918
6767,2007,People's Rep. of China,4.0275664548465056,Asia,2.1316090308051954,1.1549545363640918
6768,2008,People's Rep. of China,3.7877024970912023,Asia,2.12819995010476,1.161885242437431
6769,2009,People's Rep. of China,3.7017810793878096,Asia,2.1247683421520795,1.1688059461865439
6770,2010,People's Rep. of China,3.676720665890987,Asia,2.121314236087771,1.1757165744125555
6771,2011,People's Rep. of China,3.676720665890987,Asia,2.117837661290217,1.1826170540008003
6772,2012,People's Rep. of China,3.508457889555178,Asia,2.114338647375342,1.189507311921564
6773,2013,People's Rep. of China,3.4046361764969117,Asia,2.110817224196356,1.1963872752308686
6774,2014,People's Rep. of China,3.1719323368835584,Asia,2.107273421843533,1.203256871071215
6775,2015,People's Rep. of China,2.93564843819923,Asia,2.103707270643931,1.210116026672398
6776,2016,People's Rep. of China,2.7423252483665985,Asia,2.100118801161161,1.2169646693522442
6777,2017,People's Rep. of China,2.620603239953459,Asia,2.096508044195129,1.2238027265173888
6778,2018,People's Rep. of China,2.5740624720307888,Asia,2.0928750307817765,1.2306301256640524
6779,2019,People's Rep. of China,2.4702407589725226,Asia,2.0892197921928393,1.2374467943787772
6780,2020,People's Rep. of China,2.4380202273337512,Asia,2.0855423599355594,1.2442526603392372
6781,2021,People's Rep. of China,2.377159223127182,Asia,2.0818427657524414,1.2510476513149766
6782,2022,People's Rep. of China,2.316298218920612,Asia,2.078121041620977,1.2578316951681883
6783,2023,People's Rep. of China,0.0,Asia,2.074377219753394,1.264604719854447
6784,1971,"Hong Kong, China",1.1491989617828695,Asia,2.070611332596358,1.2713666534235206
6785,1972,"Hong Kong, China",1.0740177212924014,Asia,2.0668234128307206,1.2781174240201003
6786,1973,"Hong Kong, China",0.9666159491631612,Asia,2.063013493371236,1.2848569598845714
6787,1974,"Hong Kong, China",1.077597780363376,Asia,2.05918160736628,1.2915851893537809
6788,1975,"Hong Kong, China",1.0596974850085026,Asia,2.0553277881975855,1.298302040861769
6789,1976,"Hong Kong, China",1.0561174259375279,Asia,2.0514520694799354,1.3050074429405727
6790,1977,"Hong Kong, China",1.0919180166472746,Asia,2.047554485060893,1.3117013242209552
6791,1978,"Hong Kong, China",1.0704376622214267,Asia,2.0436350690205036,1.3183836134331774
6792,1979,"Hong Kong, China",0.8914347086726931,Asia,2.0396938556710267,1.3250542394077272
6793,1980,"Hong Kong, China",0.826993645395149,Asia,2.035730879556611,1.331713131076118
6794,1981,"Hong Kong, China",0.8126734091112503,Asia,2.0317461754530206,1.3383602174716172
6795,1982,"Hong Kong, China",0.9129150630985411,Asia,2.0277397783673283,1.3449954277300034
6796,1983,"Hong Kong, China",1.013156717085832,Asia,2.023711723537617,1.351618691090333
6797,1984,"Hong Kong, China",1.0167367761568065,Asia,2.0196620464326904,1.358229936895661
6798,1985,"Hong Kong, China",1.0525373668665532,Asia,2.0155907827517408,1.3648290945938344
6799,1986,"Hong Kong, China",1.0811778394343505,Asia,2.0114979684240617,1.3714160937382185
6800,1987,"Hong Kong, China",0.970196008234136,Asia,2.0073836396087312,1.3779908639884515
6801,1988,"Hong Kong, China",0.9916763626599839,Asia,2.0032478326942966,1.384553335111201
6802,1989,"Hong Kong, China",1.009576658014857,Asia,1.9990905842984752,1.3911034369808835
6803,1990,"Hong Kong, China",1.0059965989438826,Asia,1.994911931267812,1.397641099580456
6804,1991,"Hong Kong, China",1.041797189653629,Asia,1.9907119106773776,1.4041662530021333
6805,1992,"Hong Kong, China",1.0954980757182493,Asia,1.9864905598304337,1.4106788274481463
6806,1993,"Hong Kong, China",1.0525373668665532,Asia,1.9822479162581315,1.4171787532314597
6807,1994,"Hong Kong, China",0.8413138816790476,Asia,1.977984017719154,1.4236659607765578
6808,1995,"Hong Kong, China",0.8341537635370984,Asia,1.9736989021994047,1.4301403806201585
6809,1996,"Hong Kong, China",0.7446522867627315,Asia,1.9693926079116715,1.4366019434119617
6810,1997,"Hong Kong, China",0.6873713416271368,Asia,1.965065173295288,1.4430505799153974
6811,1998,"Hong Kong, China",0.9129150630985411,Asia,1.9607166370158162,1.4494862210083383
6812,1999,"Hong Kong, China",0.9522957128792625,Asia,1.9563470379646761,1.4559087976838787
6813,2000,"Hong Kong, China",0.8126734091112503,Asia,1.9519564152588247,1.4623182410510445
6814,2001,"Hong Kong, China",0.8090933500402757,Asia,1.9475448082404039,1.4687144823355458
6815,2002,"Hong Kong, China",0.7804528774724783,Asia,1.943112256476411,1.4750974528804819
6816,2003,"Hong Kong, China",0.8234135863241744,Asia,1.93865879975832,1.4814670841471198
6817,2004,"Hong Kong, China",0.6945314597690861,Asia,1.934184478101753,1.4878233077155987
6818,2005,"Hong Kong, China",0.6837912825561622,Asia,1.9296893317461195,1.4941660552856713
6819,2006,"Hong Kong, China",0.6300903964915421,Asia,1.9251734011542543,1.5004952586774394
6820,2007,"Hong Kong, China",0.6229302783495927,Asia,1.9206367270120814,1.506810849832059
6821,2008,"Hong Kong, China",0.5907097467108208,Asia,1.916079350228222,1.5131127608125103
6822,2009,"Hong Kong, China",0.6372505146334915,Asia,1.9115013119336515,1.519400923804299
6823,2010,"Hong Kong, China",0.554909156001074,Asia,1.9069026534813218,1.5256752711161963
6824,2011,"Hong Kong, China",0.565649333213998,Asia,1.9022834164458176,1.5319357351809384
6825,2012,"Hong Kong, China",0.5513290969300993,Asia,1.8976436426229526,1.5381822485559928
6826,2013,"Hong Kong, China",0.5513290969300993,Asia,1.8929833740294173,1.5444147439242546
6827,2014,"Hong Kong, China",0.5513290969300993,Asia,1.8883026529023985,1.5506331540947753
6828,2015,"Hong Kong, China",0.5012082699364541,Asia,1.8836015216991988,1.5568374120034925
6829,2016,"Hong Kong, China",0.49762821086547937,Asia,1.8788800230968765,1.5630274507139241
6830,2017,"Hong Kong, China",0.47256779736865656,Asia,1.8741381999918296,1.5692032034179262
6831,2018,"Hong Kong, China",0.45824756108475795,Asia,1.8693760954994358,1.5753646034363857
6832,2019,"Hong Kong, China",0.45824756108475795,Asia,1.864593752953654,1.581511584219952
6833,2020,"Hong Kong, China",0.3830663205942898,Asia,1.8597912159066547,1.5876440793497237
6834,2021,"Hong Kong, China",0.36516602523941644,Asia,1.8549685281283972,1.5937620225380056
6835,2022,"Hong Kong, China",0.35084578895551777,Asia,1.8501257336062586,1.599865347628995
6836,2023,"Hong Kong, China",0.0,Asia,1.8452628765446308,1.6059539885995013
6837,1971,"China (incl. Hong Kong, China)",10.127987111787345,Asia,1.840380001364515,1.6120278795596628
6838,1972,"China (incl. Hong Kong, China)",10.32489036069095,Asia,1.8354771527031455,1.6180869547536314
6839,1973,"China (incl. Hong Kong, China)",9.90960350845789,Asia,1.8305543754135531,1.6241311485603225
6840,1974,"China (incl. Hong Kong, China)",9.895283272173991,Asia,1.8256117145641788,1.6301603954940929
6841,1975,"China (incl. Hong Kong, China)",10.697216504072317,Asia,1.820649215438457,1.6361746302054632
6842,1976,"China (incl. Hong Kong, China)",11.112503356305378,Asia,1.815666923534428,1.6421737874817957
6843,1977,"China (incl. Hong Kong, China)",11.64235209880963,Asia,1.8106648845642905,1.648157802248039
6844,1978,"China (incl. Hong Kong, China)",11.860735702139086,Asia,1.8056431444540102,1.654126609567403
6845,1979,"China (incl. Hong Kong, China)",11.15904412422805,Asia,1.8006017493428959,1.6600801446420672
6846,1980,"China (incl. Hong Kong, China)",10.0778662847937,Asia,1.795540745583175,1.6660183428138895
6847,1981,"China (incl. Hong Kong, China)",9.497896715295802,Asia,1.7904601797395965,1.6719411395650774
6848,1982,"China (incl. Hong Kong, China)",9.157791103553208,Asia,1.7853600985889682,1.6778484705189245
6849,1983,"China (incl. Hong Kong, China)",8.74608431039112,Asia,1.7802405491197575,1.6837402714404819
6850,1984,"China (incl. Hong Kong, China)",8.327217399087086,Asia,1.7751015785316553,1.6896164782372607
6851,1985,"China (incl. Hong Kong, China)",7.471583281124139,Asia,1.7699432342351384,1.69547702695993
6852,1986,"China (incl. Hong Kong, China)",7.253199677794683,Asia,1.764765563851061,1.7013218538029864
6853,1987,"China (incl. Hong Kong, China)",6.934574420477938,Asia,1.759568615210185,1.7071508951054817
6854,1988,"China (incl. Hong Kong, China)",6.741251230645306,Asia,1.7543524363527634,1.7129640873516894
6855,1989,"China (incl. Hong Kong, China)",6.709030699006534,Asia,1.7491170755280891,1.7187613671718032
6856,1990,"China (incl. Hong Kong, China)",6.565828336167547,Asia,1.7438625811940782,1.7245426713426026
6857,1991,"China (incl. Hong Kong, China)",6.372505146334914,Asia,1.7385890020167882,1.7303079367881742
6858,1992,"China (incl. Hong Kong, China)",5.867716817327486,Asia,1.7332963868699947,1.7360571005805716
6859,1993,"China (incl. Hong Kong, China)",5.642173095856082,Asia,1.7279847848347376,1.7417900999405056
6860,1994,"China (incl. Hong Kong, China)",5.2018258301261975,Asia,1.7226542451988631,1.747506872238032
6861,1995,"China (incl. Hong Kong, China)",5.255526716190817,Asia,1.7173048174565957,1.7532073549932086
6862,1996,"China (incl. Hong Kong, China)",4.750738387183389,Asia,1.7119365513080433,1.7588914858768085
6863,1997,"China (incl. Hong Kong, China)",4.4428533070795675,Asia,1.7065494966587664,1.7645592027109769
6864,1998,"China (incl. Hong Kong, China)",4.29965094424058,Asia,1.701143703619305,1.7702104434699175
6865,1999,"China (incl. Hong Kong, China)",3.880784032936544,Asia,1.6957192225047382,1.7758451462805438
6866,2000,"China (incl. Hong Kong, China)",3.762642083594379,Asia,1.6902761038341865,1.7814632494231881
6867,2001,"China (incl. Hong Kong, China)",3.6624004296070884,Asia,1.6848143983303672,1.787064691332253
6868,2002,"China (incl. Hong Kong, China)",3.633759957039291,Asia,1.6793341569191202,1.7926494105968844
6869,2003,"China (incl. Hong Kong, China)",3.841403383155822,Asia,1.6738354307289296,1.798217345961648
6870,2004,"China (incl. Hong Kong, China)",4.056206927414302,Asia,1.668318271090475,1.8037684363271738
6871,2005,"China (incl. Hong Kong, China)",4.160028640472567,Asia,1.6627827295361206,1.8093026207508593
6872,2006,"China (incl. Hong Kong, China)",4.07768728184015,Asia,1.6572288577994592,1.8148198384475094
6873,2007,"China (incl. Hong Kong, China)",3.8843640920075178,Asia,1.651656707814821,1.8203200287900112
6874,2008,"China (incl. Hong Kong, China)",3.6624004296070884,Asia,1.6460663317168176,1.8258031313099745
6875,2009,"China (incl. Hong Kong, China)",3.59437930725857,Asia,1.6404577818398185,1.8312690856984273
6876,2010,"China (incl. Hong Kong, China)",3.5728989528327215,Asia,1.6348311107174898,1.8367178318064503
6877,2011,"China (incl. Hong Kong, China)",3.5728989528327215,Asia,1.629186371082298,1.8421493096458412
6878,2012,"China (incl. Hong Kong, China)",3.418956412780811,Asia,1.6235236158650153,1.847563459389778
6879,2013,"China (incl. Hong Kong, China)",3.322294817864495,Asia,1.6178428981942514,1.8529602213734488
6880,2014,"China (incl. Hong Kong, China)",3.100331155464065,Asia,1.6121442713959169,1.8583395360947392
6881,2015,"China (incl. Hong Kong, China)",2.8676273158507115,Asia,1.6064277889927552,1.863701344214864
6882,2016,"China (incl. Hong Kong, China)",2.6850443032310034,Asia,1.6006935047038282,1.8690455865590263
6883,2017,"China (incl. Hong Kong, China)",2.566902353888839,Asia,1.5949414724440403,1.8743722041170439
6884,2018,"China (incl. Hong Kong, China)",2.5203615859661683,Asia,1.5891717463235966,1.8796811380440301
6885,2019,"China (incl. Hong Kong, China)",2.427280050120827,Asia,1.5833843806475216,1.8849723296610184
6886,2020,"China (incl. Hong Kong, China)",2.395059518482055,Asia,1.577579429915147,1.890245720455611
6887,2021,"China (incl. Hong Kong, China)",2.33777857334646,Asia,1.5717569488195908,1.8955012520826255
6888,2022,"China (incl. Hong Kong, China)",2.2804976282108655,Asia,1.5659169922472758,1.900738866364717
6889,2023,"China (incl. Hong Kong, China)",0.0,Asia,1.5600596152773722,1.9059585052930479
6890,1971,Argentina,1.1241385482860469,South America,1.5541848731813088,1.9111601110279048
6891,1972,Argentina,1.1348787254989707,South America,1.5482928214222407,1.916343625899344
6892,1973,Argentina,1.1420388436409201,South America,1.5423835156545551,1.9215089924078075
6893,1974,Argentina,1.0883379575763,South America,1.5364570117233092,1.9266561532247868
6894,1975,Argentina,1.0561174259375279,South America,1.5305133656637302,1.9317850511934316
6895,1976,Argentina,1.1241385482860469,South America,1.5245526337006823,1.9368956293291861
6896,1977,Argentina,1.099078134789224,South America,1.5185748722481323,1.9419878308204253
6897,1978,Argentina,1.1348787254989707,South America,1.512580137908643,1.9470615990290536
6898,1979,Argentina,1.0847578985053254,South America,1.5065684874727998,1.9521168774911686
6899,1980,Argentina,1.0525373668665532,South America,1.500539977918704,1.9571536099176587
6900,1981,Argentina,1.0919180166472746,South America,1.494494666411427,1.962171740194833
6901,1982,Argentina,1.120558489215072,South America,1.4884326103024637,1.9671712123850438
6902,1983,Argentina,1.120558489215072,South America,1.482353867129219,1.9721519707272854
6903,1984,Argentina,1.0919180166472746,South America,1.476258494614424,1.977113959637843
6904,1985,Argentina,1.0919180166472746,South America,1.4701465506656162,1.9820571237108868
6905,1986,Argentina,1.0883379575763,South America,1.4640180933745777,1.9869814077190922
6906,1987,Argentina,1.1277186073570213,South America,1.4578731810168155,1.991886756614236
6907,1988,Argentina,1.1957397297055403,South America,1.451711872050966,1.9967731155278343
6908,1989,Argentina,1.2530206748411348,South America,1.4455342251182695,2.0016404297717307
6909,1990,Argentina,1.1849995524926162,South America,1.439340299042007,2.006488644838707
6910,1991,Argentina,1.1384587845699454,South America,1.433130152826937,2.011317706403095
6911,1992,Argentina,1.0489573077955785,South America,1.4269038456587624,2.0161275603213604
6912,1993,Argentina,1.0203168352277812,South America,1.4206614369035264,2.0209181526327287
6913,1994,Argentina,0.9880963035890094,South America,1.4144029861070775,2.025689429559773
6914,1995,Argentina,1.0203168352277812,South America,1.4081285529944898,2.030441337509015
6915,1996,Argentina,1.0632775440794773,South America,1.4018381974695222,2.0351738230715055
6916,1997,Argentina,1.0059965989438826,South America,1.3955319796140067,2.039886833023445
6917,1998,Argentina,1.0238968942987559,South America,1.3892099596873062,2.044580314326761
6918,1999,Argentina,1.0740177212924014,South America,1.3828721981257328,2.049254214129701
6919,2000,Argentina,1.0740177212924014,South America,1.3765187555419631,2.0539084797674265
6920,2001,Argentina,1.0632775440794773,South America,1.3701496927244927,2.058543058762582
6921,2002,Argentina,1.1241385482860469,South America,1.3637650706370121,2.0631578988259105
6922,2003,Argentina,1.120558489215072,South America,1.3573649504178524,2.067752947856814
6923,2004,Argentina,1.1384587845699454,South America,1.3509493933793888,2.0723281539439498
6924,2005,Argentina,1.0811778394343505,South America,1.344518461007485,2.076883465365789
6925,2006,Argentina,1.0596974850085026,South America,1.3380722149608604,2.0814188305912253
6926,2007,Argentina,1.0238968942987559,South America,1.331610717070531,2.08593419828013
6927,2008,Argentina,1.009576658014857,South America,1.3251340293392107,2.090429517283933
6928,2009,Argentina,1.0024165398729081,South America,1.3186422139407115,2.094904736646201
6929,2010,Argentina,0.9737760673051106,South America,1.3121353332193764,2.0993598056031897
6930,2011,Argentina,0.9666159491631612,South America,1.3056134496894394,2.1037946735844386
6931,2012,Argentina,0.9880963035890094,South America,1.2990766260344562,2.1082092902133236
6932,2013,Argentina,0.9880963035890094,South America,1.2925249251066886,2.11260360530763
6933,2014,Argentina,0.9952564217309587,South America,1.2859584099265318,2.116977568880096
6934,2015,Argentina,1.0024165398729081,South America,1.279377143681863,2.1213311311390055
6935,2016,Argentina,1.013156717085832,South America,1.2727811897274695,2.1256642424887273
6936,2017,Argentina,0.9630358900921866,South America,1.266170611584429,2.129976853530279
6937,2018,Argentina,0.9737760673051106,South America,1.2595454729394926,2.1342689150618868
6938,2019,Argentina,0.9415555356663385,South America,1.2529058376445052,2.138540378079522
6939,2020,Argentina,0.9451355947373131,South America,1.2462517697157454,2.142791193777482
6940,2021,Argentina,0.9415555356663385,South America,1.2395833333333377,2.147021313548919
6941,2022,Argentina,0.9666159491631612,South America,1.232900592840631,2.151230688986396
6942,2023,Argentina,0.0,South America,1.2262036127435698,2.15541927188244
6943,1971,Bolivia,0.9129150630985411,South America,1.219492457710104,2.159587014230063
6944,1972,Bolivia,0.9415555356663385,South America,1.2127671925695203,2.1637338682233365
6945,1973,Bolivia,0.937975476595364,South America,1.2060278823118475,2.167859786257913
6946,1974,Bolivia,0.9988364808019333,South America,1.1992745920872152,2.171964720931573
6947,1975,Bolivia,1.0919180166472746,South America,1.192507387205256,2.176048625044746
6948,1976,Bolivia,1.1384587845699454,South America,1.1857263331344285,2.180111451601069
6949,1977,Bolivia,1.156359079924819,South America,1.1789314955014176,2.184153153807907
6950,1978,Bolivia,1.2351203794862613,South America,1.1721229400904922,2.1881736850768836
6951,1979,Bolivia,1.220800143202363,South America,1.1653007328428606,2.1921729990244168
6952,1980,Bolivia,1.270920970196008,South America,1.158464939856067,2.196151049472228
6953,1981,Bolivia,1.3675825651123243,South America,1.151615627383304,2.200107790447895
6954,1982,Bolivia,1.5179450460932606,South America,1.1447528618328036,2.2040431761853556
6955,1983,Bolivia,1.6181867000805514,South America,1.1378767097671776,2.207957161125438
6956,1984,Bolivia,1.4821444553835137,South America,1.1309872379028072,2.211849699916364
6957,1985,Bolivia,1.4606641009576657,South America,1.124084513109148,2.215720747414291
6958,1986,Bolivia,1.4141233330349952,South America,1.1171686024081136,2.21957025868381
6959,1987,Bolivia,1.4391837465318178,South America,1.1102395729734187,2.223398188998462
6960,1988,Bolivia,1.403383155822071,South America,1.1032974921299206,2.2272044938412567
6961,1989,Bolivia,1.4714042781705896,South America,1.096342427352997,2.230989128905163
6962,1990,Bolivia,1.5465855186610578,South America,1.0893744462678432,2.2347520500936375
6963,1991,Bolivia,1.4857245144544884,South America,1.0823936166488497,2.2384932135211204
6964,1992,Bolivia,1.5251051642352098,South America,1.0754000064189257,2.2422125755135394
6965,1993,Bolivia,1.5430054595900833,South America,1.068393683648873,2.2459100926087996
6966,1994,Bolivia,1.611026581938602,South America,1.0613747165566751,2.2495857215573034
6967,1995,Bolivia,1.7255884722097914,South America,1.0543431735068678,2.2532394193224334
6968,1996,Bolivia,1.6038664637966527,South America,1.0472991230098658,2.25687114308105
6969,1997,Bolivia,1.5501655777320325,South America,1.0402426337212867,2.2604808502239875
6970,1998,Bolivia,1.535845341448134,South America,1.0331737744413174,2.2640684983565307
6971,1999,Bolivia,1.4356036874608433,South America,1.026092614113995,2.2676340452989256
6972,2000,Bolivia,1.4177033921059699,South America,1.0189992218265667,2.271177449086851
6973,2001,Bolivia,1.3890629195381723,South America,1.0118936668088017,2.274698667971909
6974,2002,Bolivia,1.4535039828157164,South America,1.004776018432349,2.2781976604220935
6975,2003,Bolivia,1.5036248098093619,South America,0.9976463462100125,2.281674385122294
6976,2004,Bolivia,1.5537456368030074,South America,0.9905047197951038,2.285128800974755
6977,2005,Bolivia,1.57880605029983,South America,0.9833512089807571,2.2885608670995596
6978,2006,Bolivia,1.6504072317193237,South America,0.9761858836992383,2.2919705428351045
6979,2007,Bolivia,1.7757092992034367,South America,0.9690088140212949,2.295357787738557
6980,2008,Bolivia,1.7828694173453863,South America,0.9618200701554231,2.298722561586348
6981,2009,Bolivia,1.8294101852680569,South America,0.954619722447215,2.3020648243746233
6982,2010,Bolivia,1.9117515439004746,South America,0.9474078413786539,2.305384536319717
6983,2011,Bolivia,1.9797726662489934,South America,0.9401844975674577,2.3086816578585996
6984,2012,Bolivia,2.0084131388167905,South America,0.9329497617663401,2.311956149649359
6985,2013,Bolivia,2.0048330797458163,South America,0.9257037048623514,2.31520797257165
6986,2014,Bolivia,2.0406336704555623,South America,0.918446397876175,2.318437087727148
6987,2015,Bolivia,1.9976729616038666,South America,0.9111779119614247,2.3216434564400097
6988,2016,Bolivia,2.0477937885975117,South America,0.9038983184039815,2.324827040257314
6989,2017,Bolivia,1.9976729616038666,South America,0.8966076886212448,2.327987800949529
6990,2018,Bolivia,1.9368119573972973,South America,0.8893060941614658,2.3311257005109467
6991,2019,Bolivia,1.883111071332677,South America,0.8819936067030376,2.3342407011601334
6992,2020,Bolivia,1.7363286494227155,South America,0.8746702980537846,2.3373327653403764
6993,2021,Bolivia,1.940392016468272,South America,0.867336240150291,2.3404018557201116
6994,2022,Bolivia,2.0012530206748416,South America,0.8599915050571443,2.3434479351933817
6995,2023,Bolivia,0.0,South America,0.8526361649662619,2.3464709668802604
6996,1971,Brazil,0.8162534681822251,South America,0.8452702921961662,2.349470914127295
6997,1972,Brazil,0.7911930546854024,South America,0.8378939591913056,2.3524477405079223
6998,1973,Brazil,0.8198335272531997,South America,0.8305072385212939,2.3554014098229215
6999,1974,Brazil,0.8234135863241744,South America,0.8231102028802313,2.3583318861008284
7000,1975,Brazil,0.8341537635370984,South America,0.8157029250859789,2.3612391335983647
7001,1976,Brazil,0.8341537635370984,South America,0.8082854780794357,2.364123116800861
7002,1977,Brazil,0.8162534681822251,South America,0.8008579349238546,2.366983800422672
7003,1978,Brazil,0.8484739998209969,South America,0.7934203688040722,2.369821149407608
7004,1979,Brazil,0.8413138816790476,South America,0.7859728530258219,2.372635128929343
7005,1980,Brazil,0.7625525821176049,South America,0.7785154610149956,2.3754257043918328
7006,1981,Brazil,0.7410722276917568,South America,0.7710482663169537,2.3781928414297173
7007,1982,Brazil,0.7374921686207823,South America,0.7635713425957505,2.3809365059087484
7008,1983,Brazil,0.7267519914078582,South America,0.7560847636334405,2.383656663926182
7009,1984,Brazil,0.6909514006981116,South America,0.7485886033293428,2.3863532818111914
7010,1985,Brazil,0.6730511053432382,South America,0.7410829356993047,2.3890263261252693
7011,1986,Brazil,0.698111518840061,South America,0.7335678348750041,2.39167576366262
7012,1987,Brazil,0.6945314597690861,South America,0.7260433751031672,2.394301561450572
7013,1988,Brazil,0.7052716369820102,South America,0.7185096307448695,2.396903686749965
7014,1989,Brazil,0.6909514006981116,South America,0.7109666762747852,2.3994821070555505
7015,1990,Brazil,0.7195918732659089,South America,0.7034145862804834,2.4020367900963677
7016,1991,Brazil,0.7374921686207823,South America,0.6958534354616422,2.404567703836155
7017,1992,Brazil,0.7589725230466303,South America,0.6882832986293428,2.40707481647372
7018,1993,Brazil,0.7518124049046809,South America,0.680704250705322,2.4095580964433325
7019,1994,Brazil,0.7410722276917568,South America,0.673116366721222,2.4120175124151046
7020,1995,Brazil,0.7661326411885796,South America,0.665519721817883,2.414453033295365
7021,1996,Brazil,0.8090933500402757,South America,0.6579143912445471,2.4168646282270476
7022,1997,Brazil,0.8377338226080732,South America,0.6503004503581487,2.4192522665900587
7023,1998,Brazil,0.8592141770339211,South America,0.6426779746225499,2.421615918001655
7024,1999,Brazil,0.8878546496017183,South America,0.6350470396078282,2.4239555523168033
7025,2000,Brazil,0.8914347086726931,South America,0.6274077209894758,2.426271139628566
7026,2001,Brazil,0.8985948268146425,South America,0.6197600945476834,2.4285626502684514
7027,2002,Brazil,0.8699543542468451,South America,0.6121042361665814,2.430830054806788
7028,2003,Brazil,0.8448939407500223,South America,0.6044402218334767,2.4330733240530793
7029,2004,Brazil,0.8484739998209969,South America,0.5967681276381356,2.4352924290563602
7030,2005,Brazil,0.8234135863241744,South America,0.5890880297719755,2.437487341105564
7031,2006,Brazil,0.8019332318983263,South America,0.5814000045273431,2.439658031729866
7032,2007,Brazil,0.7911930546854024,South America,0.5737041282967487,2.44180447269904
7033,2008,Brazil,0.7947731137563769,South America,0.5660004775720985,2.4439266360238086
7034,2009,Brazil,0.7410722276917568,South America,0.5582891289439693,2.446024493956182
7035,2010,Brazil,0.7876129956144275,South America,0.5505701591007954,2.448098018989813
7036,2011,Brazil,0.7947731137563769,South America,0.5428436448281408,2.4501471838603344
7037,2012,Brazil,0.8448939407500223,South America,0.5351096630079178,2.452171961545698
7038,2013,Brazil,0.8806945314597691,South America,0.5273682906176582,2.454172325266509
7039,2014,Brazil,0.9200751812404905,South America,0.5196196047296939,2.4561482484863686
7040,2015,Brazil,0.9057549449565917,South America,0.5118636825104255,2.4580997049121995
7041,2016,Brazil,0.8627942361048957,South America,0.5041006012195448,2.4600266684945797
7042,2017,Brazil,0.8771144723887945,South America,0.4963304382092571,2.4619291134280687
7043,2018,Brazil,0.8198335272531997,South America,0.4885532709235454,2.463807014151529
7044,2019,Brazil,0.8019332318983263,South America,0.4807691768973462,2.4656603453484554
7045,2020,Brazil,0.7876129956144275,South America,0.47297823375581205,2.4674890819472926
7046,2021,Brazil,0.8520540588919717,South America,0.4651805192135196,2.4692931991217515
7047,2022,Brazil,0.7804528774724783,South America,0.4573761110737303,2.471072672291123
7048,2023,Brazil,0.7589725230466303,South America,0.4495650872275611,2.4728274771205982
7049,1971,Cuba,2.967868969838002,Caribbean,0.44174752565324255,2.4745575895215692
7050,1972,Cuba,2.753065425579522,Caribbean,0.43392350441533195,2.4762629856519456
7051,1973,Cuba,2.853307079566813,Caribbean,0.4260931016639248,2.4779436419164558
7052,1974,Cuba,3.068110623825293,Caribbean,0.41825639563390976,2.4795995349669466
7053,1975,Cuba,2.8783674930636356,Caribbean,0.41041346464413425,2.4812306417026924
7054,1976,Cuba,2.8354067842119397,Caribbean,0.40256438709665726,2.482836939270686
7055,1977,Cuba,2.853307079566813,Caribbean,0.3947092414759482,2.484418405065941
7056,1978,Cuba,2.8926877293475344,Caribbean,0.38684810634813693,2.485975016731773
7057,1979,Cuba,2.8604671977087626,Caribbean,0.3789810603601759,2.4875067521601055
7058,1980,Cuba,3.0860109191801666,Caribbean,0.3711081822390884,2.4890135894917473
7059,1981,Cuba,2.5704824129598136,Caribbean,0.3632295507911719,2.4904955071166834
7060,1982,Cuba,2.3699991049852325,Caribbean,0.3553452449012008,2.491952483674355
7061,1983,Cuba,2.4451803454757,Caribbean,0.3474553435316718,2.4933844980539415
7062,1984,Cuba,2.366419045914258,Caribbean,0.33955992572196025,2.4947915293946386
7063,1985,Cuba,2.162355678868701,Caribbean,0.33165907058756383,2.4961735570859362
7064,1986,Cuba,2.198156269578448,Caribbean,0.3237528573192922,2.4975305607678897
7065,1987,Cuba,2.380739282198156,Caribbean,0.31584136518250877,2.498862520331387
7066,1988,Cuba,2.4201199319788778,Caribbean,0.3079246735162828,2.500169415918424
7067,1989,Cuba,2.4881410543273965,Caribbean,0.30000286173262936,2.501451227922365
7068,1990,Cuba,2.316298218920612,Caribbean,0.29207600931570427,2.5027079369882084
7069,1991,Cuba,2.019153316029714,Caribbean,0.28414419582099726,2.503939524012846
7070,1992,Cuba,1.8258301261970822,Caribbean,0.2762075008745697,2.5051459701453194
7071,1993,Cuba,1.9833527253199679,Caribbean,0.2682660041722014,2.5063272567870816
7072,1994,Cuba,2.119394970017005,Caribbean,0.2603197854786265,2.507483365592242
7073,1995,Cuba,2.198156269578448,Caribbean,0.2523689246267143,2.5086142784678245
7074,1996,Cuba,2.2160565649333215,Caribbean,0.2444135015167027,2.5097199775740076
7075,1997,Cuba,2.330618455204511,Caribbean,0.2364535961153426,2.5108004453243775
7076,1998,Cuba,2.298397923565739,Caribbean,0.22848928845512886,2.5118556643861667
7077,1999,Cuba,2.233956860288195,Caribbean,0.2205206586334874,2.512885617680494
7078,2000,Cuba,2.1444553835138276,Caribbean,0.21254778681196046,2.5138902883826058
7079,2001,Cuba,2.011993197887765,Caribbean,0.20457075321543602,2.5148696599221045
7080,2002,Cuba,1.8902711894746262,Caribbean,0.19658963813128716,2.51582371598319
7081,2003,Cuba,1.7685491810614875,Caribbean,0.18860452190859953,2.5167524405048827
7082,2004,Cuba,1.653987290790298,Caribbean,0.1806154849573537,2.5176558176812542
7083,2005,Cuba,1.535845341448134,Caribbean,0.1726226077476064,2.5185338319616526
7084,2006,Cuba,1.392642978609147,Caribbean,0.16462597080871594,2.519386468050921
7085,2007,Cuba,1.338942092544527,Caribbean,0.15662565472847703,2.5202137109096228
7086,2008,Cuba,1.2458605566991854,Caribbean,0.1486217401523446,2.521015545754256
7087,2009,Cuba,1.2422804976282107,Caribbean,0.140614307782603,2.5217919580574675
7088,2010,Cuba,1.2780810883379576,Caribbean,0.13260343837758787,2.522542933548265
7089,2011,Cuba,1.2172200841313883,Caribbean,0.12458921275081833,2.523268458212229
7090,2012,Cuba,1.2315403204152868,Caribbean,0.11657171177021727,2.5239685182917166
7091,2013,Cuba,1.2028998478474895,Caribbean,0.10855101635728656,2.5246431002860685
7092,2014,Cuba,1.1062382529311734,Caribbean,0.10052720748628126,2.525292190951808
7093,2015,Cuba,1.163519198066768,Caribbean,0.09250036618342812,2.5259157773028424
7094,2016,Cuba,1.077597780363376,Caribbean,0.08447057352605342,2.526513846610657
7095,2017,Cuba,1.0274769533697306,Caribbean,0.0764379106418,2.527086386404512
7096,2018,Cuba,1.0167367761568065,Caribbean,0.06840245870778966,2.5276333844716334
7097,2019,Cuba,0.8448939407500223,Caribbean,0.06036429894983868,2.5281548288573976
7098,2020,Cuba,0.7876129956144275,Caribbean,0.05232351264158288,2.528650707865523
7099,2021,Cuba,0.9200751812404905,Caribbean,0.04428018110369183,2.52912101005825
7100,2022,Cuba,0.8234135863241744,Caribbean,0.03623438570303737,2.5295657242565235
7101,2023,Cuba,0.0,Caribbean,0.028186207851861565,2.5299848395401696
7102,1971,Curaçao,40.0,Caribbean,0.02013572900698888,2.5303783452480735
7103,1972,Curaçao,37.95936632954444,Caribbean,0.012083030668947767,2.5307462309783495
7104,1973,Curaçao,39.68495480175423,Caribbean,0.004028194381181576,2.531088486588514
7105,1974,Curaçao,34.46522867627316,Caribbean,-0.0040286982707951665,2.531405102195653
7106,1975,Curaçao,24.83128971628032,Caribbean,-0.012087565660187148,2.5316960681765845
7107,1976,Curaçao,25.217936095945582,Caribbean,-0.02014832611979921,2.5319613751680254
7108,1977,Curaçao,25.05683343775172,Caribbean,-0.028210897942827984,2.5322010140667466
7109,1978,Curaçao,20.664100957665802,Caribbean,-0.03627519938369908,2.5324149760297345
7110,1979,Curaçao,20.05549091560011,Caribbean,-0.044341148658904914,2.532603252474342
7111,1980,Curaçao,18.36928309317104,Caribbean,-0.0524086639477981,2.532765835078443
7112,1981,Curaçao,17.1449028908977,Caribbean,-0.06047766339347542,2.5329027157805823
7113,1982,Curaçao,15.748679853217578,Caribbean,-0.0685480651035724,2.5330138867801177
7114,1983,Curaçao,14.438378233240849,Caribbean,-0.07661978715111248,2.533099340537369
7115,1984,Curaçao,13.733106596258837,Caribbean,-0.08469274757530254,2.533159069773757
7116,1985,Curaçao,9.000268504430322,Caribbean,-0.09276686438241934,2.5331930674719434
7117,1986,Curaçao,8.363017989796832,Caribbean,-0.1008420555466061,2.533201326875964
7118,1987,Curaçao,7.5718249351114295,Caribbean,-0.10891823901071497,2.5331838414913674
7119,1988,Curaçao,6.386825382618814,Caribbean,-0.11699533268714969,2.5331406050853387
7120,1989,Curaçao,5.223306184552046,Caribbean,-0.12507325445866413,2.5330716116868355
7121,1990,Curaçao,4.521614606641009,Caribbean,-0.13315192217925095,2.5329768555867065
7122,1991,Curaçao,4.578895551776604,Caribbean,-0.14123125367494102,2.532856331337818
7123,1992,Curaçao,4.6576568513380465,Caribbean,-0.14931116674465736,2.5327100337551722
7124,1993,Curaçao,3.7411617291685313,Caribbean,-0.1573915791610152,2.5325379579160274
7125,1994,Curaçao,4.106327754407948,Caribbean,-0.16547240867121316,2.532340099160009
7126,1995,Curaçao,3.9881858050657835,Caribbean,-0.17355357299783403,2.532116453089224
7127,1996,Curaçao,3.898684328291417,Caribbean,-0.18163498983969192,2.53186701556837
7128,1997,Curaçao,7.392821981562696,Caribbean,-0.18971657687267923,2.531591782724841
7129,1998,Curaçao,7.349861272710999,Caribbean,-0.1977982517505691,2.5312907509488345
7130,1999,Curaçao,6.977535129329634,Caribbean,-0.20587993210590874,2.530963916893448
7131,2000,Curaçao,6.984695247471584,Caribbean,-0.21396153555082265,2.530611277474782
7132,2001,Curaçao,7.02049583818133,Caribbean,-0.22204297967786163,2.5302328298720345
7133,2002,Curaçao,6.694710462722635,Caribbean,-0.23012418206085183,2.5298285715275908
7134,2003,Curaçao,6.694710462722635,Caribbean,-0.23820506025569982,2.529398500147124
7135,2004,Curaçao,6.930994361406962,Caribbean,-0.2462855318012871,2.528942613699672
7136,2005,Curaçao,7.2281392642978615,Caribbean,-0.254365514220276,2.5284609104177282
7137,2006,Curaçao,6.948894656761837,Caribbean,-0.2624449250199692,2.527953388797324
7138,2007,Curaçao,7.346281213640026,Caribbean,-0.270523681693116,2.527420047598107
7139,2008,Curaçao,7.117157433097646,Caribbean,-0.27860170171880894,2.526860885843422
7140,2009,Curaçao,6.780631880426027,Caribbean,-0.2866789025632903,2.526275902820379
7141,2010,Curaçao,4.9297413407321224,Caribbean,-0.29475520168080477,2.5256650980799313
7142,2011,Curaçao,6.333124496554193,Caribbean,-0.3028305165144515,2.5250284714369404
7143,2012,Curaçao,6.451266445896358,Caribbean,-0.3109047644969924,2.524366022970248
7144,2013,Curaçao,5.94647811688893,Caribbean,-0.3189778630517498,2.5236777530227315
7145,2014,Curaçao,6.608789045019243,Caribbean,-0.32704972959341544,2.522963662201372
7146,2015,Curaçao,6.662489931083862,Caribbean,-0.33512028152891277,2.522223751377308
7147,2016,Curaçao,5.828336167546764,Caribbean,-0.34318943625820614,2.521458021685897
7148,2017,Curaçao,4.750738387183389,Caribbean,-0.3512571111752003,2.5206664745267626
7149,2018,Curaçao,3.905844446433366,Caribbean,-0.3593232236685494,2.519849111563845
7150,2019,Curaçao,3.1182314508189384,Caribbean,-0.3673876911225127,2.519005934725453
7151,2020,Curaçao,3.189832632238432,Caribbean,-0.3754504309178085,2.5181369462043035
7152,2021,Curaçao,3.2650138727289004,Caribbean,-0.3835113604324259,2.51724214845757
7153,2022,Curaçao,3.1253915689608878,Caribbean,-0.3915703970425239,2.516321544206917
7154,2023,Curaçao,0.0,Caribbean,-0.399627458123243,2.5153751364385344
7155,1971,Dominican Republic,1.4141233330349952,Caribbean,-0.40768246104957023,2.5144029284031784
7156,1972,Dominican Republic,1.6826277633580953,Caribbean,-0.41573532319714984,2.513404923616201
7157,1973,Dominican Republic,1.5036248098093619,Caribbean,-0.4237859619431853,2.5123811258575732
7158,1974,Dominican Republic,1.5286852233061845,Caribbean,-0.43183429466725026,2.5113315391719166
7159,1975,Dominican Republic,1.5143649870222857,Caribbean,-0.43988023875214577,2.5102561678685245
7160,1976,Dominican Republic,1.4535039828157164,Caribbean,-0.44792371158475686,2.5091550165213805
7161,1977,Dominican Republic,1.4714042781705896,Caribbean,-0.4559646305568653,2.5080280899691823
7162,1978,Dominican Republic,1.4821444553835137,Caribbean,-0.46400291306605096,2.5068753933153496
7163,1979,Dominican Republic,1.492884632596438,Caribbean,-0.4720384765165047,2.505696931928038
7164,1980,Dominican Republic,1.4248635102479192,Caribbean,-0.4800712383198949,2.504492711440151
7165,1981,Dominican Republic,1.2959813836928307,Caribbean,-0.48810111589618005,2.5032627377493486
7166,1982,Dominican Republic,1.2315403204152868,Caribbean,-0.49612802667451156,2.502007017018045
7167,1983,Dominican Republic,1.3711626241832993,Caribbean,-0.5041518880940464,2.5007255556734123
7168,1984,Dominican Republic,1.4212834511769445,Caribbean,-0.5121726176048055,2.4994183604073834
7169,1985,Dominican Republic,1.274501029266983,Caribbean,-0.5201901326685316,2.4980854381766417
7170,1986,Dominican Republic,1.3998030967510964,Caribbean,-0.5282043507595025,2.4967267962026223
7171,1987,Dominican Republic,1.4535039828157164,Caribbean,-0.5362151893654342,2.495342441971493
7172,1988,Dominican Republic,1.4320236283898686,Caribbean,-0.5442225659882939,2.4939323832341476
7173,1989,Dominican Republic,1.4606641009576657,Caribbean,-0.5522263981451595,2.492496628006191
7174,1990,Dominican Republic,1.3210417971896535,Caribbean,-0.5602266033690763,2.4910351845679175
7175,1991,Dominican Republic,1.3568423878994005,Caribbean,-0.5682230992098724,2.4895480614643004
7176,1992,Dominican Republic,1.4356036874608433,Caribbean,-0.5762158032350603,2.4880352675049546
7177,1993,Dominican Republic,1.328201915331603,Caribbean,-0.5842046330306517,2.486496811764121
7178,1994,Dominican Republic,1.5251051642352098,Caribbean,-0.5921895062020247,2.4849327035806335
7179,1995,Dominican Republic,1.5322652823771592,Caribbean,-0.6001703403747372,2.483342952557893
7180,1996,Dominican Republic,1.5501655777320325,Caribbean,-0.6081470531954303,2.481727568563826
7181,1997,Dominican Republic,1.6217667591515261,Caribbean,-0.616119562332642,2.4800865617308503
7182,1998,Dominican Republic,1.7578090038485636,Caribbean,-0.624087785477666,2.47841994245584
7183,1999,Dominican Republic,1.7649691219905128,Caribbean,-0.6320516403454091,2.4767277214000747
7184,2000,Dominican Republic,1.7649691219905128,Caribbean,-0.6400110446752064,2.4750099094892066
7185,2001,Dominican Republic,1.7434887675646649,Caribbean,-0.6479659162317232,2.473266517913202
7186,2002,Dominican Republic,1.8365703034100065,Caribbean,-0.6559161728057683,2.4714975581262917
7187,2003,Dominican Republic,1.6611474089322475,Caribbean,-0.6638617322151623,2.469703041846924
7188,2004,Dominican Republic,1.4964646916674123,Caribbean,-0.6718025123055502,2.4678829810577088
7189,2005,Dominican Republic,1.4857245144544884,Caribbean,-0.6797384309513045,2.4660373880053506
7190,2006,Dominican Republic,1.4606641009576657,Caribbean,-0.6876694060563378,2.464166275200594
7191,2007,Dominican Republic,1.3675825651123243,Caribbean,-0.6955953555549618,2.462269655418159
7192,2008,Dominican Republic,1.3210417971896535,Caribbean,-0.7035161974127432,2.46034754169667
7193,2009,Dominican Republic,1.2566007339121095,Caribbean,-0.7114318496273196,2.4583999473385965
7194,2010,Dominican Republic,1.2172200841313883,Caribbean,-0.7193422302292989,2.456426885910169
7195,2011,Dominican Republic,1.1993197887765148,Caribbean,-0.7272472572830725,2.4544283712413075
7196,2012,Dominican Republic,1.2100599659894389,Caribbean,-0.7351468488876828,2.4524044174255466
7197,2013,Dominican Republic,1.1277186073570213,Caribbean,-0.7430409231776344,2.450355038819958
7198,2014,Dominican Republic,1.0489573077955785,Caribbean,-0.7509293983237961,2.448280250045058
7199,2015,Dominican Republic,1.0847578985053254,Caribbean,-0.7588121925342124,2.4461800659847266
7200,2016,Dominican Republic,1.0632775440794773,Caribbean,-0.7666892240549614,2.4440545017861215
7201,2017,Dominican Republic,0.9666159491631612,Caribbean,-0.7745604111710088,2.4419035728595797
7202,2018,Dominican Republic,0.9773561263760853,Caribbean,-0.782425672207023,2.4397272948785367
7203,2019,Dominican Republic,1.041797189653629,Caribbean,-0.7902849255282718,2.437525683779413
7204,2020,Dominican Republic,1.0525373668665532,Caribbean,-0.798138089541436,2.4352987557615235
7205,2021,Dominican Republic,1.0274769533697306,Caribbean,-0.805985082695473,2.4330465272869732
7206,2022,Dominican Republic,1.0632775440794773,Caribbean,-0.8138258234824277,2.4307690150805614
7207,2023,Dominican Republic,0.0,Caribbean,-0.8216602304383324,2.428466236129656
7208,1971,Ecuador,0.7124317551239596,South America,-0.8294882221440156,2.426138207684097
7209,1972,Ecuador,0.6837912825561622,South America,-0.8373097172259589,2.4237849472560784
7210,1973,Ecuador,0.6730511053432382,South America,-0.845124634357149,2.4214064726200304
7211,1974,Ecuador,0.8019332318983263,South America,-0.8529328922578885,2.4190028018125123
7212,1975,Ecuador,0.8162534681822251,South America,-0.860734409696694,2.4165739531320742
7213,1976,Ecuador,0.8806945314597691,South America,-0.8685291054911038,2.4141199451391424
7214,1977,Ecuador,1.0203168352277812,South America,-0.8763168985085414,2.4116407966558895
7215,1978,Ecuador,1.1026581938601987,South America,-0.8840977076671235,2.409136526766116
7216,1979,Ecuador,1.1169784301440975,South America,-0.891871451936556,2.4066071548150982
7217,1980,Ecuador,1.1420388436409201,South America,-0.8996380503389425,2.4040527004094683
7218,1981,Ecuador,1.2458605566991854,South America,-0.9073974219496361,2.401473183417072
7219,1982,Ecuador,1.2351203794862613,South America,-0.91514948589809,2.3988686239668255
7220,1983,Ecuador,1.1921596706345654,South America,-0.9228941613686654,2.3962390424485838
7221,1984,Ecuador,1.1527790208538442,South America,-0.9306313676015265,2.3935844595129776
7222,1985,Ecuador,1.1527790208538442,South America,-0.9383610238934443,2.3909048960712767
7223,1986,Ecuador,1.1420388436409201,South America,-0.9460830495986499,2.3882003732952355
7224,1987,Ecuador,1.1849995524926162,South America,-0.9537973641296807,2.385470912616936
7225,1988,Ecuador,1.131298666427996,South America,-0.9615038869581892,2.3827165357286444
7226,1989,Ecuador,1.1062382529311734,South America,-0.9692025376158321,2.3799372645826318
7227,1990,Ecuador,1.188579611563591,South America,-0.9768932356950762,2.377133121391024
7228,1991,Ecuador,1.1814194934216415,South America,-0.984575900850055,2.374304128625633
7229,1992,Ecuador,1.2136400250604136,South America,-0.9922504527973727,2.3714503090178
7230,1993,Ecuador,1.1277186073570213,South America,-0.9999168113169941,2.3685716855582073
7231,1994,Ecuador,1.1491989617828695,South America,-1.0075748962530469,2.365668281496716
7232,1995,Ecuador,1.2566007339121095,South America,-1.01522462751467,2.362740120342191
7233,1996,Ecuador,1.4212834511769445,South America,-1.022865925076855,2.359787225862315
7234,1997,Ecuador,1.449923923744742,South America,-1.0304987089812532,2.3568096220834245
7235,1998,Ecuador,1.403383155822071,South America,-1.0381228993370584,2.353807333290304
7236,1999,Ecuador,1.2888212655508815,South America,-1.0457384163218097,2.3507803840260117
7237,2000,Ecuador,1.306721560905755,South America,-1.0533451801822444,2.347728799091688
7238,2001,Ecuador,1.392642978609147,South America,-1.060943111235097,2.3446526035463724
7239,2002,Ecuador,1.3353620334735523,South America,-1.0685321298679844,2.341551822706792
7240,2003,Ecuador,1.3210417971896535,South America,-1.0761121565402048,2.3384264821471747
7241,2004,Ecuador,1.338942092544527,South America,-1.0836831117835797,2.33527660769905
7242,2005,Ecuador,1.3783227423252484,South America,-1.091244916203294,2.3321022254510395
7243,2006,Ecuador,1.4248635102479192,South America,-1.0987974904786946,2.3289033617486665
7244,2007,Ecuador,1.4212834511769445,South America,-1.1063407553641706,2.3256800431941276
7245,2008,Ecuador,1.3532623288284258,South America,-1.1138746316899513,2.322432296646095
7246,2009,Ecuador,1.467824219099615,South America,-1.1213990403629532,2.3191601492194973
7247,2010,Ecuador,1.5322652823771592,South America,-1.128913902367574,2.315863628285317
7248,2011,Ecuador,1.4212834511769445,South America,-1.1364191387665745,2.31254276147035
7249,2012,Ecuador,1.403383155822071,South America,-1.1439146707018701,2.309197576656999
7250,2013,Ecuador,1.3998030967510964,South America,-1.1514004193953689,2.3058281019830464
7251,2014,Ecuador,1.4105432739640205,South America,-1.1588763061498055,2.3024343658414215
7252,2015,Ecuador,1.403383155822071,South America,-1.1663422523495355,2.2990163968799893
7253,2016,Ecuador,1.3568423878994005,South America,-1.1737981794614096,2.2955742240012937
7254,2017,Ecuador,1.2458605566991854,South America,-1.1812440090355656,2.292107876362337
7255,2018,Ecuador,1.2888212655508815,South America,-1.18867966270627,2.288617383374337
7256,2019,Ecuador,1.274501029266983,South America,-1.1961050621927074,2.2851027747025014
7257,2020,Ecuador,1.1957397297055403,South America,-1.2035201292998547,2.2815640802657615
7258,2021,Ecuador,1.2279602613443124,South America,-1.2109247859192684,2.2780013302365414
7259,2022,Ecuador,1.2530206748411348,South America,-1.2183189540299157,2.2744145550405075
7260,2023,Ecuador,0.0,South America,-1.2257025556990033,2.2708037853563146
7261,1971,El Salvador,0.4654076792267073,Central America,-1.2330755130827646,2.2671690521153645
7262,1972,El Salvador,0.5155285062203526,Central America,-1.2404377484273286,2.2635103865015305
7263,1973,El Salvador,0.5405889197171753,Central America,-1.247789184069505,2.2598278199509094
7264,1974,El Salvador,0.5155285062203526,Central America,-1.25512974243762,2.256121384151559
7265,1975,El Salvador,0.5692293922849727,Central America,-1.2624593460522995,2.2523911110432424
7266,1976,El Salvador,0.5513290969300993,Central America,-1.2697779175273352,2.248637032817144
7267,1977,El Salvador,0.5298487425042513,Central America,-1.277085379570468,2.244859181915612
7268,1978,El Salvador,0.5083683880784032,Central America,-1.2843816549842098,2.241057591031881
7269,1979,El Salvador,0.5047883290074285,Central America,-1.2916666666666676,2.2372322931097997
7270,1980,El Salvador,0.45466750201378325,Central America,-1.2989403376123227,2.2333833213435628
7271,1981,El Salvador,0.45466750201378325,Central America,-1.3062025909128931,2.229510709177412
7272,1982,El Salvador,0.47972791551060595,Central America,-1.3134533497581125,2.2256144903053645
7273,1983,El Salvador,0.47614785643963126,Central America,-1.320692537436549,2.2216946986709294
7274,1984,El Salvador,0.47614785643963126,Central America,-1.3279200773364233,2.21775136846681
7275,1985,El Salvador,0.5119484471493779,Central America,-1.3351358929463868,2.213784534134636
7276,1986,El Salvador,0.5047883290074285,Central America,-1.3423399078563776,2.2097942303646407
7277,1987,El Salvador,0.6086100420656941,Central America,-1.3495320457583955,2.205780492095381
7278,1988,El Salvador,0.6229302783495927,Central America,-1.3567122304473251,2.2017433545134364
7279,1989,El Salvador,0.6014499239237447,Central America,-1.3638803858217103,2.1976828530531205
7280,1990,El Salvador,0.5942898057817955,Central America,-1.3710364358846072,2.193599023396153
7281,1991,El Salvador,0.7697127002595543,Central America,-1.3781803047443546,2.189491901471369
7282,1992,El Salvador,0.8234135863241744,Central America,-1.3853119166153878,2.1853615234544095
7283,1993,El Salvador,0.8735344133178197,Central America,-1.392431195819047,2.181207925767403
7284,1994,El Salvador,0.9594558310212119,Central America,-1.399538066784348,2.1770311450786686
7285,1995,El Salvador,1.0274769533697306,Central America,-1.4066324540488295,2.1728312183023752
7286,1996,El Salvador,0.8842745905307438,Central America,-1.4137142822593216,2.168608182598236
7287,1997,El Salvador,1.0525373668665532,Central America,-1.42078347617276,2.164362075371183
7288,1998,El Salvador,1.0954980757182493,Central America,-1.4278399606569525,2.1600929342710566
7289,1999,El Salvador,1.0596974850085026,Central America,-1.4348836606914224,2.155800797192253
7290,2000,El Salvador,1.0525373668665532,Central America,-1.4419145013681733,2.1514857022734106
7291,2001,El Salvador,1.0811778394343505,Central America,-1.448932407892492,2.147147687897078
7292,2002,El Salvador,1.066857603150452,Central America,-1.45593730558375,2.142786792689369
7293,2003,El Salvador,1.156359079924819,Central America,-1.462929119876164,2.1384030555196474
7294,2004,El Salvador,1.1921596706345654,Central America,-1.4699077763196378,2.133996515500158
7295,2005,El Salvador,1.1993197887765148,Central America,-1.476873200580517,2.129567211985701
7296,2006,El Salvador,1.2100599659894389,Central America,-1.4838253184424,2.125115184573282
7297,2007,El Salvador,1.2601807929830842,Central America,-1.490764055806891,2.120640473101779
7298,2008,El Salvador,1.109818312002148,Central America,-1.4976893386944383,2.116143117651564
7299,2009,El Salvador,1.099078134789224,Central America,-1.5046010932450866,2.1116231585441714
7300,2010,El Salvador,1.045377248724604,Central America,-1.5114992457192735,2.107080636341937
7301,2011,El Salvador,1.0489573077955785,Central America,-1.5183837224986203,2.1025155918476335
7302,2012,El Salvador,1.013156717085832,Central America,-1.5252544500866847,2.097928066104133
7303,2013,El Salvador,0.9522957128792625,Central America,-1.5321113551097905,2.09331810039401
7304,2014,El Salvador,0.970196008234136,Central America,-1.5389543643177777,2.0886857362391993
7305,2015,El Salvador,1.009576658014857,Central America,-1.545783404584798,2.0840310154006154
7306,2016,El Salvador,1.009576658014857,Central America,-1.5525984029100646,2.079353979877805
7307,2017,El Salvador,0.8735344133178197,Central America,-1.559399286418676,2.0746546719085397
7308,2018,El Salvador,0.9129150630985411,Central America,-1.5661859823623612,2.0699331339684623
7309,2019,El Salvador,1.0310570124407052,Central America,-1.5729584181202652,2.0651894087707037
7310,2020,El Salvador,0.9021748858856171,Central America,-1.5797165211997297,2.060423539265497
7311,2021,El Salvador,0.9308153584534146,Central America,-1.5864602192370383,2.055635568639813
7312,2022,El Salvador,1.0274769533697306,Central America,-1.5931894399982338,2.0508255403169464
7313,2023,El Salvador,0.0,Central America,-1.5999041113798587,2.0459934979561445
7314,1971,Guatemala,0.565649333213998,Central America,-1.6066041614097337,2.0411394854522142
7315,1972,Guatemala,0.5799695694978967,Central America,-1.613289518247734,2.0362635469351202
7316,1973,Guatemala,0.5728094513559474,Central America,-1.6199601101865293,2.0313657267696144
7317,1974,Guatemala,0.554909156001074,Central America,-1.6266158656523912,2.026446069554802
7318,1975,Guatemala,0.6050299829947194,Central America,-1.6332567132059337,2.021504620123762
7319,1976,Guatemala,0.5405889197171753,Central America,-1.639882581542888,2.0165414235431345
7320,1977,Guatemala,0.5799695694978967,Central America,-1.6464933994948396,2.011556525112737
7321,1978,Guatemala,0.6193502192786181,Central America,-1.6530890960300337,2.0065499703651213
7322,1979,Guatemala,0.6658909872012888,Central America,-1.6596696002541043,2.001521805065185
7323,1980,Guatemala,0.640830573704466,Central America,-1.6662348414108437,1.996472075209754
7324,1981,Guatemala,0.5513290969300993,Central America,-1.6727847488829672,1.9914008270271581
7325,1982,Guatemala,0.5012082699364541,Central America,-1.679319252192841,1.9863081069768382
7326,1983,Guatemala,0.44034726572988453,Central America,-1.6858382810032804,1.9811939617488905
7327,1984,Guatemala,0.4940481517945047,Central America,-1.6923417651182768,1.9760584382636646
7328,1985,Guatemala,0.5119484471493779,Central America,-1.6988296344837654,1.9709015836713275
7329,1986,Guatemala,0.37232614338136577,Central America,-1.7053018191883471,1.9657234453514585
7330,1987,Guatemala,0.42244697037501117,Central America,-1.711758249464084,1.9605240709125835
7331,1988,Guatemala,0.43318714758793514,Central America,-1.7181988556872172,1.9553035081917647
7332,1989,Guatemala,0.43676720665890983,Central America,-1.7246235683789255,1.9500618052541592
7333,1990,Guatemala,0.44750738387183386,Central America,-1.731032318206077,1.9447990103925759
7334,1991,Guatemala,0.4618276201557326,Central America,-1.7374250359819465,1.9395151721270574
7335,1992,Guatemala,0.5477490378591247,Central America,-1.7438016526670033,1.9342103392044028
7336,1993,Guatemala,0.5799695694978967,Central America,-1.7501620993696227,1.9288845605977445
7337,1994,Guatemala,0.5978698648527702,Central America,-1.7565063073468459,1.9235378855060898
7338,1995,Guatemala,0.6802112234851875,Central America,-1.7628342080050874,1.9181703633538942
7339,1996,Guatemala,0.6479906918464153,Central America,-1.7691457329009193,1.9127820437905723
7340,1997,Guatemala,0.6515707509173901,Central America,-1.7754408137417792,1.907372976690068
7341,1998,Guatemala,0.7947731137563769,Central America,-1.7817193823867117,1.9019432121503888
7342,1999,Guatemala,0.7518124049046809,Central America,-1.787981370847113,1.8964928004931416
7343,2000,Guatemala,0.8377338226080732,Central America,-1.7942267112874344,1.8910217922630947
7344,2001,Guatemala,0.8484739998209969,Central America,-1.8004553360259554,1.8855302382276762
7345,2002,Guatemala,0.8771144723887945,Central America,-1.806667177535487,1.8800181893765298
7346,2003,Guatemala,0.8627942361048957,Central America,-1.812862168444115,1.8744856969210357
7347,2004,Guatemala,0.8484739998209969,Central America,-1.8190402415358984,1.868932812293861
7348,2005,Guatemala,0.8806945314597691,Central America,-1.8252013297516385,1.8633595871484507
7349,2006,Guatemala,0.8341537635370984,Central America,-1.831345366189576,1.8577660733585735
7350,2007,Guatemala,0.8484739998209969,Central America,-1.837472284106118,1.8521523230178374
7351,2008,Guatemala,0.7410722276917568,Central America,-1.8435820169165709,1.8465183884392025
7352,2009,Guatemala,0.8090933500402757,Central America,-1.8496744981958315,1.8408643221545218
7353,2010,Guatemala,0.7231719323368836,Central America,-1.8557496616791465,1.835190176914018
7354,2011,Guatemala,0.7124317551239596,Central America,-1.8618074412628014,1.829496005685819
7355,2012,Guatemala,0.7195918732659089,Central America,-1.8678477710048529,1.8237818616554549
7356,2013,Guatemala,0.7446522867627315,Central America,-1.8738705851258144,1.818047798225391
7357,2014,Guatemala,0.7589725230466303,Central America,-1.8798758180094093,1.8122938690144934
7358,2015,Guatemala,0.8663742951758703,Central America,-1.885863404203256,1.8065201278575567
7359,2016,Guatemala,0.9057549449565917,Central America,-1.8918332784195833,1.8007266288047965
7360,2017,Guatemala,0.8198335272531997,Central America,-1.8977853755359473,1.794913426121342
7361,2018,Guatemala,0.8878546496017183,Central America,-1.90371963059591,1.7890805742867555
7362,2019,Guatemala,0.9057549449565917,Central America,-1.909635978809786,1.7832281279944884
7363,2020,Guatemala,0.805513290969301,Central America,-1.9155343555553166,1.7773561421513946
7364,2021,Guatemala,0.8735344133178197,Central America,-1.9214146963783816,1.771464671877214
7365,2022,Guatemala,0.7804528774724783,Central America,-1.9272769369937062,1.7655537725040529
7366,2023,Guatemala,0.0,Central America,-1.9331210132855317,1.759623499575891
7367,1971,Guyana,2.309138100778663,South America,-1.9389468613083545,1.753673908848026
7368,1972,Guyana,2.4236999910498525,South America,-1.9447544172875937,1.7477050562865761
7369,1973,Guyana,2.7745457800053703,South America,-1.9505436176203004,1.741716998067946
7370,1974,Guyana,2.2697574509979415,South America,-1.956314398875823,1.7357097905783263
7371,1975,Guyana,2.4738208180434977,South America,-1.9620666977965382,1.7296834904131269
7372,1976,Guyana,2.4702407589725226,South America,-1.9678004512985132,1.7236381543764712
7373,1977,Guyana,2.541841940392016,South America,-1.9735155964722013,1.7175738394806601
7374,1978,Guyana,2.4380202273337512,South America,-1.9792120705831335,1.711490602945628
7375,1979,Guyana,2.3699991049852325,South America,-1.984889811072578,1.7053885021984345
7376,1980,Guyana,2.55258211760494,South America,-1.9905487555582617,1.6992675948726839
7377,1981,Guyana,2.538261881321042,South America,-1.9961888418350247,1.6931279388080096
7378,1982,Guyana,2.2661773919269668,South America,-2.001810007875514,1.6869695920495196
7379,1983,Guyana,2.298397923565739,South America,-2.0074121918308356,1.6807926128472759
7380,1984,Guyana,2.4380202273337512,South America,-2.012995332031268,1.674597059655705
7381,1985,Guyana,2.4953011724693455,South America,-2.018559366986913,1.6683829911330768
7382,1986,Guyana,2.366419045914258,South America,-2.024104235388373,1.6621504661409423
7383,1987,Guyana,2.33777857334646,South America,-2.02962987610743,1.6558995437435744
7384,1988,Guyana,2.5812225901727377,South America,-2.0351362281976897,1.6496302832074374
7385,1989,Guyana,2.3986395775530296,South America,-2.0406232308952856,1.6433427440005868
7386,1990,Guyana,2.352098809630359,South America,-2.046090823619522,1.637036985792134
7387,1991,Guyana,2.1659357379396758,South America,-2.0515389459735487,1.63071306845167
7388,1992,Guyana,1.9010113666875506,South America,-2.0569675377450007,1.6243710520487276
7389,1993,Guyana,1.7649691219905128,South America,-2.0623765389066953,1.6180109968521705
7390,1994,Guyana,2.1158149109460305,South America,-2.067765889617267,1.6116329633296527
7391,1995,Guyana,2.1802559742235745,South America,-2.073135530221829,1.605237012147036
7392,1996,Guyana,2.0871744383782334,South America,-2.078485401252637,1.598823204167812
7393,1997,Guyana,2.1408753244428533,South America,-2.0838154434297187,1.5923916004525507
7394,1998,Guyana,2.208896446791372,South America,-2.0891255976615613,1.5859422622582822
7395,1999,Guyana,2.1301351472299292,South America,-2.094415805045738,1.5794752510379388
7396,2000,Guyana,2.065694083952385,South America,-2.0996860068695677,1.5729906284397641
7397,2001,Guyana,2.0012530206748416,South America,-2.10493614461074,1.566488456306752
7398,2002,Guyana,1.9511321936811958,South America,-2.110166159937992,1.5599687966760163
7399,2003,Guyana,1.9582923118231452,South America,-2.1153759947117323,1.5534317117782315
7400,2004,Guyana,1.9940929025328917,South America,-2.120565590984684,1.5468772640370332
7401,2005,Guyana,1.8007697127002595,South America,-2.1257348910025313,1.5403055160684167
7402,2006,Guyana,1.5430054595900833,South America,-2.1308838372045353,1.5337165306801694
7403,2007,Guyana,1.7363286494227155,South America,-2.1360123722242044,1.5271103708712312
7404,2008,Guyana,1.7005280587129687,South America,-2.1411204388899003,1.5204870998311208
7405,2009,Guyana,1.6683075270741967,South America,-2.1462079802254896,1.5138467809393208
7406,2010,Guyana,1.729168531280766,South America,-2.1512749394509445,1.5071894777647021
7407,2011,Guyana,1.707688176854918,South America,-2.1563212599830073,1.5005152540648725
7408,2012,Guyana,1.7757092992034367,South America,-2.161346885435796,1.4938241737855982
7409,2013,Guyana,1.6933679405710191,South America,-2.1663517596214303,1.4871163010601862
7410,2014,Guyana,1.7363286494227155,South America,-2.1713358265506657,1.4803917002088631
7411,2015,Guyana,1.707688176854918,South America,-2.1762990304334866,1.4736504357381919
7412,2016,Guyana,1.8616307169068291,South America,-2.181241315679762,1.4668925723404078
7413,2017,Guyana,1.8007697127002595,South America,-2.1861626268998364,1.4601181748928314
7414,2018,Guyana,1.8043497717712342,South America,-2.1910629089051565,1.4533273084572398
7415,2019,Guyana,1.8580506578358544,South America,-2.195942106708884,1.4465200382792354
7416,2020,Guyana,1.2852412064799068,South America,-2.200800165526487,1.4396964297876509
7417,2021,Guyana,1.163519198066768,South America,-2.205637030776384,1.4328565485938793
7418,2022,Guyana,0.7768728184015037,South America,-2.2104526480805253,1.4260004604912713
7419,2023,Guyana,0.0,South America,-2.215246963265013,1.419128231454492
7420,1971,Haiti,0.18974313076165758,Caribbean,-2.2200199223606814,1.4122399276389175
7421,1972,Haiti,0.17542289447775888,Caribbean,-2.2247714716037295,1.4053356153799534
7422,1973,Haiti,0.1718428354067842,Caribbean,-2.2295015574363015,1.39841536119243
7423,1974,Haiti,0.18258301261970822,Caribbean,-2.2342101265070875,1.391479231769952
7424,1975,Haiti,0.18258301261970822,Caribbean,-2.238897125671925,1.3845272939842541
7425,1976,Haiti,0.23270383961335364,Caribbean,-2.243562501994373,1.3775596148845854
7426,1977,Haiti,0.23270383961335364,Caribbean,-2.2482062027463323,1.370576261697021
7427,1978,Haiti,0.23986395775530298,Caribbean,-2.252828175408615,1.3635773018238422
7428,1979,Haiti,0.22554372147140428,Caribbean,-2.257428367671544,1.3565628028428758
7429,1980,Haiti,0.20048330797458158,Caribbean,-2.2620067274355153,1.349532832506872
7430,1981,Haiti,0.16468271726483488,Caribbean,-2.2665632028116156,1.342487458742806
7431,1982,Haiti,0.21838360332945492,Caribbean,-2.2710977421221803,1.3354267496512535
7432,1983,Haiti,0.25060413496822703,Caribbean,-2.2756102939013783,1.3283507735057258
7433,1984,Haiti,0.2577642531101763,Caribbean,-2.280100806895797,1.3212595987520055
7434,1985,Haiti,0.261344312181151,Caribbean,-2.284569230064994,1.314153294007515
7435,1986,Haiti,0.24344401682627764,Caribbean,-2.289015512582105,1.3070319280606078
7436,1987,Haiti,0.26850443032310034,Caribbean,-2.2934396038343885,1.299895569869935
7437,1988,Haiti,0.28998478474894834,Caribbean,-2.2978414534238114,1.2927442885637643
7438,1989,Haiti,0.31146513917479635,Caribbean,-2.3022210111675943,1.285578153439343
7439,1990,Haiti,0.31146513917479635,Caribbean,-2.306578227098802,1.2783972339621792
7440,1991,Haiti,0.29356484381992304,Caribbean,-2.310913051466894,1.2712015997654031
7441,1992,Haiti,0.2756645484650497,Caribbean,-2.315225434738284,1.2639913206490843
7442,1993,Haiti,0.22912378054237897,Caribbean,-2.319515327596907,1.2567664665795482
7443,1994,Haiti,0.0751812404904681,Caribbean,-2.3237826809447544,1.2495271076887307
7444,1995,Haiti,0.32936543452966976,Caribbean,-2.32802744590246,1.2422733142734508
7445,1996,Haiti,0.36874608431039113,Caribbean,-2.3322495738098312,1.23500515679476
7446,1997,Haiti,0.43318714758793514,Caribbean,-2.336449016226408,1.2277227058772444
7447,1998,Haiti,0.43676720665890983,Caribbean,-2.3406257249319973,1.220426032308373
7448,1999,Haiti,0.44750738387183386,Caribbean,-2.344779651927239,1.213115207037759
7449,2000,Haiti,0.47256779736865656,Caribbean,-2.3489107494341384,1.2057903011765065
7450,2001,Haiti,0.4868880336525553,Caribbean,-2.3530189698966084,1.198451385996511
7451,2002,Haiti,0.54416897878815,Caribbean,-2.3571042659810164,1.1910985329297576
7452,2003,Haiti,0.522688624362302,Caribbean,-2.3611665905767016,1.1837318135676627
7453,2004,Haiti,0.4833079745815806,Caribbean,-2.365205896796538,1.176351299660326
7454,2005,Haiti,0.47972791551060595,Caribbean,-2.3692221379774487,1.1689570631158668
7455,2006,Haiti,0.47614785643963126,Caribbean,-2.3732152676809433,1.1615491759997159
7456,2007,Haiti,0.5477490378591247,Caribbean,-2.3771852396936493,1.154127710533907
7457,2008,Haiti,0.5298487425042513,Caribbean,-2.381132008027821,1.1466927390964057
7458,2009,Haiti,0.49046809272353,Caribbean,-2.3850555269218923,1.1392443342203555
7459,2010,Haiti,0.6479906918464153,Caribbean,-2.3889557508409776,1.1317825685934046
7460,2011,Haiti,0.7088516960529849,Caribbean,-2.3928326344774042,1.1243075150569801
7461,2012,Haiti,0.6265103374205674,Caribbean,-2.3966861327512103,1.1168192466056124
7462,2013,Haiti,0.6587308690593395,Caribbean,-2.4005162008106877,1.1093178363861727
7463,2014,Haiti,0.7303320504788329,Caribbean,-2.404322794032877,1.1018033576971928
7464,2015,Haiti,0.7732927593305289,Caribbean,-2.4081058680240828,1.0942758839881417
7465,2016,Haiti,0.7804528774724783,Caribbean,-2.4118653786203885,1.0867354888587006
7466,2017,Haiti,0.7518124049046809,Caribbean,-2.4156012818881436,1.0791822460580769
7467,2018,Haiti,0.7303320504788329,Caribbean,-2.4193135341244956,1.0716162294842346
7468,2019,Haiti,0.7482323458337061,Caribbean,-2.423002091857872,1.0640375131832045
7469,2020,Haiti,0.7482323458337061,Caribbean,-2.4266669118484914,1.0564461713483446
7470,2021,Haiti,0.7553924639756555,Caribbean,-2.4303079510888455,1.048842278319648
7471,2022,Haiti,0.7553924639756555,Caribbean,-2.4339251668042152,1.0412259085829658
7472,2023,Haiti,0.0,Caribbean,-2.4375185164531494,1.0335971367693109
7473,1971,Honduras,0.9773561263760853,Central America,-2.4410879577279596,1.0259560376541192
7474,1972,Honduras,0.9522957128792625,Central America,-2.444633448555213,1.0183026861565108
7475,1973,Honduras,0.9630358900921866,Central America,-2.448154947096201,1.0106371573385882
7476,1974,Honduras,0.9630358900921866,Central America,-2.45165241174745,1.002959526404651
7477,1975,Honduras,1.0024165398729081,Central America,-2.455125801141182,0.9952698687004918
7478,1976,Honduras,0.970196008234136,Central America,-2.458575074145806,0.9875682597126421
7479,1977,Honduras,0.9773561263760853,Central America,-2.4620001898663797,0.9798547750676654
7480,1978,Honduras,0.9272352993824398,Central America,-2.465401107645103,0.9721294905313632
7481,1979,Honduras,0.9308153584534146,Central America,-2.468777787061779,0.9643924820080678
7482,1980,Honduras,0.9308153584534146,Central America,-2.4721301879342863,0.9566438255398861
7483,1981,Honduras,0.8985948268146425,Central America,-2.4754582703190495,0.9488835973059464
7484,1982,Honduras,0.9057549449565917,Central America,-2.4787619945114905,0.9411118736216838
7485,1983,Honduras,0.9916763626599839,Central America,-2.4820413210465153,0.9333287309380389
7486,1984,Honduras,0.9880963035890094,Central America,-2.4852962106989556,0.9255342458407404
7487,1985,Honduras,0.8377338226080732,Central America,-2.488526624484037,0.917728495049535
7488,1986,Honduras,0.8090933500402757,Central America,-2.491732523657823,0.9099115554174692
7489,1987,Honduras,0.8484739998209969,Central America,-2.494913869717684,0.9020835039300781
7490,1988,Honduras,0.9200751812404905,Central America,-2.498070624402738,0.8942444177046653
7491,1989,Honduras,0.9916763626599839,Central America,-2.5012027496943032,0.8863943739895337
7492,1990,Honduras,0.9057549449565917,Central America,-2.504310207816346,0.8785334501632169
7493,1991,Honduras,0.9308153584534146,Central America,-2.507392961235912,0.8706617237337512
7494,1992,Honduras,0.9988364808019333,Central America,-2.510450972663587,0.8627792723378606
7495,1993,Honduras,0.9916763626599839,Central America,-2.513484205053927,0.8548861737402254
7496,1994,Honduras,1.1384587845699454,Central America,-2.5164926216058934,0.8469825058326985
7497,1995,Honduras,1.2780810883379576,Central America,-2.5194761857632826,0.8390683466335737
7498,1996,Honduras,1.2351203794862613,Central America,-2.5224348612151726,0.8311437742867608
7499,1997,Honduras,1.2136400250604136,Central America,-2.5253686118963414,0.8232088670610523
7500,1998,Honduras,1.3998030967510964,Central America,-2.5282774019876957,0.81526370334934
7501,1999,Honduras,1.4212834511769445,Central America,-2.531161195916701,0.8073083616678336
7502,2000,Honduras,1.3640025060413496,Central America,-2.5340199583577894,0.7993429206553202
7503,2001,Honduras,1.568065873086906,Central America,-2.536853654232799,0.7913674590723342
7504,2002,Honduras,1.6038664637966527,Central America,-2.5396622487113785,0.7833820558004143
7505,2003,Honduras,1.7041081177839434,Central America,-2.5424457072114053,0.7753867898413154
7506,2004,Honduras,1.807929830842209,Central America,-2.545203995399401,0.7673817403162182
7507,2005,Honduras,1.5644858140159312,Central America,-2.547937079190929,0.7593669864649825
7508,2006,Honduras,1.6718875861451714,Central America,-2.5506449247510212,0.7513426076453095
7509,2007,Honduras,1.6897878815000447,Central America,-2.5533274984945686,0.7433086833319922
7510,2008,Honduras,1.6325069363644502,Central America,-2.5559847670867333,0.7352652931161113
7511,2009,Honduras,1.5644858140159312,Central America,-2.558616697443333,0.7272125167042826
7512,2010,Honduras,1.4857245144544884,Central America,-2.5612232567312603,0.719150433917813
7513,2011,Honduras,1.7220084131388167,Central America,-2.563804412368862,0.711079124691947
7514,2012,Honduras,1.729168531280766,Central America,-2.566360132026338,0.7029986690750646
7515,2013,Honduras,1.7184283540678422,Central America,-2.568890383626132,0.6949091472278788
7516,2014,Honduras,1.636086995435425,Central America,-2.571395135343309,0.6868106394226771
7517,2015,Honduras,1.7220084131388167,Central America,-2.573874355605958,0.6787032260424714
7518,2016,Honduras,1.4749843372415645,Central America,-2.5763280130955613,0.6705869875802353
7519,2017,Honduras,1.328201915331603,Central America,-2.578756076747382,0.6624620046380892
7520,2018,Honduras,1.2351203794862613,Central America,-2.581158515750831,0.654328357926535
7521,2019,Honduras,1.3819028013962231,Central America,-2.5835352995498555,0.6461861282636004
7522,2020,Honduras,1.3890629195381723,Central America,-2.585886397843304,0.6380353965740729
7523,2021,Honduras,1.3854828604671978,Central America,-2.588211780585297,0.6298762438886865
7524,2022,Honduras,1.360422446970375,Central America,-2.5905114179855984,0.6217087513433072
7525,2023,Honduras,0.0,Central America,-2.592785280509969,0.6135330001781631
7526,1971,Jamaica,2.9105880247024074,Caribbean,-2.5950333388805453,0.6053490717369822
7527,1972,Jamaica,2.45234046361765,Caribbean,-2.5972555640761885,0.5971570474662188
7528,1973,Jamaica,2.7817058981473197,Caribbean,-2.599451927332846,0.5889570089142261
7529,1974,Jamaica,2.8676273158507115,Caribbean,-2.601622400143899,0.5807490377304808
7530,1975,Jamaica,2.5239416450371426,Caribbean,-2.6037669542605255,0.572533215664715
7531,1976,Jamaica,2.416539872907903,Caribbean,-2.6058855616920447,0.56430962456614
7532,1977,Jamaica,2.7280050120826993,Caribbean,-2.6079781947062615,0.5560783463826202
7533,1978,Jamaica,2.7996061935021928,Caribbean,-2.6100448258298177,0.5478394631598495
7534,1979,Jamaica,2.717264834869775,Caribbean,-2.6120854278485215,0.539593057040569
7535,1980,Jamaica,2.756645484650497,Caribbean,-2.614099973807703,0.531339210263694
7536,1981,Jamaica,2.6170231808824846,Caribbean,-2.61608843701254,0.5230780051635303
7537,1982,Jamaica,2.1444553835138276,Caribbean,-2.6180507910283963,0.5148095241689344
7538,1983,Jamaica,2.0728542020943346,Caribbean,-2.6199870096811484,0.5065338498025297
7539,1984,Jamaica,1.9153316029714489,Caribbean,-2.6218970670575206,0.49825106467982544
7540,1985,Jamaica,1.7255884722097914,Caribbean,-2.62378093750541,0.48996125150843095
7541,1986,Jamaica,1.535845341448134,Caribbean,-2.625638595634206,0.4816644930872196
7542,1987,Jamaica,1.4749843372415645,Caribbean,-2.627470016315119,0.47336087230549334
7543,1988,Jamaica,1.6074465228676273,Caribbean,-2.629275174681485,0.4650504721421913
7544,1989,Jamaica,1.9797726662489934,Caribbean,-2.6310540461291017,0.4567333756650058
7545,1990,Jamaica,2.208896446791372,Caribbean,-2.632806606316524,0.44840966602958865
7546,1991,Jamaica,2.1766759151526,Caribbean,-2.6345328311653855,0.44007942647870124
7547,1992,Jamaica,2.3234583370625614,Caribbean,-2.636232696860697,0.43174274034142024
7548,1993,Jamaica,2.3234583370625614,Caribbean,-2.637906179851162,0.4233996910322475
7549,1994,Jamaica,2.298397923565739,Caribbean,-2.6395532568494735,0.4150503620503132
7550,1995,Jamaica,2.312718159849638,Caribbean,-2.641173904832615,0.40669483697853076
7551,1996,Jamaica,2.405799695694979,Caribbean,-2.6427681010421598,0.3983331994827511
7552,1997,Jamaica,2.49888123154032,Caribbean,-2.644335822984559,0.3899655333109624
7553,1998,Jamaica,2.6707240669471046,Caribbean,-2.6458770484314456,0.38159192229239514
7554,1999,Jamaica,2.717264834869775,Caribbean,-2.647391755419915,0.3732124503367199
7555,2000,Jamaica,2.717264834869775,Caribbean,-2.6488799222528114,0.3648272014331971
7556,2001,Jamaica,2.6886243623019777,Caribbean,-2.65034152749902,0.35643625964982617
7557,2002,Jamaica,2.713684775798801,Caribbean,-2.6517765499937362,0.3480397091325403
7558,2003,Jamaica,2.6957844804439275,Caribbean,-2.6531849688387577,0.3396376341043058
7559,2004,Jamaica,2.6528237715922316,Caribbean,-2.6545667634027503,0.331230118864316
7560,2005,Jamaica,2.634923476237358,Caribbean,-2.65592191332153,0.32281724778712567
7561,2006,Jamaica,2.928488320057281,Caribbean,-2.6572503984983236,0.3143991053218428
7562,2007,Jamaica,2.8891076702765597,Caribbean,-2.658552199104046,0.3059757759912238
7563,2008,Jamaica,2.312718159849638,Caribbean,-2.6598272955775615,0.2975473443908632
7564,2009,Jamaica,1.9260717801843732,Caribbean,-2.6610756686259465,0.2891138951883343
7565,2010,Jamaica,1.8652107759778036,Caribbean,-2.6622972992247527,0.28067551312232947
7566,2011,Jamaica,1.8508905396939048,Caribbean,-2.663492168618257,0.2722322830018463
7567,2012,Jamaica,1.7112682359258926,Caribbean,-2.6646602583197256,0.26378428970527906
7568,2013,Jamaica,1.8150899489841583,Caribbean,-2.665801550111659,0.2553316181796026
7569,2014,Jamaica,1.7363286494227155,Caribbean,-2.666916026046046,0.2468743534395001
7570,2015,Jamaica,1.6969479996419938,Caribbean,-2.6680036684446047,0.23841258056654527
7571,2016,Jamaica,1.7900295354873355,Caribbean,-2.6690644598990314,0.22994638470828999
7572,2017,Jamaica,1.707688176854918,Caribbean,-2.6700983832712404,0.2214758510774454
7573,2018,Jamaica,2.0155732569587395,Caribbean,-2.6711054216935994,0.2130010649510146
7574,2019,Jamaica,1.940392016468272,Caribbean,-2.672085558569172,0.20452211166942497
7575,2020,Jamaica,1.4606641009576657,Caribbean,-2.6730387775719398,0.19603907663570652
7576,2021,Jamaica,1.535845341448134,Caribbean,-2.6739650626470435,0.1875520453145749
7577,2022,Jamaica,1.7148482949968673,Caribbean,-2.6748643980110063,0.17906110323160837
7578,2023,Jamaica,0.0,Caribbean,-2.675736768151955,0.17056633597236695
7579,1971,Nicaragua,0.8985948268146425,Central America,-2.6765821578298477,0.1620678291815676
7580,1972,Nicaragua,0.9021748858856171,Central America,-2.6774005520766884,0.1535656685621641
7581,1973,Nicaragua,0.9272352993824398,Central America,-2.678191936196748,0.14505993987452057
7582,1974,Nicaragua,0.8950147677436677,Central America,-2.6789562957667745,0.1365507289355369
7583,1975,Nicaragua,0.9021748858856171,Central America,-2.679693616636206,0.12803812161777364
7584,1976,Nicaragua,0.9845162445180345,Central America,-2.6804038849273764,0.1195222038486232
7585,1977,Nicaragua,1.1169784301440975,Central America,-2.6810870870357237,0.11100306160938561
7586,1978,Nicaragua,1.0919180166472746,Central America,-2.681743209629994,0.10248078093443841
7587,1979,Nicaragua,0.9880963035890094,Central America,-2.6823722396524357,0.0939554479103487
7588,1980,Nicaragua,1.0847578985053254,Central America,-2.682974164319002,0.08542714867504181
7589,1981,Nicaragua,1.077597780363376,Central America,-2.6835489711195444,0.07689596941687364
7590,1982,Nicaragua,1.077597780363376,Central America,-2.684096647818003,0.06836199637379795
7591,1983,Nicaragua,1.0811778394343505,Central America,-2.6846171824525955,0.05982531583248484
7592,1984,Nicaragua,1.0024165398729081,Central America,-2.6851105633360053,0.05128601412743907
7593,1985,Nicaragua,1.0525373668665532,Central America,-2.6855767790555625,0.04274417764016486
7594,1986,Nicaragua,1.2566007339121095,Central America,-2.6860158184734257,0.034199892798234904
7595,1987,Nicaragua,1.317461738118679,Central America,-2.686427670726762,0.0256532460744541
7596,1988,Nicaragua,1.3031415018347803,Central America,-2.6868123252279155,0.01710432398597478
7597,1989,Nicaragua,1.0811778394343505,Central America,-2.6871697716645873,0.008553213093411411
7598,1990,Nicaragua,1.270920970196008,Central America,-2.6875,2.303866790895958e-15
7599,1991,Nicaragua,1.2566007339121095,Central America,-2.687803000473067,-0.008555228649324753
7600,1992,Nicaragua,1.457084041886691,Central America,-2.6880787635985537,-0.01711238616879203
7601,1993,Nicaragua,1.4463438646737672,Central America,-2.6883272801672415,-0.025671385832669296
7602,1994,Nicaragua,1.57880605029983,Central America,-2.6885485412460843,-0.03423214087611459
7603,1995,Nicaragua,1.5644858140159312,Central America,-2.6887425381783645,-0.04279456449611103
7604,1996,Nicaragua,1.557325695873982,Central America,-2.688909262583846,-0.05135856985230883
7605,1997,Nicaragua,1.611026581938602,Central America,-2.689048706358922,-0.05992407006791552
7606,1998,Nicaragua,1.8222500671261077,Central America,-2.689160861676767,-0.06849097823058689
7607,1999,Nicaragua,1.7184283540678422,Central America,-2.6892457209874747,-0.07705920739327056
7608,2000,Nicaragua,1.7255884722097914,Central America,-2.689303277018205,-0.08562867057514582
7609,2001,Nicaragua,1.754228944777589,Central America,-2.6893335227733193,-0.09419928076246835
7610,2002,Nicaragua,1.8007697127002595,Central America,-2.6893364515345173,-0.1027709509094729
7611,2003,Nicaragua,1.9189116620424238,Central America,-2.6893120568609707,-0.11134359393921912
7612,2004,Nicaragua,1.875950953190728,Central America,-2.6892603325894524,-0.11991712274453341
7613,2005,Nicaragua,1.7184283540678422,Central America,-2.689181272834465,-0.1284914501888559
7614,2006,Nicaragua,1.7399087084936902,Central America,-2.6890748719883635,-0.13706648910713545
7615,2007,Nicaragua,1.7148482949968673,Central America,-2.6889411247214783,-0.14564215230672553
7616,2008,Nicaragua,1.5859661684417792,Central America,-2.6887800259822354,-0.1542183525682323
7617,2009,Nicaragua,1.600286404725678,Central America,-2.68859157099727,-0.16279500264645924
7618,2010,Nicaragua,1.5644858140159312,Central America,-2.6883757552715415,-0.17137201527125637
7619,2011,Nicaragua,1.5465855186610578,Central America,-2.6881325745884417,-0.17994930314842722
7620,2012,Nicaragua,1.4356036874608433,Central America,-2.687862025009907,-0.1885267789605793
7621,2013,Nicaragua,1.2995614427638056,Central America,-2.687564102876517,-0.19710435536807
7622,2014,Nicaragua,1.3210417971896535,Central America,-2.687238804807602,-0.205681945009858
7623,2015,Nicaragua,1.403383155822071,Central America,-2.686886127701338,-0.2142594605044023
7624,2016,Nicaragua,1.3711626241832993,Central America,-2.686506068734844,-0.2228368144505621
7625,2017,Nicaragua,1.3138816790477041,Central America,-2.686098625364279,-0.23141391942844894
7626,2018,Nicaragua,1.2637608520540589,Central America,-2.6856637953249267,-0.23999068800037515
7627,2019,Nicaragua,1.3425221516155017,Central America,-2.685201576631288,-0.24856703271170696
7628,2020,Nicaragua,1.1957397297055403,Central America,-2.6847119675771602,-0.25714286609177506
7629,2021,Nicaragua,1.1993197887765148,Central America,-2.6841949667357294,-0.265718100654729
7630,2022,Nicaragua,1.1814194934216415,Central America,-2.6836505729596363,-0.27429264890048627
7631,2023,Nicaragua,0.0,Central America,-2.6830787853810634,-0.2828664233155874
7632,1971,Panama,1.1384587845699454,Central America,-2.6824796034118017,-0.29143933637409847
7633,1972,Panama,1.163519198066768,Central America,-2.6818530267433247,-0.30001130053851394
7634,1973,Panama,1.2136400250604136,Central America,-2.6811990553468577,-0.30858222826061277
7635,1974,Panama,1.2064799069184642,Central America,-2.680517689473437,-0.317152031982409
7636,1975,Panama,1.2351203794862613,Central America,-2.679808929653977,-0.32572062413700886
7637,1976,Panama,1.2100599659894389,Central America,-2.679072776699325,-0.33428791714952377
7638,1977,Panama,1.188579611563591,Central America,-2.678309231700326,-0.34285382343792786
7639,1978,Panama,1.0238968942987559,Central America,-2.677518296027865,-0.35141825541400973
7640,1979,Panama,1.0310570124407052,Central America,-2.6766999713329245,-0.3599811254842306
7641,1980,Panama,0.937975476595364,Central America,-2.67585425954663,-0.368542346050629
7642,1981,Panama,0.7410722276917568,Central America,-2.6749811628802966,-0.37710182951172666
7643,1982,Panama,0.826993645395149,Central America,-2.674080683825472,-0.3856594882633868
7644,1983,Panama,1.0024165398729081,Central America,-2.6731528251539682,-0.39421523469976744
7645,1984,Panama,0.8126734091112503,Central America,-2.672197589917908,-0.40276898121418026
7646,1985,Panama,0.7231719323368836,Central America,-2.6712149814497503,-0.41132064019999703
7647,1986,Panama,0.7195918732659089,Central America,-2.670205003362325,-0.4198701240515565
7648,1987,Panama,0.8162534681822251,Central America,-2.669167659548861,-0.428417345165023
7649,1988,Panama,0.7339121095498075,Central America,-2.668102954183007,-0.43696221593934204
7650,1989,Panama,0.7518124049046809,Central America,-2.667010891718858,-0.44550464877709944
7651,1990,Panama,0.7195918732659089,Central America,-2.665891476890969,-0.45404455608543764
7652,1991,Panama,0.7661326411885796,Central America,-2.66474471471438,-0.4625818502769171
7653,1992,Panama,0.8341537635370984,Central America,-2.663570610484617,-0.47111644377047035
7654,1993,Panama,0.7983531728273517,Central America,-2.662369169777714,-0.47964824899226266
7655,1994,Panama,0.8234135863241744,Central America,-2.6611403984502133,-0.4881771783766001
7656,1995,Panama,0.8771144723887945,Central America,-2.6598843026391714,-0.4967031443668376
7657,1996,Panama,0.826993645395149,Central America,-2.658600888762166,-0.5052260594162394
7658,1997,Panama,0.8126734091112503,Central America,-2.657290163517287,-0.5137458359889354
7659,1998,Panama,0.9451355947373131,Central America,-2.6559521338831376,-0.5222623865607814
7660,1999,Panama,0.7911930546854024,Central America,-2.654586807118823,-0.530775623620277
7661,2000,Panama,0.7983531728273517,Central America,-2.653194190763951,-0.5392854596694278
7662,2001,Panama,0.9558757719502373,Central America,-2.6517742926386045,-0.5477918072246999
7663,2002,Panama,0.8126734091112503,Central America,-2.650327120843338,-0.5562945788178824
7664,2003,Panama,0.7876129956144275,Central America,-2.6488526837591517,-0.5647936869969952
7665,2004,Panama,0.7374921686207823,Central America,-2.647350990047474,-0.5732890443271984
7666,2005,Panama,0.8878546496017183,Central America,-2.645822048650141,-0.5817805633916531
7667,2006,Panama,0.8627942361048957,Central America,-2.64426586878936,-0.5902681567924781
7668,2007,Panama,0.7697127002595543,Central America,-2.6426824599676855,-0.598751737151611
7669,2008,Panama,0.6515707509173901,Central America,-2.641071831967985,-0.6072312171117261
7670,2009,Panama,0.7876129956144275,Central America,-2.6394339948534085,-0.615706509337097
7671,2010,Panama,0.7983531728273517,Central America,-2.637768958967339,-0.6241775265145513
7672,2011,Panama,0.7732927593305289,Central America,-2.6360767349333627,-0.6326441813543328
7673,2012,Panama,0.7267519914078582,Central America,-2.6343573336552137,-0.6411063865910097
7674,2013,Panama,0.6623109281303141,Central America,-2.632610766316734,-0.6495640549843842
7675,2014,Panama,0.6694710462722635,Central America,-2.630837044381828,-0.6580170993203529
7676,2015,Panama,0.6300903964915421,Central America,-2.6290361795943946,-0.6664654324118625
7677,2016,Panama,0.6050299829947194,Central America,-2.6272081839782837,-0.6749089670997718
7678,2017,Panama,0.5405889197171753,Central America,-2.6253530698372303,-0.6833476162537683
7679,2018,Panama,0.5155285062203526,Central America,-2.6234708497548036,-0.691781292773231
7680,2019,Panama,0.6802112234851875,Central America,-2.6215615365943274,-0.7002099095881837
7681,2020,Panama,0.6157701602076434,Central America,-2.6196251434988236,-0.7086333796601577
7682,2021,Panama,0.5907097467108208,Central America,-2.6176616838909363,-0.7170516159830981
7683,2022,Panama,0.565649333213998,Central America,-2.61567117147286,-0.7254645315842729
7684,2023,Panama,0.0,Central America,-2.6136536202262723,-0.7338720395251332
7685,1971,Paraguay,0.37590620245234047,South America,-2.6116090444122366,-0.742274052902267
7686,1972,Paraguay,0.39022643873623913,South America,-2.6095374585711353,-0.7506704848482604
7687,1973,Paraguay,0.40454667502013786,South America,-2.6074388775225765,-0.7590612485326133
7688,1974,Paraguay,0.35442584802649246,South America,-2.605313316365319,-0.7674462571626011
7689,1975,Paraguay,0.35084578895551777,South America,-2.6031607904771623,-0.7758254239842256
7690,1976,Paraguay,0.3615859661684418,South America,-2.6009813155148693,-0.7841986622830778
7691,1977,Paraguay,0.4654076792267073,South America,-2.5987749074140636,-0.7925658853852418
7692,1978,Paraguay,0.5191085652913273,South America,-2.596541582389126,-0.8009270066582019
7693,1979,Paraguay,0.44750738387183386,South America,-2.5942813569331094,-0.8092819395117025
7694,1980,Paraguay,0.40096661594916316,South America,-2.5919942478176097,-0.8176305973986991
7695,1981,Paraguay,0.35442584802649246,South America,-2.5896802720926773,-0.825972893816218
7696,1982,Paraguay,0.3615859661684418,South America,-2.5873394470866953,-0.8343087423062607
7697,1983,Paraguay,0.35442584802649246,South America,-2.5849717904062697,-0.8426380564567099
7698,1984,Paraguay,0.38664637966526444,South America,-2.5825773199361195,-0.8509607499021867
7699,1985,Paraguay,0.37948626152331516,South America,-2.5801560538389445,-0.8592767363250017
7700,1986,Paraguay,0.39022643873623913,South America,-2.5777080105553116,-0.8675859294560123
7701,1987,Paraguay,0.4117067931620872,South America,-2.5752332088035237,-0.8758882430755364
7702,1988,Paraguay,0.44392732480085917,South America,-2.5727316675795056,-0.8841835910142087
7703,1989,Paraguay,0.4152868522330619,South America,-2.5702034061566525,-0.8924718871539309
7704,1990,Paraguay,0.42244697037501117,South America,-2.567648444085712,-0.9007530454287278
7705,1991,Paraguay,0.39738655687818847,South America,-2.5650668011946403,-0.9090269798256487
7706,1992,Paraguay,0.468987738297682,South America,-2.5624584975884623,-0.9172936043856719
7707,1993,Paraguay,0.5155285062203526,South America,-2.5598235536491414,-0.9255528332045578
7708,1994,Paraguay,0.5763895104269221,South America,-2.5571619900354143,-0.9338045804337979
7709,1995,Paraguay,0.6121901011366688,South America,-2.5544738276826564,-0.9420487602814694
7710,1996,Paraguay,0.5978698648527702,South America,-2.551759087802723,-0.9502852870131442
7711,1997,Paraguay,0.6372505146334915,South America,-2.549017791883812,-0.9585140749527442
7712,1998,Paraguay,0.6658909872012888,South America,-2.546249961690282,-0.9667350384834864
7713,1999,Paraguay,0.6766311644142129,South America,-2.5434556192625113,-0.9749480920487366
7714,2000,Paraguay,0.565649333213998,South America,-2.540634786916728,-0.9831531501529079
7715,2001,Paraguay,0.5942898057817955,South America,-2.537787487244844,-0.9913501273623601
7716,2002,Paraguay,0.6229302783495927,South America,-2.534913743114298,-0.9995389383062512
7717,2003,Paraguay,0.6193502192786181,South America,-2.5320135776678674,-1.0077194976774808
7718,2004,Paraguay,0.6014499239237447,South America,-2.5290870143235034,-1.0158917202335425
7719,2005,Paraguay,0.54416897878815,South America,-2.526134076774151,-1.0240555207974278
7720,2006,Paraguay,0.5584892150720487,South America,-2.523154788987582,-1.0322108142584794
7721,2007,Paraguay,0.49762821086547937,South America,-2.5201491752061904,-1.0403575155733293
7722,2008,Paraguay,0.54416897878815,South America,-2.5171172599468234,-1.048495539766752
7723,2009,Paraguay,0.5728094513559474,South America,-2.514059068000587,-1.0566248019325557
7724,2010,Paraguay,0.5763895104269221,South America,-2.510974624432653,-1.064745217234479
7725,2011,Paraguay,0.5763895104269221,South America,-2.5078639545820804,-1.0728567009070387
7726,2012,Paraguay,0.565649333213998,South America,-2.5047270840615927,-1.080959168256467
7727,2013,Paraguay,0.54416897878815,South America,-2.501564038757398,-1.0890525346615607
7728,2014,Paraguay,0.5477490378591247,South America,-2.498374844828973,-1.0971367155745804
7729,2015,Paraguay,0.5942898057817955,South America,-2.495159528708882,-1.1052116265220984
7730,2016,Paraguay,0.6444106327754408,South America,-2.491918117102534,-1.1132771831059334
7731,2017,Paraguay,0.6909514006981116,South America,-2.4886506369879964,-1.1213333010039968
7732,2018,Paraguay,0.7052716369820102,South America,-2.485357115615774,-1.1293798959711818
7733,2019,Paraguay,0.6873713416271368,South America,-2.482037580508586,-1.1374168838402525
7734,2020,Paraguay,0.6372505146334915,South America,-2.478692059461166,-1.145444180522688
7735,2021,Paraguay,0.6909514006981116,South America,-2.475320580540013,-1.1534617020096145
7736,2022,Paraguay,0.6265103374205674,South America,-2.4719231720831836,-1.1614693643726481
7737,2023,Paraguay,0.0,South America,-2.468499862700059,-1.1694670837647811
7738,1971,Peru,1.156359079924819,South America,-2.465050681271111,-1.1774547764212688
7739,1972,Peru,1.1169784301440975,South America,-2.461575656947682,-1.1854323586604691
7740,1973,Peru,1.109818312002148,South America,-2.458074819151727,-1.1933997468847723
7741,1974,Peru,1.0919180166472746,South America,-2.4545481975755896,-1.2013568575814408
7742,1975,Peru,1.0919180166472746,South America,-2.4509958221817487,-1.2093036073235
7743,1976,Peru,1.0919180166472746,South America,-2.447417723202595,-1.2172399127705789
7744,1977,Peru,1.0704376622214267,South America,-2.4438139311401517,-1.2251656906698327
7745,1978,Peru,1.109818312002148,South America,-2.440184476765848,-1.2330808578567842
7746,1979,Peru,1.1133983710731226,South America,-2.4365293911202546,-1.2409853312562
7747,1980,Peru,1.099078134789224,South America,-2.4328487055128254,-1.248879027882973
7748,1981,Peru,1.0847578985053254,South America,-2.4291424515216584,-1.2567618648429562
7749,1982,Peru,1.0811778394343505,South America,-2.4254106609932022,-1.2646337593338843
7750,1983,Peru,1.0059965989438826,South America,-2.4216533660420136,-1.27249462864621
7751,1984,Peru,1.013156717085832,South America,-2.4178705990504765,-1.2803443901639846
7752,1985,Peru,0.9630358900921866,South America,-2.4140623926685536,-1.2881829613656957
7753,1986,Peru,0.9200751812404905,South America,-2.410228779813483,-1.2960102598251815
7754,1987,Peru,0.9236552403114652,South America,-2.406369793669523,-1.3038262032124643
7755,1988,Peru,1.0382171305826546,South America,-2.4024854676876646,-1.3116307092946224
7756,1989,Peru,1.0883379575763,South America,-2.3985758355853495,-1.3194236959366634
7757,1990,Peru,1.1348787254989707,South America,-2.3946409313462014,-1.3272050811023535
7758,1991,Peru,1.077597780363376,South America,-2.390680789219712,-1.3349747828551297
7759,1992,Peru,1.131298666427996,South America,-2.386695443720969,-1.3427327193589293
7760,1993,Peru,1.109818312002148,South America,-2.3826849296303534,-1.3504788088790658
7761,1994,Peru,1.013156717085832,South America,-2.3786492819932645,-1.3582129697830556
7762,1995,Peru,1.0704376622214267,South America,-2.374588536119791,-1.365935120541528
7763,1996,Peru,1.1491989617828695,South America,-2.3705027275844306,-1.3736451797290492
7764,1997,Peru,1.066857603150452,South America,-2.366391892225778,-1.3813430660249875
7765,1998,Peru,1.0310570124407052,South America,-2.3622560661462186,-1.3890286982143794
7766,1999,Peru,1.1169784301440975,South America,-2.358095285711633,-1.396701995188751
7767,2000,Peru,1.066857603150452,South America,-2.353909587551058,-1.4043628759470212
7768,2001,Peru,0.9773561263760853,South America,-2.349699008556392,-1.4120112595963255
7769,2002,Peru,0.9737760673051106,South America,-2.3454635858820634,-1.419647065352881
7770,2003,Peru,0.9093350040275665,South America,-2.3412033569447352,-1.4272702125428087
7771,2004,Peru,1.0024165398729081,South America,-2.3369183594229463,-1.434880620603033
7772,2005,Peru,0.937975476595364,South America,-2.33260863125681,-1.442478209082097
7773,2006,Peru,0.8556341179629463,South America,-2.3282742106476766,-1.4500628976410224
7774,2007,Peru,0.8699543542468451,South America,-2.3239151360577974,-1.4576346060541634
7775,2008,Peru,0.9057549449565917,South America,-2.319531446210013,-1.4651932542100228
7776,2009,Peru,0.9630358900921866,South America,-2.3151231800873813,-1.4727387621121457
7777,2010,Peru,0.9773561263760853,South America,-2.310690376932863,-1.480271049879933
7778,2011,Peru,0.9952564217309587,South America,-2.306233076248963,-1.487790037749501
7779,2012,Peru,0.9200751812404905,South America,-2.3017513177974105,-1.4952956460744926
7780,2013,Peru,0.8878546496017183,South America,-2.2972451415987782,-1.5027877953269675
7781,2014,Peru,0.9272352993824398,South America,-2.29271458793215,-1.510266406098212
7782,2015,Peru,0.9236552403114652,South America,-2.2881596973347667,-1.517731399099585
7783,2016,Peru,0.9343954175243891,South America,-2.2835805106016576,-1.5251826951633674
7784,2017,Peru,0.8699543542468451,South America,-2.2789770687853115,-1.5326202152435657
7785,2018,Peru,0.8413138816790476,South America,-2.2743494131952735,-1.5400438804167986
7786,2019,Peru,0.8592141770339211,South America,-2.2696975853978105,-1.5474536118831
7787,2020,Peru,0.784032936543453,South America,-2.2650216272155324,-1.554849330966762
7788,2021,Peru,0.8556341179629463,South America,-2.260321580727018,-1.5622309591171752
7789,2022,Peru,0.8985948268146425,South America,-2.2555974882664684,-1.5695984179096334
7790,2023,Peru,0.0,South America,-2.2508493924232913,-1.576951629046206
7791,1971,Suriname,0.0,South America,-2.2460773360417523,-1.5842905143565438
7792,1972,Suriname,0.0,South America,-2.241281362220578,-1.5916149957987178
7793,1973,Suriname,0.0,South America,-2.236461514312597,-1.5989249954600204
7794,1974,Suriname,0.0,South America,-2.2316178359243204,-1.6062204355578367
7795,1975,Suriname,0.0,South America,-2.226750370915574,-1.6135012384404404
7796,1976,Suriname,0.0,South America,-2.2218591633991016,-1.6207673265878244
7797,1977,Suriname,0.0,South America,-2.2169442577401663,-1.6280186226125346
7798,1978,Suriname,0.0,South America,-2.2120056985561747,-1.6352550492604585
7799,1979,Suriname,0.0,South America,-2.207043530716245,-1.6424765294116948
7800,1980,Suriname,0.0,South America,-2.2020577993408246,-1.649682986081341
7801,1981,Suriname,0.0,South America,-2.197048549801277,-1.6568743424203283
7802,1982,Suriname,0.0,South America,-2.1920158277194957,-1.6640505217162076
7803,1983,Suriname,0.0,South America,-2.1869596789674586,-1.6712114473940125
7804,1984,Suriname,0.0,South America,-2.1818801496668394,-1.6783570430170436
7805,1985,Suriname,0.0,South America,-2.176777286188586,-1.6854872322876893
7806,1986,Suriname,0.0,South America,-2.1716511351524965,-1.6926019390482467
7807,1987,Suriname,0.0,South America,-2.1665017434268212,-1.6997010872817022
7808,1988,Suriname,0.0,South America,-2.161329158127804,-1.7067846011125862
7809,1989,Suriname,0.0,South America,-2.1561334266192813,-1.7138524048077535
7810,1990,Suriname,0.0,South America,-2.1509145965122385,-1.7209044227772037
7811,1991,Suriname,0.0,South America,-2.145672715664405,-1.7279405795748595
7812,1992,Suriname,0.0,South America,-2.140407832179783,-1.734960799899414
7813,1993,Suriname,0.0,South America,-2.135119994408235,-1.7419650085951077
7814,1994,Suriname,0.0,South America,-2.1298092509450393,-1.7489531306525345
7815,1995,Suriname,0.0,South America,-2.1244756506304405,-1.755925091209453
7816,1996,Suriname,0.0,South America,-2.1191192425492313,-1.762880815551555
7817,1997,Suriname,0.0,South America,-2.113740076030266,-1.7698202291133085
7818,1998,Suriname,0.0,South America,-2.1083382006460387,-1.7767432574787252
7819,1999,Suriname,0.0,South America,-2.1029136662122148,-1.7836498263821714
7820,2000,Suriname,1.7936095945583101,South America,-2.0974665227872054,-1.7905398617091313
7821,2001,Suriname,1.7578090038485636,South America,-2.0919968206716675,-1.7974132894970447
7822,2002,Suriname,1.2351203794862613,South America,-2.0865046104080736,-1.80427003593607
7823,2003,Suriname,1.2888212655508815,South America,-2.080989942780238,-1.8111100273698806
7824,2004,Suriname,1.360422446970375,South America,-2.0754528688128504,-1.8179331902964604
7825,2005,Suriname,1.575225991228855,South America,-2.069893439771028,-1.8247394513688633
7826,2006,Suriname,1.3461022106864764,South America,-2.0643117071598116,-1.8315287373960414
7827,2007,Suriname,1.1814194934216415,South America,-2.058707722723715,-1.838300975343601
7828,2008,Suriname,1.1706793162087175,South America,-2.0530815384462446,-1.8450560923345936
7829,2009,Suriname,1.1348787254989707,South America,-2.0474332065494147,-1.8517940156503025
7830,2010,Suriname,1.306721560905755,South America,-2.0417627794932924,-1.8585146727309971
7831,2011,Suriname,1.3747426832542735,South America,-2.0360703099754742,-1.8652179911767512
7832,2012,Suriname,1.6683075270741967,South America,-2.03035585093063,-1.8719038987481948
7833,2013,Suriname,1.5143649870222857,South America,-2.024619455529996,-1.8785723233673017
7834,2014,Suriname,1.7470688266356393,South America,-2.018861177180917,-1.8852231931181367
7835,2015,Suriname,1.883111071332677,South America,-2.013081069526307,-1.8918564362476695
7836,2016,Suriname,2.1659357379396758,South America,-2.0072791864441846,-1.89847198116652
7837,2017,Suriname,1.7578090038485636,South America,-2.0014555820471647,-1.9050697564497323
7838,2018,Suriname,1.4714042781705896,South America,-1.9956103106819527,-1.9116496908375522
7839,2019,Suriname,1.7936095945583101,South America,-1.9897434269288685,-1.9182117132361636
7840,2020,Suriname,2.090754497449208,South America,-1.9838549856012966,-1.924755752718498
7841,2021,Suriname,2.237536919359169,South America,-1.9779450417452094,-1.9312817385249692
7842,2022,Suriname,2.298397923565739,South America,-1.9720136506386383,-1.9377896000642487
7843,2023,Suriname,0.0,South America,-1.9660608677911915,-1.9442792669139988
7844,1971,Trinidad and Tobago,3.15045198245771,Caribbean,-1.9600867489434932,-1.9507506688216736
7845,1972,Trinidad and Tobago,3.0358900921865213,Caribbean,-1.954091350066696,-1.9572037357052485
7846,1973,Trinidad and Tobago,3.0931710373221155,Caribbean,-1.9480747273619514,-1.9636383976539826
7847,1974,Trinidad and Tobago,2.7280050120826993,Caribbean,-1.9420369372598782,-1.9700545849291802
7848,1975,Trinidad and Tobago,2.3699991049852325,Caribbean,-1.9359780364200674,-1.9764522279649155
7849,1976,Trinidad and Tobago,2.5239416450371426,Caribbean,-1.9298980817305094,-1.9828312573688247
7850,1977,Trinidad and Tobago,2.6492437125212565,Caribbean,-1.9237971303070933,-1.9891916039228295
7851,1978,Trinidad and Tobago,2.384319341269131,Caribbean,-1.9176752394930576,-1.9955331985838956
7852,1979,Trinidad and Tobago,2.316298218920612,Caribbean,-1.9115324668584852,-2.0018559724847544
7853,1980,Trinidad and Tobago,2.2590172737850174,Caribbean,-1.9053688701997187,-2.008159856934687
7854,1981,Trinidad and Tobago,2.441600286404726,Caribbean,-1.8991845075388543,-2.01444478342024
7855,1982,Trinidad and Tobago,2.2912378054237896,Caribbean,-1.892979437123185,-2.0207106836059743
7856,1983,Trinidad and Tobago,2.416539872907903,Caribbean,-1.8867537174246525,-2.02695748933521
7857,1984,Trinidad and Tobago,2.6098630627405353,Caribbean,-1.880507407139327,-2.033185132630738
7858,1985,Trinidad and Tobago,2.6814642441600283,Caribbean,-1.8742405651868126,-2.0393935456955967
7859,1986,Trinidad and Tobago,2.842566902353889,Caribbean,-1.8679532507097254,-2.0455826609137806
7860,1987,Trinidad and Tobago,3.132551687102837,Caribbean,-1.8616455230731204,-2.051752410850983
7861,1988,Trinidad and Tobago,3.508457889555178,Caribbean,-1.8553174418639677,-2.057902728255306
7862,1989,Trinidad and Tobago,3.4798174169873803,Caribbean,-1.8489690668905454,-2.064033546058025
7863,1990,Trinidad and Tobago,3.5657388346907726,Caribbean,-1.8426004581819075,-2.0701447973742906
7864,1991,Trinidad and Tobago,3.415376353709836,Caribbean,-1.8362116759873126,-2.0762364155038653
7865,1992,Trinidad and Tobago,3.2471135773740265,Caribbean,-1.8298027807756474,-2.082308333931848
7866,1993,Trinidad and Tobago,3.15045198245771,Caribbean,-1.8233738332348899,-2.088360486329376
7867,1994,Trinidad and Tobago,3.114651391747964,Caribbean,-1.8169248942714893,-2.0943928065543806
7868,1995,Trinidad and Tobago,3.0394701512574955,Caribbean,-1.8104560250098252,-2.100405228652283
7869,1996,Trinidad and Tobago,2.9535487335541033,Caribbean,-1.803967286791613,-2.106397686856723
7870,1997,Trinidad and Tobago,2.942808556341179,Caribbean,-1.7974587411753566,-2.1123701155902492
7871,1998,Trinidad and Tobago,2.831826725140965,Caribbean,-1.7909304499357224,-2.118322449465071
7872,1999,Trinidad and Tobago,2.620603239953459,Caribbean,-1.7843824750629844,-2.124254623283745
7873,2000,Trinidad and Tobago,2.5239416450371426,Caribbean,-1.7778148787624313,-2.130166572039892
7874,2001,Trinidad and Tobago,2.7817058981473197,Caribbean,-1.77122772345377,-2.1360582309189096
7875,2002,Trinidad and Tobago,2.853307079566813,Caribbean,-1.7646210717705673,-2.1419295352986576
7876,2003,Trinidad and Tobago,3.0645305647543184,Caribbean,-1.757994986559608,-2.147780420750195
7877,2004,Trinidad and Tobago,2.9965094424057996,Caribbean,-1.751349530880334,-2.1536108230384623
7878,2005,Trinidad and Tobago,3.0609505056833437,Caribbean,-1.744684768004235,-2.1594206781229857
7879,2006,Trinidad and Tobago,3.053790387541394,Caribbean,-1.7380007614142434,-2.1652099221585854
7880,2007,Trinidad and Tobago,2.9893493242638502,Caribbean,-1.731297574804164,-2.1709784914960455
7881,2008,Trinidad and Tobago,2.838986843282914,Caribbean,-1.7245752720780183,-2.1767263226828475
7882,2009,Trinidad and Tobago,2.838986843282914,Caribbean,-1.7178339173494745,-2.1824533524638405
7883,2010,Trinidad and Tobago,3.1182314508189384,Caribbean,-1.7110735749412187,-2.1881595177819415
7884,2011,Trinidad and Tobago,3.2077329275933053,Caribbean,-1.7042943093843765,-2.1938447557788066
7885,2012,Trinidad and Tobago,2.9213282019153315,Caribbean,-1.697496185417852,-2.1995090037955496
7886,2013,Trinidad and Tobago,2.914168083773382,Caribbean,-1.6906792679877436,-2.2051521993734085
7887,2014,Trinidad and Tobago,2.792446075360244,Caribbean,-1.6838436222467175,-2.2107742802544332
7888,2015,Trinidad and Tobago,2.7280050120826993,Caribbean,-1.676989313553379,-2.216375184382173
7889,2016,Trinidad and Tobago,2.534681822250067,Caribbean,-1.670116407471682,-2.221954849902336
7890,2017,Trinidad and Tobago,2.6528237715922316,Caribbean,-1.6632249697702572,-2.2275132151635
7891,2018,Trinidad and Tobago,2.6027029445985854,Caribbean,-1.656315066421815,-2.233050218717769
7892,2019,Trinidad and Tobago,2.5096214087532442,Caribbean,-1.6493867636025015,-2.2385657993214556
7893,2020,Trinidad and Tobago,2.466660699901548,Caribbean,-1.6424401276912983,-2.2440598959357327
7894,2021,Trinidad and Tobago,2.1945762105074733,Caribbean,-1.63547522526934,-2.249532447727338
7895,2022,Trinidad and Tobago,2.2661773919269668,Caribbean,-1.6284921231193124,-2.2549833940692214
7896,2023,Trinidad and Tobago,0.0,Caribbean,-1.621490888224803,-2.260412674541215
7897,1971,Uruguay,0.8914347086726931,South America,-1.614471587769655,-2.265820228930704
7898,1972,Uruguay,0.9845162445180345,South America,-1.6074342891373556,-2.2712059972332685
7899,1973,Uruguay,0.9164951221695159,South America,-1.600379059910343,-2.2765699196533773
7900,1974,Uruguay,0.8556341179629463,South America,-1.5933059678693917,-2.2819119366050233
7901,1975,Uruguay,0.8556341179629463,South America,-1.5862150809929476,-2.2872319887123926
7902,1976,Uruguay,0.8377338226080732,South America,-1.5791064674565076,-2.2925300168104963
7903,1977,Uruguay,0.8126734091112503,South America,-1.571980195631919,-2.2978059619458575
7904,1978,Uruguay,0.7911930546854024,South America,-1.5648363340867548,-2.3030597653771387
7905,1979,Uruguay,0.8090933500402757,South America,-1.5576749515836488,-2.3082913685757975
7906,1980,Uruguay,0.6837912825561622,South America,-1.5504961170796259,-2.313500713226737
7907,1981,Uruguay,0.6372505146334915,South America,-1.5432998997254759,-2.31868774122893
7908,1982,Uruguay,0.6587308690593395,South America,-1.536086368865035,-2.323852394696093
7909,1983,Uruguay,0.5584892150720487,South America,-1.5288555940345574,-2.328994615957307
7910,1984,Uruguay,0.5083683880784032,South America,-1.5216076449620257,-2.3341143475576644
7911,1985,Uruguay,0.47614785643963126,South America,-1.5143425915665172,-2.339211532258885
7912,1986,Uruguay,0.43318714758793514,South America,-1.5070605039574787,-2.344286113039984
7913,1987,Uruguay,0.4618276201557326,South America,-1.4997614524340854,-2.3493380330978786
7914,1988,Uruguay,0.5978698648527702,South America,-1.4924455074845575,-2.3543672358480277
7915,1989,Uruguay,0.6372505146334915,South America,-1.485112739785469,-2.359373664925063
7916,1990,Uruguay,0.47972791551060595,South America,-1.4777632202011042,-2.3643572641833956
7917,1991,Uruguay,0.533428801575226,South America,-1.4703970197827207,-2.3693179776978677
7918,1992,Uruguay,0.5405889197171753,South America,-1.4630142097679002,-2.374255749764358
7919,1993,Uruguay,0.4940481517945047,South America,-1.4556148615798425,-2.379170524900408
7920,1994,Uruguay,0.42602702944598586,South America,-1.4481990468267116,-2.38406224784582
7921,1995,Uruguay,0.4833079745815806,South America,-1.4407668373008913,-2.3889308635633038
7922,1996,Uruguay,0.533428801575226,South America,-1.4333183049783276,-2.3937763172390687
7923,1997,Uruguay,0.5119484471493779,South America,-1.4258535220178232,-2.3985985542834394
7924,1998,Uruguay,0.5083683880784032,South America,-1.418372560760333,-2.40339752033147
7925,1999,Uruguay,0.6157701602076434,South America,-1.410875493728296,-2.4081731612435306
7926,2000,Uruguay,0.5047883290074285,South America,-1.4033623936248858,-2.412925423105941
7927,2001,Uruguay,0.45824756108475795,South America,-1.3958333333333381,-2.417654252231555
7928,2002,Uruguay,0.45108744294280856,South America,-1.3882883859162394,-2.4223595951603634
7929,2003,Uruguay,0.44034726572988453,South America,-1.380727624614807,-2.427041398660097
7930,2004,Uruguay,0.5405889197171753,South America,-1.373151122848218,-2.4316996097268038
7931,2005,Uruguay,0.5012082699364541,South America,-1.365558954212843,-2.436334175585471
7932,2006,Uruguay,0.565649333213998,South America,-1.3579511924815684,-2.4409450436905966
7933,2007,Uruguay,0.49046809272353,South America,-1.3503279116030626,-2.445532161726788
7934,2008,Uruguay,0.6121901011366688,South America,-1.3426891857010952,-2.4500954776093304
7935,2009,Uruguay,0.565649333213998,South America,-1.3350350890737621,-2.4546349394847997
7936,2010,Uruguay,0.43318714758793514,South America,-1.3273656961928022,-2.459150495731624
7937,2011,Uruguay,0.49762821086547937,South America,-1.319681081702864,-2.4636420949606728
7938,2012,Uruguay,0.54416897878815,South America,-1.3119813204207702,-2.4681096860158336
7939,2013,Uruguay,0.44750738387183386,South America,-1.3042664873348282,-2.4725532179745726
7940,2014,Uruguay,0.37948626152331516,South America,-1.296536657604046,-2.4769726401485364
7941,2015,Uruguay,0.38664637966526444,South America,-1.288791906557438,-2.4813679020841017
7942,2016,Uruguay,0.37590620245234047,South America,-1.2810323096932734,-2.4857389535629544
7943,2017,Uruguay,0.3436856708135684,South America,-1.2732579426783768,-2.4900857446026388
7944,2018,Uruguay,0.36874608431039113,South America,-1.2654688813473387,-2.4944082254571476
7945,2019,Uruguay,0.3830663205942898,South America,-1.2576652017018126,-2.4987063466174653
7946,2020,Uruguay,0.39022643873623913,South America,-1.2498469799097647,-2.5029800588121347
7947,2021,Uruguay,0.45466750201378325,South America,-1.242014292304723,-2.507229313007816
7948,2022,Uruguay,0.4117067931620872,South America,-1.2341672153850698,-2.511454060409824
7949,2023,Uruguay,0.0,South America,-1.22630582581324,-2.515654252462709
7950,1971,Venezuela,2.9642889107670274,South America,-1.218430200415011,-2.519829840850788
7951,1972,Venezuela,3.021569855902622,South America,-1.2105404161787336,-2.5239807774987018
7952,1973,Venezuela,3.275754049941824,South America,-1.2026365502546168,-2.5281070145719426
7953,1974,Venezuela,3.2793341090127988,South America,-1.1947186799539207,-2.532208504477425
7954,1975,Venezuela,3.1755123959545335,South America,-1.1867868827482364,-2.5362851998640057
7955,1976,Venezuela,3.1289716280318625,South America,-1.1788412362687215,-2.540337053623031
7956,1977,Venezuela,3.0502103284704196,South America,-1.17088181830533,-2.5443640188888734
7957,1978,Venezuela,3.239953459232077,South America,-1.16290870680609,-2.5483660490394517
7958,1979,Venezuela,3.6659804886780636,South America,-1.154921979876285,-2.5523430976967836
7959,1980,Venezuela,4.210149467466213,South America,-1.146921715777728,-2.556295118727501
7960,1981,Venezuela,4.324711357737402,South America,-1.1389079929279757,-2.560222066243385
7961,1982,Venezuela,4.256690235388884,South America,-1.130880889899597,-2.5641238946018707
7962,1983,Venezuela,4.6934574420477935,South America,-1.1228404854193503,-2.568000558406597
7963,1984,Venezuela,4.46791372057639,South America,-1.1147868583674474,-2.5718520125079074
7964,1985,Venezuela,4.435693188937618,South America,-1.1067200877767722,-2.575678212003371
7965,1986,Venezuela,4.167188758614516,South America,-1.098640252832096,-2.5794791122383027
7966,1987,Venezuela,3.9344849190011635,South America,-1.090547432869338,-2.583254668806258
7967,1988,Venezuela,3.7340016110265815,South America,-1.0824417073747323,-2.587004837549567
7968,1989,Venezuela,4.679137205763895,South America,-1.074323155984084,-2.5907295745598238
7969,1990,Venezuela,4.4929741340732114,South America,-1.0661918584819803,-2.594428836178401
7970,1991,Venezuela,4.038306632059428,South America,-1.0580478948009944,-2.5981025789969463
7971,1992,Venezuela,3.898684328291417,South America,-1.0498913450209415,-2.601750759857878
7972,1993,Venezuela,4.120647990691847,South America,-1.0417222893680331,-2.605373335854896
7973,1994,Venezuela,4.24595005817596,South America,-1.0335408082141282,-2.6089702643334673
7974,1995,Venezuela,4.29965094424058,South America,-1.0253469820759233,-2.6125415028913235
7975,1996,Venezuela,4.632596437841224,South America,-1.0171408916141986,-2.6160870093789375
7976,1997,Venezuela,4.535934842924908,South America,-1.0089226176329682,-2.6196067419000295
7977,1998,Venezuela,4.553835138279782,South America,-1.0006922410787227,-2.623100658812043
7978,1999,Venezuela,4.6934574420477935,South America,-0.9924498430396235,-2.6265687187266273
7979,2000,Venezuela,4.732838091828516,South America,-0.9841955047446943,-2.6300108805101194
7980,2001,Venezuela,4.775798800680212,South America,-0.9759293075630598,-2.6334271032840135
7981,2002,Venezuela,5.531191264655867,South America,-0.9676513330030873,-2.636817346425449
7982,2003,Venezuela,5.763895104269221,South America,-0.9593616627116208,-2.6401815695676776
7983,2004,Venezuela,5.044303231003312,South America,-0.9510603784731587,-2.6435197326005313
7984,2005,Venezuela,4.833079745815806,South America,-0.9427475622090837,-2.646831795670884
7985,2006,Venezuela,4.342611653092277,South America,-0.9344232959767997,-2.6501177191831333
7986,2007,Venezuela,3.8736239147945946,South America,-0.926087661968959,-2.653377463799647
7987,2008,Venezuela,3.891524210149467,South America,-0.9177407425126427,-2.656610990441231
7988,2009,Venezuela,4.0597869864852765,South America,-0.9093826200685383,-2.659818260287587
7989,2010,Venezuela,4.4607536024344405,South America,-0.9010133772301632,-2.662999234777754
7990,2011,Venezuela,4.124228049762821,South America,-0.8926330967229924,-2.6661538756105814
7991,2012,Venezuela,4.167188758614516,South America,-0.8842418614036801,-2.6692821447451647
7992,2013,Venezuela,4.034726572988454,South America,-0.8758397542592202,-2.6723840044012985
7993,2014,Venezuela,4.149288463259644,South America,-0.8674268584061657,-2.67545941705991
7994,2015,Venezuela,4.013246218562606,South America,-0.8590032570897495,-2.6785083454635186
7995,2016,Venezuela,4.432113129866643,South America,-0.8505690336830983,-2.681530752616661
7996,2017,Venezuela,5.033563053790387,South America,-0.8421242716863997,-2.684526601786334
7997,2018,Venezuela,5.577732032578537,South America,-0.8336690547260656,-2.687495856502429
7998,2019,Venezuela,6.343864673767117,South America,-0.8252034665539429,-2.690438480558155
7999,2020,Venezuela,5.033563053790387,South America,-0.8167275910464271,-2.6933544380104806
8000,2021,Venezuela,4.847399982099705,South America,-0.8082415122036697,-2.696243693180552
8001,2022,Venezuela,5.8498165219726115,South America,-0.7997453141487276,-2.6991062106541217
8002,2023,Venezuela,0.0,South America,-0.7912390811267668,-2.7019419552819564
8003,1971,Other Non-OECD Americas,0.554909156001074,South America,-0.7827228975041713,-2.704750892180275
8004,1972,Other Non-OECD Americas,0.640830573704466,South America,-0.7741968477677438,-2.707532986731151
8005,1973,Other Non-OECD Americas,0.6157701602076434,South America,-0.7656610165238591,-2.71028820458293
8006,1974,Other Non-OECD Americas,0.5155285062203526,South America,-0.7571154884976151,-2.7130165116506415
8007,1975,Other Non-OECD Americas,0.6300903964915421,South America,-0.7485603485320309,-2.7157178741163968
8008,1976,Other Non-OECD Americas,0.5405889197171753,South America,-0.7399956815871462,-2.71839225842981
8009,1977,Other Non-OECD Americas,0.5584892150720487,South America,-0.7314215727392178,-2.7210396313083907
8010,1978,Other Non-OECD Americas,0.522688624362302,South America,-0.7228381071798541,-2.723659959737948
8011,1979,Other Non-OECD Americas,0.47972791551060595,South America,-0.7142453702152085,-2.7262532109729767
8012,1980,Other Non-OECD Americas,0.45466750201378325,South America,-0.7056434472650741,-2.7288193525370703
8013,1981,Other Non-OECD Americas,0.44392732480085917,South America,-0.6970324238620725,-2.7313583522232987
8014,1982,Other Non-OECD Americas,0.4188669113040366,South America,-0.6884123856507952,-2.733870178094604
8015,1983,Other Non-OECD Americas,0.3830663205942898,South America,-0.6797834183869413,-2.736354798484186
8016,1984,Other Non-OECD Americas,0.39738655687818847,South America,-0.6711456079365046,-2.738812181995878
8017,1985,Other Non-OECD Americas,0.39022643873623913,South America,-0.6624990402748596,-2.741242297504543
8018,1986,Other Non-OECD Americas,0.3830663205942898,South America,-0.6538438014859466,-2.7436451141564397
8019,1987,Other Non-OECD Americas,0.40096661594916316,South America,-0.6451799777614041,-2.7460206013696054
8020,1988,Other Non-OECD Americas,0.4117067931620872,South America,-0.6365076553997014,-2.748368728834226
8021,1989,Other Non-OECD Americas,0.42960708851696056,South America,-0.6278269208053182,-2.750689466513002
8022,1990,Other Non-OECD Americas,0.9164951221695159,South America,-0.6191378604878252,-2.752982784641525
8023,1991,Other Non-OECD Americas,0.9308153584534146,South America,-0.6104405610610617,-2.7552486537286383
8024,1992,Other Non-OECD Americas,0.9200751812404905,South America,-0.6017351092422525,-2.7574870445568
8025,1993,Other Non-OECD Americas,0.9129150630985411,South America,-0.593021591851183,-2.759697928182435
8026,1994,Other Non-OECD Americas,0.9129150630985411,South America,-0.5843000958092746,-2.761881275936306
8027,1995,Other Non-OECD Americas,0.8985948268146425,South America,-0.5755707081387568,-2.764037059423856
8028,1996,Other Non-OECD Americas,0.8842745905307438,South America,-0.5668335159617898,-2.7661652505255647
8029,1997,Other Non-OECD Americas,0.8771144723887945,South America,-0.558088606499585,-2.768265821397296
8030,1998,Other Non-OECD Americas,0.8484739998209969,South America,-0.5493360670715742,-2.770338744470638
8031,1999,Other Non-OECD Americas,0.8663742951758703,South America,-0.5405759850944781,-2.772383992453258
8032,2000,Other Non-OECD Americas,0.784032936543453,South America,-0.5318084480814735,-2.7744015383292333
8033,2001,Other Non-OECD Americas,0.7160118141949343,South America,-0.5230335436412995,-2.776391355359393
8034,2002,Other Non-OECD Americas,0.37948626152331516,South America,-0.5142513594774211,-2.778353417081646
8035,2003,Other Non-OECD Americas,0.43318714758793514,South America,-0.5054619833870941,-2.780287697311325
8036,2004,Other Non-OECD Americas,0.42960708851696056,South America,-0.49666550326052705,-2.782194170141504
8037,2005,Other Non-OECD Americas,0.43676720665890983,South America,-0.4878620070799922,-2.7840728099433325
8038,2006,Other Non-OECD Americas,0.44034726572988453,South America,-0.4790515829189361,-2.7859235913663554
8039,2007,Other Non-OECD Americas,0.45824756108475795,South America,-0.4702343189411384,-2.7877464893388306
8040,2008,Other Non-OECD Americas,0.47256779736865656,South America,-0.46141030339976963,-2.7895414790680557
8041,2009,Other Non-OECD Americas,0.4940481517945047,South America,-0.45257962463654844,-2.7913085360406775
8042,2010,Other Non-OECD Americas,0.47614785643963126,South America,-0.4437423710808371,-2.793047636023007
8043,2011,Other Non-OECD Americas,0.3615859661684418,South America,-0.4348986312487956,-2.7947587550613218
8044,2012,Other Non-OECD Americas,0.39738655687818847,South America,-0.4260484937424359,-2.796441869482184
8045,2013,Other Non-OECD Americas,0.40812673409111255,South America,-0.41719204724877396,-2.798096955892738
8046,2014,Other Non-OECD Americas,0.4188669113040366,South America,-0.4083293805389314,-2.7997239911810126
8047,2015,Other Non-OECD Americas,0.4188669113040366,South America,-0.3994605824672353,-2.8013229525162195
8048,2016,Other Non-OECD Americas,0.42960708851696056,South America,-0.3905857419703682,-2.8028938173490463
8049,2017,Other Non-OECD Americas,0.26492437125212565,South America,-0.38170494806641553,-2.8044365634119552
8050,2018,Other Non-OECD Americas,0.2756645484650497,South America,-0.37281828985401355,-2.8059511687194694
8051,2019,Other Non-OECD Americas,0.2756645484650497,South America,-0.3639258565114353,-2.8074376115684614
8052,2020,Other Non-OECD Americas,0.26850443032310034,South America,-0.35502773729573517,-2.8088958705384313
8053,2021,Other Non-OECD Americas,0.272084489394075,South America,-0.3461240215417941,-2.8103259244917984
8054,2022,Other Non-OECD Americas,0.272084489394075,South America,-0.3372147986614621,-2.8117277525741735
8055,2023,Other Non-OECD Americas,0.0,South America,-0.3283001581426504,-2.8131013342146365
8056,1971,Non-OECD Americas,1.1778394343506668,South America,-0.31938018954842307,-2.814446649126008
8057,1972,Non-OECD Americas,1.156359079924819,South America,-0.31045498251613685,-2.8157636773051182
8058,1973,Non-OECD Americas,1.1742593752796922,South America,-0.3015246267564809,-2.8170523990330807
8059,1974,Non-OECD Americas,1.1420388436409201,South America,-0.29258921205261446,-2.818312794875548
8060,1975,Non-OECD Americas,1.120558489215072,South America,-0.2836488282592451,-2.819544845682982
8061,1976,Non-OECD Americas,1.1241385482860469,South America,-0.27470356530176443,-2.820748532590901
8062,1977,Non-OECD Americas,1.1133983710731226,South America,-0.2657535131752841,-2.821923837020149
8063,1978,Non-OECD Americas,1.1420388436409201,South America,-0.25679876194377027,-2.823070740677139
8064,1979,Non-OECD Americas,1.1348787254989707,South America,-0.2478394017391274,-2.824189225554107
8065,1980,Non-OECD Americas,1.0883379575763,South America,-0.238875522760281,-2.825279273929358
8066,1981,Non-OECD Americas,1.0883379575763,South America,-0.22990721527230973,-2.826340868367509
8067,1982,Non-OECD Americas,1.0847578985053254,South America,-0.22093456960547644,-2.827373991719735
8068,1983,Non-OECD Americas,1.0883379575763,South America,-0.21195767615435807,-2.8283786271240015
8069,1984,Non-OECD Americas,1.0489573077955785,South America,-0.20297662537692557,-2.829354758005305
8070,1985,Non-OECD Americas,1.0059965989438826,South America,-0.19399150779362184,-2.830302368075904
8071,1986,Non-OECD Americas,0.9988364808019333,South America,-0.18500241398648992,-2.8312214413355465
8072,1987,Non-OECD Americas,1.0024165398729081,South America,-0.1760094345981994,-2.8321119620717
8073,1988,Non-OECD Americas,1.0274769533697306,South America,-0.16701266033117254,-2.8329739148597763
8074,1989,Non-OECD Americas,1.045377248724604,South America,-0.15801218194664954,-2.833807284563349
8075,1990,Non-OECD Americas,1.0811778394343505,South America,-0.1490080902638131,-2.834612056334374
8076,1991,Non-OECD Americas,1.0632775440794773,South America,-0.14000047615881167,-2.835388215613406
8077,1992,Non-OECD Americas,1.0596974850085026,South America,-0.1309894305638825,-2.8361357481298066
8078,1993,Non-OECD Americas,1.0489573077955785,South America,-0.12197504446642361,-2.8368546399019596
8079,1994,Non-OECD Americas,1.0346370715116797,South America,-0.11295740890806504,-2.837544877237473
8080,1995,Non-OECD Americas,1.066857603150452,South America,-0.10393661498378967,-2.8382064467333845
8081,1996,Non-OECD Americas,1.1133983710731226,South America,-0.09491275384095253,-2.8388393352763615
8082,1997,Non-OECD Americas,1.1241385482860469,South America,-0.08588591667840012,-2.8394435300429
8083,1998,Non-OECD Americas,1.1420388436409201,South America,-0.07685619474552866,-2.840019018499519
8084,1999,Non-OECD Americas,1.163519198066768,South America,-0.06782367934140188,-2.8405657884029516
8085,2000,Non-OECD Americas,1.156359079924819,South America,-0.0587884618137675,-2.8410838278003356
8086,2001,Non-OECD Americas,1.1599391389957934,South America,-0.049750633558173704,-2.8415731250293974
8087,2002,Non-OECD Americas,1.1456189027118948,South America,-0.040710286017034594,-2.842033668718638
8088,2003,Non-OECD Americas,1.1241385482860469,South America,-0.03166751067869485,-2.84246544778751
8089,2004,Non-OECD Americas,1.120558489215072,South America,-0.0226223990765443,-2.842868451446598
8090,2005,Non-OECD Americas,1.0954980757182493,South America,-0.013575042788030765,-2.8432426691977897
8091,2006,Non-OECD Americas,1.066857603150452,South America,-0.004525533433773329,-2.84358809083445
8092,2007,Non-OECD Americas,1.0382171305826546,South America,0.004526037323385726,-2.8439047064415894
8093,2008,Non-OECD Americas,1.0310570124407052,South America,0.013579577779268952,-2.844192506396025
8094,2009,Non-OECD Americas,1.009576658014857,South America,0.022634996189353437,-2.84445148136655
8095,2010,Non-OECD Americas,1.0310570124407052,South America,0.031692200769660075,-2.844681622314087
8096,2011,Non-OECD Americas,1.0167367761568065,South America,0.04075109969769401,-2.844882920491849
8097,2012,Non-OECD Americas,1.0489573077955785,South America,0.0498116011133856,-2.8450553674454895
8098,2013,Non-OECD Americas,1.0561174259375279,South America,0.0588736131199815,-2.845198955013256
8099,2014,Non-OECD Americas,1.0740177212924014,South America,0.06793704378503743,-2.8453136753261368
8100,2015,Non-OECD Americas,1.0632775440794773,South America,0.07700180114131021,-2.8453995208080034
8101,2016,Non-OECD Americas,1.0346370715116797,South America,0.08606779318771142,-2.845456484175757
8102,2017,Non-OECD Americas,1.0059965989438826,South America,0.09513492789020046,-2.8454845584394617
8103,2018,Non-OECD Americas,0.970196008234136,South America,0.10420311318277968,-2.8454837369024855
8104,2019,Non-OECD Americas,0.9415555356663385,South America,0.11327225696838866,-2.8454540131616293
8105,2020,Non-OECD Americas,0.8806945314597691,South America,0.1223422671198497,-2.8453953811072585
8106,2021,Non-OECD Americas,0.9236552403114652,South America,0.13141305148081373,-2.8453078349234286
8107,2022,Non-OECD Americas,0.9021748858856171,South America,0.14048451786665628,-2.845191369088012
8108,2023,Non-OECD Americas,0.0,South America,0.14955657406547496,-2.845045978372816
8109,1971,Bahrain,4.195829231182314,Asia,0.15862912783898633,-2.8448716578436994
8110,1972,Bahrain,4.689877382976819,Asia,0.16770208692347394,-2.8446684028606932
8111,1973,Bahrain,6.257943256063725,Asia,0.17677535903073635,-2.8444362090781046
8112,1974,Bahrain,4.335451534950327,Asia,0.18584885184898595,-2.8441750724446346
8113,1975,Bahrain,4.092007518124049,Asia,0.1949224730438483,-2.8438849892034757
8114,1976,Bahrain,3.59437930725857,Asia,0.20399613025926153,-2.8435659558924216
8115,1977,Bahrain,3.472657298845431,Asia,0.21306973111843658,-2.8432179693439603
8116,1978,Bahrain,3.4046361764969117,Asia,0.22214318322475718,-2.842841026685379
8117,1979,Bahrain,3.680300724961962,Asia,0.2312163941627813,-2.842435125338853
8118,1980,Bahrain,3.472657298845431,Asia,0.240289271499142,-2.842000263021535
8119,1981,Bahrain,3.623019779826367,Asia,0.2493617227834993,-2.8415364377456473
8120,1982,Bahrain,3.5693188937617473,Asia,0.25843365554949205,-2.8410436478185637
8121,1983,Bahrain,3.4690772397744563,Asia,0.2675049773156401,-2.8405218918428963
8122,1984,Bahrain,3.408216235567887,Asia,0.2765755955863476,-2.839971168716566
8123,1985,Bahrain,3.6122796026134427,Asia,0.28564541785280567,-2.839391477632886
8124,1986,Bahrain,3.86288373758167,Asia,0.294714351593956,-2.83878281808063
8125,1987,Bahrain,3.8485635012977717,Asia,0.3037823042773943,-2.838145189844106
8126,1988,Bahrain,3.8163429696589994,Asia,0.3128491833603749,-2.8374785930032207
8127,1989,Bahrain,3.8378233240848476,Asia,0.3219148962907149,-2.836783027933541
8128,1990,Bahrain,3.85572361943972,Asia,0.3309793505077486,-2.83605849530636
8129,1991,Bahrain,3.6301798979683166,Asia,0.34004245344328304,-2.8353049960887495
8130,1992,Bahrain,4.016826277633581,Asia,0.34910411252250256,-2.8345225315436227
8131,1993,Bahrain,3.973865568781885,Asia,0.35816423516497503,-2.833711103229776
8132,1994,Bahrain,3.941645037143113,Asia,0.36722272878555723,-2.8328707130019435
8133,1995,Bahrain,3.9201646827172647,Asia,0.3762795007953613,-2.8320013630108414
8134,1996,Bahrain,3.9702855097109104,Asia,0.38533445860266025,-2.831103055703214
8135,1997,Bahrain,3.9523852143560374,Asia,0.39438750961389546,-2.830175793821868
8136,1998,Bahrain,4.049046809272353,Asia,0.40343856123458277,-2.8292195804057094
8137,1999,Bahrain,3.8163429696589994,Asia,0.41248752087026985,-2.828234418789783
8138,2000,Bahrain,3.673140606820013,Asia,0.421534295927493,-2.827220312605294
8139,2001,Bahrain,3.6982010203168345,Asia,0.4305787938146846,-2.8261772657796493
8140,2002,Bahrain,3.762642083594379,Asia,0.43962092194318136,-2.8251052825364655
8141,2003,Bahrain,3.683880784032936,Asia,0.4486605877281308,-2.824004367395601
8142,2004,Bahrain,3.4225364718517852,Asia,0.4576976985894602,-2.8228745251731704
8143,2005,Bahrain,3.7053611384587843,Asia,0.4667321619527841,-2.8217157609815646
8144,2006,Bahrain,3.7805423789492525,Asia,0.47576388525041285,-2.8205280802294572
8145,2007,Bahrain,3.5728989528327215,Asia,0.48479277592226044,-2.8193114886218162
8146,2008,Bahrain,3.619439720755392,Asia,0.4938187414168037,-2.8180659921599123
8147,2009,Bahrain,3.508457889555178,Asia,0.5028416891920402,-2.8167915971413158
8148,2010,Bahrain,3.512037948626152,Asia,0.5118615267163972,-2.8154883101599095
8149,2011,Bahrain,3.4475968853486085,Asia,0.5208781614697405,-2.8141561381058726
8150,2012,Bahrain,3.472657298845431,Asia,0.5298915009442833,-2.8127950881656796
8151,2013,Bahrain,3.4833974760583546,Asia,0.5389014526455551,-2.8114051678220924
8152,2014,Bahrain,3.5156180076971273,Asia,0.5479079240933107,-2.8099863848541515
8153,2015,Bahrain,3.465497180703481,Asia,0.5569108228225392,-2.8085387473371544
8154,2016,Bahrain,3.2972344043676722,Asia,0.5659100563843732,-2.80706226364264
8155,2017,Bahrain,3.1755123959545335,Asia,0.5749055323470483,-2.8055569424383693
8156,2018,Bahrain,3.15045198245771,Asia,0.5838971582968617,-2.804022792688299
8157,2019,Bahrain,3.3366150541483934,Asia,0.592884841839082,-2.80245982365256
8158,2020,Bahrain,3.4475968853486085,Asia,0.6018684905989578,-2.800868044887419
8159,2021,Bahrain,3.4332766490647093,Asia,0.6108480122226274,-2.7992474662452493
8160,2022,Bahrain,3.4332766490647093,Asia,0.6198233143780781,-2.7975980978744954
8161,2023,Bahrain,0.0,Asia,0.6287943047561048,-2.7959199502196292
8162,1971,Islamic Rep. of Iran,0.8234135863241744,Asia,0.63776089107122,-2.79421303402112
8163,1972,Islamic Rep. of Iran,0.7947731137563769,Asia,0.6467229810626621,-2.792477360315372
8164,1973,Islamic Rep. of Iran,0.8985948268146425,Asia,0.655680482495305,-2.7907129404346867
8165,1974,Islamic Rep. of Iran,0.9594558310212119,Asia,0.6646333031606271,-2.7889197860072072
8166,1975,Islamic Rep. of Iran,1.1169784301440975,Asia,0.67358135087762,-2.787097908956872
8167,1976,Islamic Rep. of Iran,1.0811778394343505,Asia,0.6825245334937979,-2.7852473215033435
8168,1977,Islamic Rep. of Iran,1.24944061577016,Asia,0.6914627588861055,-2.7833680361619573
8169,1978,Islamic Rep. of Iran,1.4177033921059699,Asia,0.7003959349618777,-2.7814600657436572
8170,1979,Islamic Rep. of Iran,1.7828694173453863,Asia,0.7093239696597968,-2.779523423354922
8171,1980,Islamic Rep. of Iran,2.1014946746621317,Asia,0.7182467709508036,-2.777558122397712
8172,1981,Islamic Rep. of Iran,2.2804976282108655,Asia,0.7271642468391023,-2.775564176569375
8173,1982,Islamic Rep. of Iran,2.090754497449208,Asia,0.7360763053630713,-2.773541599862585
8174,1983,Islamic Rep. of Iran,2.262597332855992,Asia,0.7449828545962304,-2.7714904065652566
8175,1984,Islamic Rep. of Iran,2.6385035353083324,Asia,0.7538838026481482,-2.7694106112604713
8176,1985,Islamic Rep. of Iran,2.821086547928041,Asia,0.7627790576654513,-2.767302228826382
8177,1986,Islamic Rep. of Iran,2.9034279065604585,Asia,0.7716685278327298,-2.765165274436131
8178,1987,Islamic Rep. of Iran,3.1074912736060147,Asia,0.7805521213734965,-2.7629997635577577
8179,1988,Islamic Rep. of Iran,3.3903159402130134,Asia,0.7894297465511431,-2.7608057119541014
8180,1989,Islamic Rep. of Iran,3.526358184910051,Asia,0.7983013116698476,-2.7585831356827173
8181,1990,Islamic Rep. of Iran,3.2650138727289004,Asia,0.8071667250755812,-2.756332051095758
8182,1991,Islamic Rep. of Iran,3.236373400161103,Asia,0.8160258951570138,-2.754052474839879
8183,1992,Islamic Rep. of Iran,3.383155822071064,Asia,0.8248787303464817,-2.751744423856134
8184,1993,Islamic Rep. of Iran,3.472657298845431,Asia,0.8337251391208932,-2.749407915379867
8185,1994,Islamic Rep. of Iran,4.031146513917479,Asia,0.8425650300027339,-2.7470429669405934
8186,1995,Islamic Rep. of Iran,4.038306632059428,Asia,0.8513983115609722,-2.744649596361887
8187,1996,Islamic Rep. of Iran,3.9022643873623917,Asia,0.8602248924120162,-2.7422278217612646
8188,1997,Islamic Rep. of Iran,4.038306632059428,Asia,0.8690446812206657,-2.7397776615500593
8189,1998,Islamic Rep. of Iran,3.9953459232077333,Asia,0.8778575867010208,-2.7372991344333073
8190,1999,Islamic Rep. of Iran,4.392732480085922,Asia,0.8866635176174827,-2.7347922594096064
8191,2000,Islamic Rep. of Iran,4.342611653092277,Asia,0.8954623827856596,-2.73225705577099
8192,2001,Islamic Rep. of Iran,4.446433366150541,Asia,0.90425409107333,-2.7296935431027958
8193,2002,Islamic Rep. of Iran,4.310391121453504,Asia,0.9130385514013469,-2.7271017412835348
8194,2003,Islamic Rep. of Iran,4.1349682269757455,Asia,0.9218156727446396,-2.7244816704847383
8195,2004,Islamic Rep. of Iran,4.278170589814732,Asia,0.930585364133117,-2.721833351170823
8196,2005,Islamic Rep. of Iran,4.489394075002238,Asia,0.9393475346526208,-2.719156804098945
8197,2006,Islamic Rep. of Iran,4.596795847131478,Asia,0.9481020934458756,-2.7164520503188494
8198,2007,Islamic Rep. of Iran,4.539514901995883,Asia,0.9568489497133931,-2.7137191111727246
8199,2008,Islamic Rep. of Iran,4.596795847131478,Asia,0.9655880127144713,-2.7109580082950373
8200,2009,Islamic Rep. of Iran,4.711357737402667,Asia,0.9743191917680953,-2.7081687636123792
8201,2010,Islamic Rep. of Iran,4.403472657298845,Asia,0.9830423962538991,-2.7053513993433063
8202,2011,Islamic Rep. of Iran,4.3676720665890985,Asia,0.9917575356130655,-2.7025059379981835
8203,2012,Islamic Rep. of Iran,4.596795847131478,Asia,1.0004645193493238,-2.699632402379
8204,2013,Islamic Rep. of Iran,4.883200572809452,Asia,1.009163257029851,-2.6967308155792122
8205,2014,Islamic Rep. of Iran,4.833079745815806,Asia,1.0178536582862199,-2.693801200983567
8206,2015,Islamic Rep. of Iran,4.872460395596527,Asia,1.0265356328153459,-2.690843582267923
8207,2016,Islamic Rep. of Iran,4.489394075002238,Asia,1.0352090903803879,-2.6878579833990845
8208,2017,Islamic Rep. of Iran,4.50729437035711,Asia,1.0438739408117426,-2.6848444286346007
8209,2018,Islamic Rep. of Iran,4.546675020137832,Asia,1.0525300940079418,-2.6818029425225904
8210,2019,Islamic Rep. of Iran,5.1588651212745,Asia,1.061177459936601,-2.6787335499015557
8211,2020,Islamic Rep. of Iran,5.1481249440615775,Asia,1.0698159486353613,-2.6756362759001826
8212,2021,Islamic Rep. of Iran,5.234046361764969,Asia,1.0784454702127892,-2.6725111459371633
8213,2022,Islamic Rep. of Iran,5.1123243533518306,Asia,1.0870659348493679,-2.6693581857209794
8214,2023,Islamic Rep. of Iran,0.0,Asia,1.0956772527983922,-2.666177421249712
8215,1971,Iraq,5.882037053611384,Asia,1.1042793343869228,-2.662968878810834
8216,1972,Iraq,6.318804260270294,Asia,1.1128720900166804,-2.659732584981019
8217,1973,Iraq,6.2149825472120295,Asia,1.1214554301650361,-2.656468566625909
8218,1974,Iraq,5.817595990333841,Asia,1.1300292653859034,-2.653176850899915
8219,1975,Iraq,6.261523315134701,Asia,1.138593506310683,-2.6498574652460034
8220,1976,Iraq,6.633849458516066,Asia,1.1471480636491977,-2.6465104373954675
8221,1977,Iraq,6.8128524120647995,Asia,1.15569284819059,-2.6431357953677286
8222,1978,Iraq,6.551508099883648,Asia,1.1642277708043052,-2.6397335674700817
8223,1979,Iraq,6.329544437483219,Asia,1.1727527424409827,-2.636303782297489
8224,1980,Iraq,5.015662758435514,Asia,1.181267674133405,-2.6328464687323385
8225,1981,Iraq,4.865300277454578,Asia,1.189772476997386,-2.6293616559442303
8226,1982,Iraq,5.05862346728721,Asia,1.1982670622327556,-2.625849373389713
8227,1983,Iraq,6.726930994361407,Asia,1.2067513411242468,-2.6223096508120616
8228,1984,Iraq,7.349861272710999,Asia,1.2152252250424334,-2.6187425182410324
8229,1985,Iraq,8.141054327396402,Asia,1.2236886254446615,-2.615148005992612
8230,1986,Iraq,8.69954354246845,Asia,1.232141453875939,-2.6115261446687885
8231,1987,Iraq,8.248456099525642,Asia,1.2405836219699136,-2.6078769651572715
8232,1988,Iraq,9.247292580327576,Asia,1.249015041449758,-2.6042004986312577
8233,1989,Iraq,10.536113845878457,Asia,1.2574356241291134,-2.6004967765491656
8234,1990,Iraq,6.426206032399534,Asia,1.2658452819129697,-2.5967658306543884
8235,1991,Iraq,14.792804081267338,Asia,1.2742439267986463,-2.593007692975011
8236,1992,Iraq,17.07688176854918,Asia,1.2826314708766715,-2.5892223958235583
8237,1993,Iraq,16.994540409916763,Asia,1.2910078263317126,-2.58540997179672
8238,1994,Iraq,18.26546138011277,Asia,1.2993729054435037,-2.581570453775078
8239,1995,Iraq,17.445627852859573,Asia,1.3077266205877254,-2.5777038749228462
8240,1996,Iraq,15.583997135952742,Asia,1.316068884236978,-2.573810268687569
8241,1997,Iraq,15.154390047435783,Asia,1.3243996089616603,-2.569889668799854
8242,1998,Iraq,8.31647722187416,Asia,1.3327187074309035,-2.5659421092730836
8243,1999,Iraq,4.850980041170679,Asia,1.3410260924134483,-2.5619676244031435
8244,2000,Iraq,6.222142665353978,Asia,1.349321676778615,-2.5579662487681065
8245,2001,Iraq,7.553924639756556,Asia,1.3576053734971771,-2.553938017227958
8246,2002,Iraq,7.682806766311644,Asia,1.3658770956422857,-2.549882964924298
8247,2003,Iraq,3.7733822608073035,Asia,1.3741367563903868,-2.5458011272800323
8248,2004,Iraq,2.620603239953459,Asia,1.382384269022097,-2.5416925399990955
8249,2005,Iraq,2.502461290611295,Asia,1.3906195469231666,-2.5375572390661154
8250,2006,Iraq,2.2804976282108655,Asia,1.3988425035853513,-2.5333952607461248
8251,2007,Iraq,2.0513738476684864,Asia,1.4070530526073306,-2.5292066415842474
8252,2008,Iraq,2.198156269578448,Asia,1.4152511076956211,-2.5249914184053774
8253,2009,Iraq,2.244697037501119,Asia,1.4234365826654483,-2.5207496283138857
8254,2010,Iraq,2.4487604045466753,Asia,1.4316093914417043,-2.5164813086932694
8255,2011,Iraq,2.3556788687013337,Asia,1.4397694480598162,-2.5121864972058496
8256,2012,Iraq,2.2912378054237896,Asia,1.4479166666666674,-2.5078652317924366
8257,2013,Iraq,2.3019779826367133,Asia,1.4560509615214623,-2.5035175506720226
8258,2014,Iraq,2.173095856081625,Asia,1.4641722469966827,-2.49914349234142
8259,2015,Iraq,2.011993197887765,Asia,1.4722804375789516,-2.494743095574948
8260,2016,Iraq,1.9654524299650946,Asia,1.4803754478699416,-2.490316399424091
8261,2017,Iraq,2.237536919359169,Asia,1.4884571925872803,-2.4858634432171525
8262,2018,Iraq,2.298397923565739,Asia,1.4965255865654141,-2.4813842665589356
8263,2019,Iraq,2.3592589277723084,Asia,1.5045805447565566,-2.476878909330365
8264,2020,Iraq,2.5239416450371426,Asia,1.512621982231548,-2.4723474116881596
8265,2021,Iraq,2.7459053074375728,Asia,1.5206498141807678,-2.467789814064471
8266,2022,Iraq,2.9249082609863057,Asia,1.5286639559149906,-2.4632061571665504
8267,2023,Iraq,0.0,Asia,1.5366643228663341,-2.4585964819763593
8268,1971,Jordan,1.0274769533697306,Asia,1.5446508305891113,-2.453960829750232
8269,1972,Jordan,1.0811778394343505,Asia,1.5526233947607326,-2.449299242018506
8270,1973,Jordan,1.328201915331603,Asia,1.5605819311826006,-2.4446117605851523
8271,1974,Jordan,1.4105432739640205,Asia,1.5685263557809652,-2.4398984275274276
8272,1975,Jordan,1.6718875861451714,Asia,1.5764565846078609,-2.4351592851954718
8273,1976,Jordan,1.6504072317193237,Asia,1.5843725338419574,-2.4303943762119515
8274,1977,Jordan,1.6146066410095767,Asia,1.5922741197894639,-2.425603743471677
8275,1978,Jordan,1.6933679405710191,Asia,1.6001612588849745,-2.4207874301412398
8276,1979,Jordan,1.4427638056027925,Asia,1.6080338676924044,-2.415945479658601
8277,1980,Jordan,1.6181867000805514,Asia,1.6158918629058356,-2.411077935732722
8278,1981,Jordan,1.7148482949968673,Asia,1.623735161350406,-2.406184842343176
8279,1982,Jordan,1.8473104806229304,Asia,1.6315636799831972,-2.4012662437397476
8280,1983,Jordan,1.9869327843909426,Asia,1.6393773358940755,-2.3963221844420604
8281,1984,Jordan,2.0406336704555623,Asia,1.6471760463066223,-2.3913527092391496
8282,1985,Jordan,2.1802559742235745,Asia,1.6549597285789737,-2.386357863189079
8283,1986,Jordan,2.2661773919269668,Asia,1.6627283002047129,-2.381337691618533
8284,1987,Jordan,2.327038396133536,Asia,1.6704816788137065,-2.3762922401224276
8285,1988,Jordan,2.1909961514364986,Asia,1.6782197821730305,-2.371221554563473
8286,1989,Jordan,2.4809809361854467,Asia,1.6859425281878035,-2.366125681071781
8287,1990,Jordan,2.717264834869775,Asia,1.693649834902068,-2.3610046660444466
8288,1991,Jordan,2.8926877293475344,Asia,1.7013416204996623,-2.3558585561451255
8289,1992,Jordan,2.8568871386377874,Asia,1.7090178033050578,-2.350687398303637
8290,1993,Jordan,2.7745457800053703,Asia,1.7166783017842722,-2.345491239715507
8291,1994,Jordan,2.7888660162892687,Asia,1.7243230345457001,-2.3402701278415634
8292,1995,Jordan,2.821086547928041,Asia,1.7319519203409959,-2.335024110407499
8293,1996,Jordan,2.831826725140965,Asia,1.739564878065897,-2.3297532354034627
8294,1997,Jordan,2.8640472567797373,Asia,1.7471618267611382,-2.3244575510835905
8295,1998,Jordan,2.8783674930636356,Asia,1.754742685613276,-2.3191371059655927
8296,1999,Jordan,2.792446075360244,Asia,1.762307373955554,-2.3137919488303056
8297,2000,Jordan,3.0072496196187237,Asia,1.7698558112687681,-2.308422128721247
8298,2001,Jordan,2.8246666069990156,Asia,1.7773879171820894,-2.303027694944195
8299,2002,Jordan,2.7387451892956234,Asia,1.7849036114739665,-2.2976086970667
8300,2003,Jordan,2.717264834869775,Asia,1.792402814072944,-2.2921651849176614
8301,2004,Jordan,2.692204421372953,Asia,1.799885445058524,-2.2866972085868693
8302,2005,Jordan,2.656403830663206,Asia,1.8073514246620215,-2.2812048184245373
8303,2006,Jordan,2.4881410543273965,Asia,1.814800673267383,-2.275688065040874
8304,2007,Jordan,2.3914794594110806,Asia,1.822233111412079,-2.2701469993055805
8305,2008,Jordan,2.1014946746621317,Asia,1.8296486597879191,-2.2645816723474104
8306,2009,Jordan,2.090754497449208,Asia,1.8370472392419117,-2.258992135553693
8307,2010,Jordan,1.9905128434619175,Asia,1.8444287707770743,-2.2533784405698847
8308,2011,Jordan,2.0406336704555623,Asia,1.851793175553324,-2.2477406392990624
8309,2012,Jordan,2.287657746352815,Asia,1.8591403748882824,-2.24207878390147
8310,2013,Jordan,2.1945762105074733,Asia,1.8664702902581263,-2.236392926794036
8311,2014,Jordan,2.2804976282108655,Asia,1.8737828432984294,-2.230683120649885
8312,2015,Jordan,2.198156269578448,Asia,1.8810779558049662,-2.22494941839788
8313,2016,Jordan,2.1014946746621317,Asia,1.8883555497345959,-2.2191918732220968
8314,2017,Jordan,2.162355678868701,Asia,1.8956155472060607,-2.213410538561362
8315,2018,Jordan,1.9940929025328917,Asia,1.9028578705008343,-2.207605468108747
8316,2019,Jordan,1.8508905396939048,Asia,1.9100824420639186,-2.2017767158111003
8317,2020,Jordan,1.6754676452161463,Asia,1.9172891845047215,-2.195924335868512
8318,2021,Jordan,1.6683075270741967,Asia,1.9244780205978484,-2.1900483827338357
8319,2022,Jordan,1.7363286494227155,Asia,1.9316488732839383,-2.184148911112185
8320,2023,Jordan,0.0,Asia,1.938801665670494,-2.1782259759604172
8374,1971,Lebanon,0.5978698648527702,Asia,1.9459363210326726,-2.1722796324866556
8375,1972,Lebanon,0.5799695694978967,Asia,1.9530527628141523,-2.166309936149735
8376,1973,Lebanon,0.7124317551239596,Asia,1.9601509146279215,-2.160316942658717
8377,1974,Lebanon,0.698111518840061,Asia,1.9672307002571112,-2.1543007079723617
8378,1975,Lebanon,0.7625525821176049,Asia,1.9742920436557787,-2.1482612882986327
8379,1976,Lebanon,1.6253468182225006,Asia,1.9813348689497705,-2.1421987400941376
8380,1977,Lebanon,0.7804528774724783,Asia,1.9883591004375014,-2.136113120063631
8381,1978,Lebanon,1.013156717085832,Asia,1.9953646625907746,-2.13000448515948
8382,1979,Lebanon,1.0059965989438826,Asia,2.0023514800555993,-2.1238728925811294
8383,1980,Lebanon,1.045377248724604,Asia,2.009319477652966,-2.117718399774594
8384,1981,Lebanon,0.9916763626599839,Asia,2.016268580379702,-2.1115410644318877
8385,1982,Lebanon,1.156359079924819,Asia,2.023198713409239,-2.1053409444905085
8386,1983,Lebanon,1.045377248724604,Asia,2.0301098020924404,-2.0991180981328883
8387,1984,Lebanon,0.7625525821176049,Asia,2.0370017719583635,-2.092872583785878
8388,1985,Lebanon,0.7410722276917568,Asia,2.0438745487151095,-2.0866044601201588
8389,1986,Lebanon,0.8484739998209969,Asia,2.05072805825059,-2.0803137860497225
8390,1987,Lebanon,0.7446522867627315,Asia,2.05756222663333,-2.074000620731316
8391,1988,Lebanon,0.7876129956144275,Asia,2.0643769801132725,-2.0676650235638805
8392,1989,Lebanon,1.3711626241832993,Asia,2.0711722451225363,-2.0613070541880223
8393,1990,Lebanon,1.5823861093708047,Asia,2.077947948276259,-2.0549267724854148
8394,1991,Lebanon,1.4427638056027925,Asia,2.0847040163733497,-2.0485242385782647
8395,1992,Lebanon,1.3711626241832993,Asia,2.091440376397298,-2.0420995128287354
8396,1993,Lebanon,1.883111071332677,Asia,2.0981569555169255,-2.0356526558384083
8397,1994,Lebanon,1.9117515439004746,Asia,2.104853681087216,-2.0291837284476717
8398,1995,Lebanon,2.0728542020943346,Asia,2.11153048065007,-2.02269279173518
8399,1996,Lebanon,2.0692741430233594,Asia,2.118187281935091,-2.01617990701727
8400,1997,Lebanon,2.1516155016557774,Asia,2.124824012860373,-2.009645135847381
8401,1998,Lebanon,2.022733375100689,Asia,2.1314406015332477,-2.0030885400155016
8402,1999,Lebanon,2.1444553835138276,Asia,2.1380369762511053,-1.9965101815475486
8403,2000,Lebanon,1.8974313076165759,Asia,2.1446130655021367,-1.9899101227048073
8404,2001,Lebanon,1.9761926071780187,Asia,2.1511687979661143,-1.9832884259833434
8405,2002,Lebanon,1.9081714848294997,Asia,2.15770410251517,-1.9766451541134025
8406,2003,Lebanon,1.8687908350487783,Asia,2.1642189082145324,-1.9699803700588503
8407,2004,Lebanon,1.7578090038485636,Asia,2.1707131443233405,-1.963294137016534
8408,2005,Lebanon,1.6611474089322475,Asia,2.177186740295374,-1.9565865184157147
8409,2006,Lebanon,1.600286404725678,Asia,2.1836396257798354,-1.9498575779174552
8410,2007,Lebanon,1.317461738118679,Asia,2.1900717306220803,-1.9431073794140459
8411,2008,Lebanon,1.5430054595900833,Asia,2.19648298486442,-1.9363359870283592
8412,2009,Lebanon,1.6575673498612729,Asia,2.2028733187468483,-1.9295434651132701
8413,2010,Lebanon,1.449923923744742,Asia,2.2092426627078074,-1.922729878251041
8414,2011,Lebanon,1.4606641009576657,Asia,2.2155909473849476,-1.9158952912527039
8415,2012,Lebanon,1.6146066410095767,Asia,2.2219181036158475,-1.9090397691574745
8416,2013,Lebanon,1.5286852233061845,Asia,2.228224062438812,-1.902163377232092
8417,2014,Lebanon,1.6217667591515261,Asia,2.2345087550935845,-1.89526618097023
8418,2015,Lebanon,1.7649691219905128,Asia,2.240772113022116,-1.88834824609186
8419,2016,Lebanon,1.797189653629285,Asia,2.247014067869271,-1.8814096385426589
8420,2017,Lebanon,1.883111071332677,Asia,2.2532345514836223,-1.8744504244933369
8421,2018,Lebanon,1.807929830842209,Asia,2.259433495918154,-1.8674706703390382
8422,2019,Lebanon,1.9547122527521705,Asia,2.2656108334310123,-1.860470442698703
8423,2020,Lebanon,2.1587756197977264,Asia,2.2717664964862476,-1.8534498084144282
8424,2021,Lebanon,1.8222500671261077,Asia,2.277900417754519,-1.8464088345508596
8425,2022,Lebanon,1.0740177212924014,Asia,2.2840125301138716,-1.8393475883945087
8426,2023,Lebanon,0.0,Asia,2.2901027666504374,-1.8322661374531426
8480,1971,Qatar,0.4188669113040366,Asia,2.296171060659178,-1.8251645494551254
8481,1972,Qatar,0.40812673409111255,Asia,2.302217345644582,-1.8180428923488043
8482,1973,Qatar,0.4833079745815806,Asia,2.3082415553214344,-1.810901234301815
8483,1974,Qatar,0.4654076792267073,Asia,2.3142436236155084,-1.8037396437004611
8484,1975,Qatar,0.9057549449565917,Asia,2.320223484664294,-1.796558189149056
8485,1976,Qatar,0.554909156001074,Asia,2.326181072817722,-1.7893569394692577
8486,1977,Qatar,0.7231719323368836,Asia,2.332116322638856,-1.7821359636994445
8487,1978,Qatar,0.6229302783495927,Asia,2.3380291689046455,-1.7748953310940085
8488,1979,Qatar,0.9737760673051106,Asia,2.3439195466066107,-1.7676351111227224
8489,1980,Qatar,1.1062382529311734,Asia,2.349787390951567,-1.7603553734700614
8490,1981,Qatar,1.396223037680122,Asia,2.355632637362308,-1.753056188034569
8491,1982,Qatar,1.653987290790298,Asia,2.36145522147835,-1.7457376249281373
8492,1983,Qatar,1.8115098899131834,Asia,2.3672550791566103,-1.7383997544753698
8493,1984,Qatar,1.7399087084936902,Asia,2.3730321464721125,-1.7310426472128981
8494,1985,Qatar,2.0084131388167905,Asia,2.3787863597186996,-1.7236663738886993
8495,1986,Qatar,2.065694083952385,Asia,2.384517655409701,-1.7162710054614494
8496,1987,Qatar,2.0871744383782334,Asia,2.390225970278669,-1.7088566130997926
8497,1988,Qatar,2.065694083952385,Asia,2.3959112412800443,-1.7014232681816934
8498,1989,Qatar,2.0871744383782334,Asia,2.4015734055898577,-1.6939710422937404
8499,1990,Qatar,2.3699991049852325,Asia,2.407212400606423,-1.6865000072304532
8500,1991,Qatar,2.6599838897341805,Asia,2.4128281639509996,-1.6790102349936233
8501,1992,Qatar,2.534681822250067,Asia,2.418420633468517,-1.671501797791574
8502,1993,Qatar,2.702944598585877,Asia,2.4239897472282297,-1.6639747680384982
8503,1994,Qatar,2.7888660162892687,Asia,2.429535443524414,-1.6564292183537452
8504,1995,Qatar,2.9105880247024074,Asia,2.435057660877019,-1.6488652215611568
8505,1996,Qatar,2.928488320057281,Asia,2.4405563380323816,-1.6412828506883137
8506,1997,Qatar,2.4917211133983708,Asia,2.4460314139638766,-1.6336821789658669
8507,1998,Qatar,2.405799695694979,Asia,2.4514828278725935,-1.6260632798268237
8508,1999,Qatar,2.563322294817864,Asia,2.456910519188013,-1.6184262269058314
8509,2000,Qatar,2.2590172737850174,Asia,2.4623144275686535,-1.6107710940385014
8510,2001,Qatar,2.2840776872818402,Asia,2.467694492902767,-1.6030979552606457
8511,2002,Qatar,2.5239416450371426,Asia,2.4730506553089837,-1.5954068848075957
8512,2003,Qatar,2.549002058533966,Asia,2.4783828551369824,-1.5876979571134706
8513,2004,Qatar,2.366419045914258,Asia,2.4836910329681263,-1.5799712468104916
8514,2005,Qatar,2.362838986843283,Asia,2.488975129616156,-1.5722268287282086
8515,2006,Qatar,2.1444553835138276,Asia,2.4942350861278184,-1.5644647778928138
8516,2007,Qatar,2.0764342611653093,Asia,2.4994708437835267,-1.556685169526405
8517,2008,Qatar,1.8866911304036518,Asia,2.5046823440980144,-1.5488880790462518
8518,2009,Qatar,1.707688176854918,Asia,2.509869528820961,-1.5410735820640988
8519,2010,Qatar,1.6790477042871208,Asia,2.515032339937673,-1.5332417543853838
8520,2011,Qatar,1.707688176854918,Asia,2.5201707196697005,-1.525392672008536
8521,2012,Qatar,1.8150899489841583,Asia,2.525284610475493,-1.5175264111242253
8522,2013,Qatar,1.750648885706614,Asia,2.5303739550510134,-1.5096430481146572
8523,2014,Qatar,1.797189653629285,Asia,2.5354386963304085,-1.5017426595527807
8524,2015,Qatar,1.7828694173453863,Asia,2.5404787774866215,-1.4938253222015814
8525,2016,Qatar,1.772129240132462,Asia,2.5454941419320267,-1.4858911130133265
8526,2017,Qatar,1.8437304215519557,Asia,2.5504847333190654,-1.4779401091288116
8527,2018,Qatar,1.7936095945583101,Asia,2.5554504955408537,-1.469972387876646
8528,2019,Qatar,1.8508905396939048,Asia,2.5603913727318353,-1.461988026772449
8529,2020,Qatar,1.8616307169068291,Asia,2.565307309268385,-1.4539871035181333
8530,2021,Qatar,1.8687908350487783,Asia,2.5701982497694384,-1.445969696001131
8531,2022,Qatar,1.8974313076165759,Asia,2.5750641390970883,-1.4379358822936734
8532,2023,Qatar,0.0,Asia,2.5799049223572323,-1.429885740651978
8533,1971,Saudi Arabia,0.3007249619618724,Asia,2.584720544900164,-1.4218193495155238
8534,1972,Saudi Arabia,0.2756645484650497,Asia,2.5895109523211874,-1.4137367875062776
8535,1973,Saudi Arabia,0.272084489394075,Asia,2.5942760904612334,-1.4056381334279215
8536,1974,Saudi Arabia,0.26850443032310034,Asia,2.5990159054074424,-1.3975234662651215
8537,1975,Saudi Arabia,0.32936543452966976,Asia,2.603730343493798,-1.389392865182704
8538,1976,Saudi Arabia,0.3222053163877204,Asia,2.608419351301709,-1.3812464095249202
8539,1977,Saudi Arabia,0.39738655687818847,Asia,2.6130828756606186,-1.3730841788146553
8540,1978,Saudi Arabia,0.6444106327754408,Asia,2.6177208636485783,-1.364906252752691
8541,1979,Saudi Arabia,0.805513290969301,Asia,2.622333262592872,-1.3567127112168709
8542,1980,Saudi Arabia,1.0274769533697306,Asia,2.6269200200705893,-1.3485036342613606
8543,1981,Saudi Arabia,1.1456189027118948,Asia,2.6314810839092164,-1.3402791021158555
8544,1982,Saudi Arabia,1.6038664637966527,Asia,2.6360164021872294,-1.3320391951847899
8545,1983,Saudi Arabia,2.054953906739461,Asia,2.640525923234658,-1.3237839940465874
8546,1984,Saudi Arabia,1.875950953190728,Asia,2.6450095956336965,-1.3155135794528212
8547,1985,Saudi Arabia,2.0871744383782334,Asia,2.649467368219262,-1.3072280323274583
8548,1986,Saudi Arabia,1.7936095945583101,Asia,2.6538991900795783,-1.2989274337660632
8549,1987,Saudi Arabia,2.1122348518750558,Asia,2.658305010556752,-1.2906118650349934
8550,1988,Saudi Arabia,1.9833527253199679,Asia,2.6626847792473267,-1.282281407570643
8551,1989,Saudi Arabia,1.9905128434619175,Asia,2.6670384460028806,-1.27393614297859
8552,1990,Saudi Arabia,1.8902711894746262,Asia,2.671365960930572,-1.265576153032835
8553,1991,Saudi Arabia,1.7112682359258926,Asia,2.6756672743937173,-1.2572015196749824
8554,1992,Saudi Arabia,1.7864494764163608,Asia,2.679942337012328,-1.248812325013475
8555,1993,Saudi Arabia,1.9189116620424238,Asia,2.684191099663702,-1.2404086513227348
8556,1994,Saudi Arabia,2.033473552313613,Asia,2.6884135134829616,-1.2319905810423937
8557,1995,Saudi Arabia,2.0155732569587395,Asia,2.692609529863609,-1.2235581967764755
8558,1996,Saudi Arabia,2.0871744383782334,Asia,2.696779100458085,-1.2151115812925788
8559,1997,Saudi Arabia,2.0871744383782334,Asia,2.700922177178299,-1.2066508175211015
8560,1998,Saudi Arabia,2.169515797010651,Asia,2.7050387121962034,-1.1981759885543708
8561,1999,Saudi Arabia,2.316298218920612,Asia,2.7091286579443157,-1.1896871776458668
8562,2000,Saudi Arabia,2.273337510068916,Asia,2.7131919671162756,-1.1811844682093862
8563,2001,Saudi Arabia,2.33777857334646,Asia,2.717228592667359,-1.1726679438182601
8564,2002,Saudi Arabia,2.577642531101763,Asia,2.721238487815046,-1.1641376882044783
8565,2003,Saudi Arabia,2.416539872907903,Asia,2.725221606039533,-1.155593785257904
8566,2004,Saudi Arabia,2.373579164056207,Asia,2.72917790108427,-1.1470363190254387
8567,2005,Saudi Arabia,2.366419045914258,Asia,2.733107326956494,-1.1384653737101895
8568,2006,Saudi Arabia,2.4487604045466753,Asia,2.7370098379277352,-1.129881033670677
8569,2007,Saudi Arabia,2.534681822250067,Asia,2.74088538853437,-1.1212833834199498
8570,2008,Saudi Arabia,2.6062830036695606,Asia,2.7447339335781193,-1.11267250762479
8571,2009,Saudi Arabia,2.7745457800053703,Asia,2.748555428126579,-1.1040484911048627
8572,2010,Saudi Arabia,2.9105880247024074,Asia,2.752349827513719,-1.0954114188319186
8573,2011,Saudi Arabia,2.7244249530117246,Asia,2.7561170873404164,-1.0867613759288997
8574,2012,Saudi Arabia,2.756645484650497,Asia,2.759857163474955,-1.0780984476691398
8575,2013,Saudi Arabia,2.7351651302246487,Asia,2.7635700120535307,-1.0694227194755148
8576,2014,Saudi Arabia,2.831826725140965,Asia,2.7672555894807678,-1.0607342769195913
8577,2015,Saudi Arabia,2.842566902353889,Asia,2.770913852430198,-1.0520332057208222
8578,2016,Saudi Arabia,2.7709657209343956,Asia,2.7745447578447897,-1.043319591745643
8579,2017,Saudi Arabia,2.710104716727826,Asia,2.778148262937425,-1.0345935210066646
8580,2018,Saudi Arabia,2.5096214087532442,Asia,2.781724325191403,-1.0258550796618033
8581,2019,Saudi Arabia,2.4809809361854467,Asia,2.785272902360918,-1.0171043540134737
8582,2020,Saudi Arabia,2.531101763179092,Asia,2.788793952471569,-1.0083414305076737
8583,2021,Saudi Arabia,2.4774008771144724,Asia,2.792287433820831,-0.9995663957331739
8584,2022,Saudi Arabia,2.4380202273337512,Asia,2.795753304978544,-0.9907793364206501
8585,2023,Saudi Arabia,0.0,Asia,2.7991915247873957,-0.981980339441819
8639,1971,United Arab Emirates,0.3615859661684418,Asia,2.802602052363386,-0.9731694918086172
8640,1972,United Arab Emirates,0.32936543452966976,Asia,2.8059848470963256,-0.964346880672284
8641,1973,United Arab Emirates,0.22554372147140428,Asia,2.80933986865029,-0.9555125933225377
8642,1974,United Arab Emirates,0.20406336704555628,Asia,2.8126670769641025,-0.9466667171866939
8643,1975,United Arab Emirates,0.282824666606999,Asia,2.815966432251784,-0.9378093398288403
8644,1976,United Arab Emirates,0.31146513917479635,Asia,2.819237895003038,-0.9289405489489097
8645,1977,United Arab Emirates,0.42960708851696056,Asia,2.8224814259837023,-0.920060432381853
8646,1978,United Arab Emirates,0.5012082699364541,Asia,2.8256969862362067,-0.9111690780967597
8647,1979,United Arab Emirates,0.49046809272353,Asia,2.828884537080037,-0.9022665741959767
8648,1980,United Arab Emirates,0.6623109281303141,Asia,2.8320440401121725,-0.8933530089142754
8649,1981,United Arab Emirates,0.7446522867627315,Asia,2.8351754572075607,-0.8844284706179183
8650,1982,United Arab Emirates,0.8806945314597691,Asia,2.8382787505195473,-0.8754930478038228
8651,1983,United Arab Emirates,0.8985948268146425,Asia,2.8413538824803273,-0.8665468290986744
8652,1984,United Arab Emirates,1.109818312002148,Asia,2.8444008158013934,-0.8575899032580383
8653,1985,United Arab Emirates,1.270920970196008,Asia,2.847419513473957,-0.8486223591655184
8654,1986,United Arab Emirates,1.7685491810614875,Asia,2.850409938769413,-0.8396442858318165
8655,1987,United Arab Emirates,1.8580506578358544,Asia,2.8533720552397512,-0.8306557723938884
8656,1988,United Arab Emirates,1.96187237089412,Asia,2.8563058267180046,-0.8216569081140405
8657,1989,United Arab Emirates,1.9368119573972973,Asia,2.859211217318657,-0.8126477823790825
8658,1990,United Arab Emirates,1.5644858140159312,Asia,2.8620881914380933,-0.8036284846993802
8659,1991,United Arab Emirates,1.7470688266356393,Asia,2.8649367137550086,-0.794599104708007
8660,1992,United Arab Emirates,1.6181867000805514,Asia,2.8677567492308302,-0.7855597321598426
8661,1993,United Arab Emirates,1.7005280587129687,Asia,2.8705482631101407,-0.7765104569306723
8662,1994,United Arab Emirates,1.7434887675646649,Asia,2.8733112209210785,-0.7674513690163325
8663,1995,United Arab Emirates,1.7327485903517406,Asia,2.87604558847577,-0.758382558531757
8664,1996,United Arab Emirates,1.7184283540678422,Asia,2.8787513318707236,-0.7493041157101199
8665,1997,United Arab Emirates,1.6683075270741967,Asia,2.881428417487246,-0.740216130901919
8666,1998,United Arab Emirates,1.6897878815000447,Asia,2.8840768119918323,-0.7311186945741169
8667,1999,United Arab Emirates,1.6754676452161463,Asia,2.886696482336581,-0.7220118973091797
8668,2000,United Arab Emirates,1.4785643963125392,Asia,2.8892873957595855,-0.7128958298042165
8669,2001,United Arab Emirates,1.6933679405710191,Asia,2.8918495197853265,-0.7037705828700653
8670,2002,United Arab Emirates,1.68620782242907,Asia,2.8943828222250727,-0.6946362474303798
8671,2003,United Arab Emirates,1.6181867000805514,Asia,2.8968872711772544,-0.6854929145207634
8672,2004,United Arab Emirates,1.5716459321578808,Asia,2.899362835027868,-0.6763406752878013
8673,2005,United Arab Emirates,1.5859661684417792,Asia,2.9018094824508496,-0.667179620988193
8674,2006,United Arab Emirates,1.4964646916674123,Asia,2.904227182408458,-0.6580098429878218
8675,2007,United Arab Emirates,1.5644858140159312,Asia,2.9066159041516464,-0.648831432760886
8676,2008,United Arab Emirates,1.7864494764163608,Asia,2.908975617220448,-0.6396444818889231
8677,2009,United Arab Emirates,1.9117515439004746,Asia,2.911306291444342,-0.6304490820599393
8678,2010,United Arab Emirates,1.8902711894746262,Asia,2.9136078969426222,-0.6212453250674828
8679,2011,United Arab Emirates,1.8329902443390318,Asia,2.9158804041247683,-0.6120333028097182
8680,2012,United Arab Emirates,1.8938512485456012,Asia,2.9181237836907963,-0.6028131072885504
8681,2013,United Arab Emirates,1.8974313076165759,Asia,2.9203380066316362,-0.5935848306086435
8682,2014,United Arab Emirates,1.8258301261970822,Asia,2.922523044229479,-0.584348564976543
8683,2015,United Arab Emirates,1.7936095945583101,Asia,2.9246788680581366,-0.5751044026997325
8684,2016,United Arab Emirates,1.7578090038485636,Asia,2.926805449983383,-0.565852436185755
8685,2017,United Arab Emirates,1.664727468003222,Asia,2.9289027621633164,-0.5565927579412252
8686,2018,United Arab Emirates,1.4821444553835137,Asia,2.9309707770486995,-0.5473254605709472
8687,2019,United Arab Emirates,1.5716459321578808,Asia,2.9330094673833,-0.5380506367769777
8688,2020,United Arab Emirates,1.636086995435425,Asia,2.9350188062042366,-0.5287683793576891
8689,2021,United Arab Emirates,1.600286404725678,Asia,2.936998766842305,-0.5194787812068816
8690,2022,United Arab Emirates,1.4391837465318178,Asia,2.938949322922327,-0.5101819353127928
8691,2023,United Arab Emirates,0.0,Asia,2.9408704483634716,-0.5008779347572071
8692,1971,Yemen,0.7518124049046809,Asia,2.942762117379584,-0.49156687271451466
8693,1972,Yemen,0.8377338226080732,Asia,2.944624304479517,-0.4822488424507676
8694,1973,Yemen,0.970196008234136,Asia,2.946456984467442,-0.47292393732278715
8695,1974,Yemen,0.8985948268146425,Asia,2.9482601324431825,-0.4635922507771667
8696,1975,Yemen,0.7732927593305289,Asia,2.9500337238025196,-0.45425387634937653
8697,1976,Yemen,0.8448939407500223,Asia,2.951777734237512,-0.4449089076628059
8698,1977,Yemen,0.7732927593305289,Asia,2.953492139736799,-0.4355574384278659
8699,1978,Yemen,0.6802112234851875,Asia,2.9551769165859176,-0.4261995624409878
8700,1979,Yemen,0.6945314597690861,Asia,2.9568320413676012,-0.4168353735837232
8701,1980,Yemen,0.8771144723887945,Asia,2.958457490962081,-0.40746496582179287
8702,1981,Yemen,0.7267519914078582,Asia,2.960053242547388,-0.3980884332041325
8703,1982,Yemen,0.7768728184015037,Asia,2.9616192735996427,-0.38870586986199146
8704,1983,Yemen,0.8305737044661238,Asia,2.9631555618933554,-0.37931737000792476
8705,1984,Yemen,0.826993645395149,Asia,2.964662085501708,-0.36992302793488874
8706,1985,Yemen,0.8556341179629463,Asia,2.96613882279685,-0.36052293801527363
8707,1986,Yemen,0.8771144723887945,Asia,2.9675857524501703,-0.3511171946999976
8708,1987,Yemen,0.9308153584534146,Asia,2.9690028534325865,-0.34170589251749395
8709,1988,Yemen,0.9522957128792625,Asia,2.9703901050148223,-0.33228912607280436
8710,1989,Yemen,0.9594558310212119,Asia,2.971747486767676,-0.32286699004661645
8711,1990,Yemen,0.9415555356663385,Asia,2.9730749785623,-0.313439579194302
8712,1991,Yemen,1.1456189027118948,Asia,2.97437256057046,-0.30400698834500584
8713,1992,Yemen,1.1456189027118948,Asia,2.97564021326481,-0.294569312400629
8714,1993,Yemen,0.9737760673051106,Asia,2.9768779174191486,-0.2851266463349159
8715,1994,Yemen,0.9558757719502373,Asia,2.9780856541086815,-0.2756790851924779
8716,1995,Yemen,1.045377248724604,Asia,2.979263404710275,-0.2662267240878785
8717,1996,Yemen,1.0238968942987559,Asia,2.980411150902712,-0.25676965820461267
8718,1997,Yemen,1.045377248724604,Asia,2.9815288746669424,-0.24730798279419067
8719,1998,Yemen,1.0704376622214267,Asia,2.9826165582863284,-0.23784179317516793
8720,1999,Yemen,1.1527790208538442,Asia,2.9836741843468912,-0.22837118473217463
8721,2000,Yemen,1.1527790208538442,Asia,2.9847017357375476,-0.21889625291499645
8722,2001,Yemen,1.2064799069184642,Asia,2.985699195650355,-0.20941709323754962
8723,2002,Yemen,1.163519198066768,Asia,2.9866665475807417,-0.19993380127695992
8724,2003,Yemen,1.2995614427638056,Asia,2.98760377532774,-0.1904464726725782
8725,2004,Yemen,1.3246218562606282,Asia,2.988510862994215,-0.18095520312505817
8726,2005,Yemen,1.3210417971896535,Asia,2.9893877949870906,-0.1714600883953273
8727,2006,Yemen,1.2852412064799068,Asia,2.990234556017575,-0.16196122430366341
8728,2007,Yemen,1.317461738118679,Asia,2.9910511311013757,-0.15245870672871673
8729,2008,Yemen,1.3496822697574509,Asia,2.9918375055589195,-0.1429526316065318
8730,2009,Yemen,1.4356036874608433,Asia,2.992593665015564,-0.1334430949296213
8731,2010,Yemen,1.270920970196008,Asia,2.993319595401811,-0.12393019274593303
8732,2011,Yemen,1.2888212655508815,Asia,2.994015282953512,-0.11441402115792225
8733,2012,Yemen,1.1527790208538442,Asia,2.9946807142120724,-0.10489467632155963
8734,2013,Yemen,1.492884632596438,Asia,2.995315876024654,-0.09537225444540218
8735,2014,Yemen,1.4714042781705896,Asia,2.9959207555443714,-0.08584685178955709
8736,2015,Yemen,0.9666159491631612,Asia,2.99649534023049,-0.07631856466475118
8737,2016,Yemen,0.8305737044661238,Asia,2.997039617848614,-0.06678748943134652
8738,2017,Yemen,0.7589725230466303,Asia,2.9975535764708807,-0.0572537224983553
8739,2018,Yemen,0.9487156538082879,Asia,2.9980372044761396,-0.04771736032250711
8740,2019,Yemen,0.9164951221695159,Asia,2.9984904905501417,-0.038178499407209354
8741,2020,Yemen,0.8735344133178197,Asia,2.9989134236857153,-0.02863723630161307
8742,2021,Yemen,0.8520540588919717,Asia,2.9993059931829427,-0.019093667599625202
8743,2022,Yemen,0.8520540588919717,Asia,2.9996681886493346,-0.009547889938919961
8744,2023,Yemen,0.0,Asia,3.0,-2.9391523179536475e-15
